# Host: 127.0.0.1  (Version 5.5.23)
# Date: 2017-04-19 10:19:28
# Generator: MySQL-Front 6.0  (Build 1.124)


#
# Structure for table "currencies"
#

CREATE TABLE `currencies` (
  `Id` int(11) NOT NULL DEFAULT '0',
  `code` varchar(5) NOT NULL DEFAULT '',
  PRIMARY KEY (`Id`),
  UNIQUE KEY `code` (`code`)
) ENGINE=InnoDB DEFAULT CHARSET=utf8;

#
# Data for table "currencies"
#

REPLACE INTO `currencies` VALUES (840,'USD'),(933,'BYN'),(974,'BYR'),(978,'EUR');

#
# Structure for table "exchange"
#

CREATE TABLE `exchange` (
  `Id` int(11) NOT NULL AUTO_INCREMENT,
  `act_date` date NOT NULL DEFAULT '0000-00-00',
  `first_curr_id` int(11) NOT NULL DEFAULT '0',
  `second_curr_id` int(11) NOT NULL DEFAULT '0',
  `bid` decimal(12,4) NOT NULL DEFAULT '0.0000',
  `ask` decimal(12,4) NOT NULL DEFAULT '0.0000',
  PRIMARY KEY (`Id`),
  UNIQUE KEY `act_date` (`act_date`,`first_curr_id`,`second_curr_id`),
  KEY `first_curr_id` (`first_curr_id`),
  KEY `second_curr_id` (`second_curr_id`),
  CONSTRAINT `exchange_ibfk_1` FOREIGN KEY (`first_curr_id`) REFERENCES `currencies` (`Id`),
  CONSTRAINT `exchange_ibfk_2` FOREIGN KEY (`second_curr_id`) REFERENCES `currencies` (`Id`)
) ENGINE=InnoDB AUTO_INCREMENT=60 DEFAULT CHARSET=utf8;

#
# Data for table "exchange"
#

REPLACE INTO `exchange` VALUES (1,'2016-01-01',974,840,19370.0000,19440.0000),(2,'2016-01-15',974,840,19900.0000,19950.0000),(3,'2016-01-16',974,840,20300.0000,20450.0000),(4,'2016-01-19',974,840,20500.0000,20680.0000),(5,'2016-01-23',974,840,21050.0000,21260.0000),(6,'2016-01-27',974,840,21290.0000,21390.0000),(7,'2016-01-30',974,840,20800.0000,20950.0000),(8,'2016-02-03',974,840,21600.0000,21650.0000),(9,'2016-02-03',974,978,23600.0000,23600.0000),(10,'2016-02-03',840,978,1.0910,1.0910),(11,'2016-02-11',974,840,22000.0000,22080.0000),(13,'2016-02-11',974,978,24870.0000,25000.0000),(14,'2016-02-11',840,978,1.1350,1.1350),(15,'2016-02-16',974,840,21770.0000,21830.0000),(16,'2016-02-16',974,978,24300.0000,24370.0000),(17,'2016-02-16',840,978,1.1157,1.1157),(18,'2016-03-02',974,840,21230.0000,21290.0000),(19,'2016-03-02',974,978,23070.0000,23150.0000),(20,'2016-03-02',840,978,1.0873,1.0873),(21,'2016-03-04',974,840,21170.0000,21250.0000),(22,'2016-03-04',974,978,23180.0000,23270.0000),(23,'2016-03-04',840,978,1.1031,1.1031),(24,'2016-03-10',974,840,20780.0000,20850.0000),(25,'2016-03-10',974,978,22800.0000,22830.0000),(26,'2016-03-10',840,978,1.0954,1.0954),(27,'2016-03-22',974,840,20200.0000,20250.0000),(28,'2016-03-22',974,978,22930.0000,22800.0000),(29,'2016-03-22',840,978,1.1259,1.1259),(30,'2016-03-25',974,840,20180.0000,20240.0000),(31,'2016-03-25',974,978,22550.0000,22620.0000),(32,'2016-03-25',840,978,1.1167,1.1167),(33,'2016-03-31',974,840,20080.0000,20120.0000),(34,'2016-03-31',974,978,22780.0000,22850.0000),(35,'2016-03-31',840,978,1.1406,1.1406),(36,'2016-04-11',974,840,19915.0000,20000.0000),(37,'2016-04-11',974,978,22710.0000,22790.0000),(38,'2016-04-11',840,978,1.1390,1.1390),(39,'2016-05-05',974,840,19330.0000,19400.0000),(40,'2016-05-05',974,978,22200.0000,22300.0000),(41,'2016-05-05',840,978,1.1490,1.1490),(42,'2016-05-20',974,840,19550.0000,19610.0000),(43,'2016-05-20',974,978,21920.0000,22030.0000),(44,'2016-05-20',840,978,1.1220,1.1220),(45,'2016-06-20',974,840,19710.0000,19800.0000),(46,'2016-06-20',974,978,22350.0000,22470.0000),(47,'2016-06-20',840,978,1.1326,1.1326),(48,'2015-07-01',974,933,10000.0000,10000.0000),(49,'2015-07-01',933,840,2.0100,2.0200),(50,'2015-07-01',933,978,2.2300,2.2400),(51,'2016-07-08',933,840,2.0080,2.0130),(52,'2016-07-08',933,978,2.2240,2.2280),(53,'2016-07-08',840,978,1.1062,1.1062),(54,'2016-08-05',933,840,1.9840,1.9860),(55,'2016-08-05',933,978,2.2100,2.2160),(56,'2016-08-05',840,978,1.1135,1.1135),(57,'2016-09-15',933,840,1.9530,1.9560),(58,'2016-09-15',933,978,2.1940,2.1980),(59,'2016-09-15',840,978,1.1220,1.1220);

#
# Structure for table "fin_account_types"
#

CREATE TABLE `fin_account_types` (
  `Id` int(11) NOT NULL AUTO_INCREMENT,
  `note` varchar(255) DEFAULT NULL,
  PRIMARY KEY (`Id`)
) ENGINE=InnoDB AUTO_INCREMENT=4 DEFAULT CHARSET=utf8;

#
# Data for table "fin_account_types"
#

REPLACE INTO `fin_account_types` VALUES (1,'наличные'),(2,'безналичные'),(3,'обязательства');

#
# Structure for table "languages"
#

CREATE TABLE `languages` (
  `lang_code` varchar(4) NOT NULL DEFAULT '',
  `self_name` varchar(255) NOT NULL DEFAULT '',
  PRIMARY KEY (`lang_code`)
) ENGINE=InnoDB DEFAULT CHARSET=utf8;

#
# Data for table "languages"
#

REPLACE INTO `languages` VALUES ('by','Беларуская'),('en','English'),('ru','Русский');

#
# Structure for table "sections"
#

CREATE TABLE `sections` (
  `Id` int(11) NOT NULL AUTO_INCREMENT,
  `section_name` varchar(30) NOT NULL DEFAULT '',
  PRIMARY KEY (`Id`)
) ENGINE=InnoDB AUTO_INCREMENT=5 DEFAULT CHARSET=utf8;

#
# Data for table "sections"
#

REPLACE INTO `sections` VALUES (1,'Carry Down'),(2,'Income'),(3,'Expense'),(4,'Currency Exchange');

#
# Structure for table "article_types"
#

CREATE TABLE `article_types` (
  `Id` int(11) NOT NULL AUTO_INCREMENT,
  `section_id` int(11) NOT NULL DEFAULT '0',
  `type` varchar(30) NOT NULL DEFAULT '',
  `is_fixed` tinyint(3) NOT NULL DEFAULT '0',
  `order_num` int(11) DEFAULT NULL,
  PRIMARY KEY (`Id`),
  KEY `section_id` (`section_id`),
  CONSTRAINT `article_types_ibfk_1` FOREIGN KEY (`section_id`) REFERENCES `sections` (`Id`)
) ENGINE=InnoDB AUTO_INCREMENT=4 DEFAULT CHARSET=utf8;

#
# Data for table "article_types"
#

REPLACE INTO `article_types` VALUES (1,3,'Typical Expenses',1,1),(3,3,'Liabilities',1,2);

#
# Structure for table "translations"
#

CREATE TABLE `translations` (
  `lid` int(11) NOT NULL DEFAULT '0',
  `lang_code` varchar(4) NOT NULL DEFAULT '',
  `value` varchar(255) NOT NULL DEFAULT '',
  PRIMARY KEY (`lid`,`lang_code`),
  KEY `lang_code` (`lang_code`),
  CONSTRAINT `translations_ibfk_1` FOREIGN KEY (`lang_code`) REFERENCES `languages` (`lang_code`)
) ENGINE=InnoDB DEFAULT CHARSET=utf8;

#
# Data for table "translations"
#

REPLACE INTO `translations` VALUES (1,'ru','месячные проездные'),(2,'ru','расходы на питание'),(3,'ru','междугородние поездки'),(4,'ru','домашний интернет'),(5,'ru','моб. телефон +375297776711 Cаша'),(6,'ru','моб. телефон +375297620231 Ира'),(7,'ru','алкоголь'),(8,'ru','общие бытовые расходы'),(9,'ru','перенос остатков'),(10,'ru','основная часть зарплаты SC'),(11,'ru','банковские комиссии и т.п.'),(12,'ru','развлечения, кино, концерты и т.д.'),(13,'ru','разовые поездки'),(14,'ru','моб. телефон +375297675714 Игорь'),(15,'ru','аренда квартиры'),(16,'ru','моб. телефон +375333526061 планшет'),(17,'ru','коммунальная квартплата'),(18,'ru','электроэнергия'),(19,'ru','квартирный телефон'),(20,'ru','садик - питание Марта'),(21,'ru','садик - кружки Марта'),(22,'ru','секция Тэйквандо Игорь'),(23,'ru','бензин'),(24,'ru','рассрочка смартфон МТС'),(25,'ru','кредит от Шимко Н.'),(26,'ru','доход ИП'),(27,'ru','залог Шорина на ДР Диме'),(28,'ru','подарок Вове на ДР, веб камера'),(29,'ru','выручка от разработки ПО'),(30,'ru','комиссия за обслуживания счёта БСБ Банк'),(31,'ru','начисленные проценты по остаткам рс БСБ Банк'),(32,'ru','мелкие расходы'),(33,'ru','инвестиции ИП'),(34,'ru','на карманные расходы членам семьи'),(35,'ru','аванс SC'),(36,'ru','начисление процентов банком по остаткам'),(37,'ru','билеты концерт Brutto Белосток 2 шт.'),(38,'ru','такси'),(39,'ru','перевоз авто в СТО'),(40,'ru','карты памяти microSD 16Гб 2 шт.'),(41,'ru','аккумулятор для телефона Иры'),(42,'en','Typical Expenses'),(43,'en','Liabilities'),(44,'en','Gifts'),(45,'en','Investition'),(46,'en','Travels'),(47,'en','Single Purchases'),(48,'en','Transport'),(49,'en','Education'),(50,'en','Car Expenses'),(51,'en','Finances Services'),(52,'en','Communication'),(53,'en','Rent'),(54,'en','Entertainment'),(55,'en','Household'),(56,'en','Food'),(57,'en','Incidentals'),(58,'ru','хамут на глушитель авто'),(59,'ru','новый аккумулятор авто'),(60,'ru','ремонт электропроводки авто'),(61,'en','Liabilities'),(62,'en','Gifts'),(63,'en','Investition'),(64,'en','Travels'),(66,'en','Car Service&Repair'),(67,'ru','коробка передач для замены в авто'),(68,'en','Electronics&Accessories'),(69,'ru','защитный чехол на Huawei P8'),(70,'ru','кабель microUSB'),(71,'ru','держатель телефона в авто'),(72,'ru','расходные части\\жидкости'),(73,'en','Clothes'),(74,'ru','джинсы Ире 3 пары'),(75,'ru','замена коробки передач СТО'),(76,'ru','ремонт печки и радиатора'),(77,'ru','новый радиатор'),(78,'en','Different'),(79,'ru','ремонт швейной машины Иры'),(80,'ru','на работе ДР Белецкий'),(81,'en','Different'),(82,'ru','от Вовы'),(83,'ru','ДР Вити'),(84,'ru','подарки на 8 марта'),(85,'ru','на работе ДР Рагойша'),(86,'ru','страховка поездка в Польшу 5 дней 2 чел.'),(87,'ru','Варшава - Белосток'),(88,'ru','билеты электричка Барановичи - Брест 2 шт.'),(89,'ru','билеты поезд Брест - Тересполь 2 шт.'),(90,'ru','билеты поезд Тересполь - Варшава 2 шт.'),(91,'ru','жильё AirBNB Варшава 1 ночь, 2 чел.'),(92,'ru','билеты автобус Варшава - Белосток 2 шт.'),(93,'ru','жильё noclegi PKS Белосток 1 ночь 2 чел.'),(94,'ru','билеты автобус Белосток - Гродно 2 шт.'),(95,'ru','питание, развлечение, разное'),(96,'ru','подарки из поездки в Польшу'),(97,'ru','расходы на бензин Минск - Несвиж'),(98,'ru','расходы на роуминг'),(99,'ru','билет автобус Гродно - Минск 2 шт.'),(100,'ru','штаны Игорю'),(101,'ru','родительский коммитет'),(102,'ru','кроссовки Марте'),(103,'ru','ремень Ира'),(104,'ru','рюкзак Ира'),(105,'ru','апгред компа память ddr3 16Gb'),(106,'ru','апгрейд компа мамка 1150'),(107,'ru','апгрейд компа проц i5-4460'),(108,'ru','апгрейд компа кулер для проц'),(109,'ru','Литва - Польша - Кос Греция'),(110,'ru','билеты RyanAir Варшава - Тенерифе 4 шт.'),(111,'ru','билеты RyanAir Тенерифе - Краков 4 шт.'),(112,'ru','билеты RyanAir Краков - Кос - Краков 2 шт.'),(113,'ru','билеты автобус Ecolines Вильнюс - Варшава - Вильнюс 2 шт.'),(114,'ru','билеты автобус Минск - Вильнюс 2 шт.'),(115,'ru','билеты автобус PolskiBus Варшава - Краков - Варшава 2 шт.'),(116,'ru','билеты Автобус Вильнюс - Минск 2 шт.'),(117,'ru','на работе ДР Орлова'),(118,'ru','на работе ДР Обносова'),(119,'ru','сладости в садик ДР Марты'),(120,'ru','страховка 12 дней 2 шт.'),(121,'ru','хостел Краков 1 ночь'),(122,'ru','апартаменты Кос 7 ночей'),(123,'ru','питание, экскурсии, прочее'),(124,'ru','ДР Марты'),(125,'ru','ДР мамы, подарок кровать'),(126,'ru','ДР Игоря'),(127,'ru','безнадёжный долг'),(128,'ru','шенген виза Саша, Ира'),(129,'ru','Наташа Крассовская, взял в долг'),(130,'ru','ДР Костика'),(131,'ru','ДР Нины'),(132,'ru','ДР Жданов'),(133,'ru','Замена паспортов детям'),(134,'ru','долг от Шимко на покупку авто'),(135,'ru','Слава Жилко на свадьбу'),(136,'ru','Медицинская водительская справка'),(137,'ru','Hyundai Accent Style 2016 '),(138,'ru','лизинг Hyandai Accent'),(139,'ru','постановка на учёт в ГАИ Hyundai'),(140,'ru','Транспортный налог и ТО'),(141,'ru','Страховка автогражданка на год'),(142,'ru','Вильнюс - Паланга'),(143,'ru','страховка Зелёная карта, 1 мес'),(144,'ru','страховки детям на визу, 5 дн.'),(145,'ru','беспроводная мышь'),(146,'ru','огнетушитель и аптечка для ТО'),(147,'ru','бензин авто Минск - Паланга - Минск'),(148,'ru','проживание 2 чел. хостел + кемпинг'),(149,'ru','питание 2 чел. 2 дня.'),(150,'ru','аренда квартиры Тенерифе AirBnB 11 дней за 4 чел'),(151,'ru','автобус PolskiBus Краков-Варшава 4 билета'),(152,'ru','сборы детей в школу'),(153,'ru','ремонт сантехники в кухне'),(154,'ru','Возвращение авто из Варшавы'),(155,'ru','Пребывание и возвращение из Испании'),(156,'ru','долг Егору Зубкову'),(157,'ru','ДР Зои Константиновны'),(158,'ru','от Мамы'),(159,'ru','от Зои Константиновны'),(160,'ru','ДР Иры');

#
# Structure for table "travels"
#

CREATE TABLE `travels` (
  `Id` int(11) NOT NULL AUTO_INCREMENT,
  `lid` int(11) NOT NULL DEFAULT '0',
  `begin` date NOT NULL DEFAULT '0000-00-00',
  `end` date NOT NULL DEFAULT '0000-00-00',
  `notes` varchar(255) DEFAULT NULL,
  PRIMARY KEY (`Id`),
  KEY `lid` (`lid`),
  CONSTRAINT `travels_ibfk_1` FOREIGN KEY (`lid`) REFERENCES `translations` (`lid`)
) ENGINE=InnoDB AUTO_INCREMENT=5 DEFAULT CHARSET=utf8;

#
# Data for table "travels"
#

REPLACE INTO `travels` VALUES (1,87,'2016-03-11','2016-03-13','Варшава - Белосток'),(2,109,'2016-04-15','2016-04-25','Литва - Польша - Кос Греция'),(3,109,'2016-08-19','2016-08-31','Литва - Польша - Тенерифе Испания'),(4,142,'2016-08-05','2016-08-07','Вильнюс - Паланга');

#
# Structure for table "users"
#

CREATE TABLE `users` (
  `Id` int(11) NOT NULL AUTO_INCREMENT,
  `login` varchar(255) NOT NULL DEFAULT '',
  `password` varchar(255) NOT NULL DEFAULT '',
  `first_name` varchar(255) NOT NULL DEFAULT '',
  `main_curr_id` int(11) NOT NULL DEFAULT '0',
  `second_curr_id` int(11) DEFAULT NULL,
  `def_lang_code` varchar(4) NOT NULL DEFAULT '',
  `accounting_period` varchar(8) DEFAULT NULL,
  PRIMARY KEY (`Id`),
  UNIQUE KEY `login` (`login`),
  KEY `main_curr_id` (`main_curr_id`),
  KEY `def_lang_code` (`def_lang_code`),
  KEY `second_curr_id` (`second_curr_id`),
  CONSTRAINT `users_ibfk_1` FOREIGN KEY (`main_curr_id`) REFERENCES `currencies` (`Id`),
  CONSTRAINT `users_ibfk_2` FOREIGN KEY (`def_lang_code`) REFERENCES `languages` (`lang_code`),
  CONSTRAINT `users_ibfk_3` FOREIGN KEY (`second_curr_id`) REFERENCES `currencies` (`Id`)
) ENGINE=InnoDB AUTO_INCREMENT=4 DEFAULT CHARSET=utf8;

#
# Data for table "users"
#

REPLACE INTO `users` VALUES (1,'alezzle','123','Alaksandr',933,840,'en','month'),(2,'root','123','System',840,NULL,'ru',NULL),(3,'ip','123','IP Nekrash',933,NULL,'ru',NULL);

#
# Structure for table "user_article_types"
#

CREATE TABLE `user_article_types` (
  `Id` int(11) NOT NULL AUTO_INCREMENT,
  `user_id` int(11) NOT NULL DEFAULT '0',
  `parent_id` int(11) DEFAULT NULL,
  `section_id` int(11) NOT NULL DEFAULT '0',
  `article_type_id` int(11) DEFAULT NULL,
  `type` varchar(30) NOT NULL DEFAULT '',
  `lid` int(11) DEFAULT '0',
  `order_num` int(11) DEFAULT NULL,
  PRIMARY KEY (`Id`),
  KEY `section_id` (`section_id`),
  KEY `user_id` (`user_id`),
  KEY `parent_id` (`parent_id`),
  KEY `article_type_id` (`article_type_id`),
  KEY `lid` (`lid`),
  CONSTRAINT `user_article_types_ibfk_1` FOREIGN KEY (`section_id`) REFERENCES `sections` (`Id`),
  CONSTRAINT `user_article_types_ibfk_2` FOREIGN KEY (`user_id`) REFERENCES `users` (`Id`),
  CONSTRAINT `user_article_types_ibfk_3` FOREIGN KEY (`parent_id`) REFERENCES `user_article_types` (`Id`),
  CONSTRAINT `user_article_types_ibfk_4` FOREIGN KEY (`article_type_id`) REFERENCES `article_types` (`Id`),
  CONSTRAINT `user_article_types_ibfk_5` FOREIGN KEY (`lid`) REFERENCES `translations` (`lid`)
) ENGINE=InnoDB AUTO_INCREMENT=43 DEFAULT CHARSET=utf8;

#
# Data for table "user_article_types"
#

REPLACE INTO `user_article_types` VALUES (1,1,NULL,1,NULL,'Carry Down',NULL,NULL),(2,1,NULL,3,1,'Typical Expenses',42,1),(3,1,NULL,2,NULL,'SoftClub Wage',NULL,NULL),(4,1,2,3,NULL,'Transport',48,NULL),(5,1,2,3,NULL,'Food',56,NULL),(6,1,2,3,NULL,'Household',55,NULL),(7,1,2,3,NULL,'Entertainment',54,NULL),(9,1,2,3,NULL,'Rent',53,NULL),(10,1,2,3,NULL,'Communication',52,NULL),(12,1,2,3,NULL,'Finances Services',51,NULL),(13,1,2,3,NULL,'Car Expenses',50,NULL),(14,1,2,3,NULL,'Education',49,NULL),(15,1,NULL,3,3,'Liabilities',43,2),(16,1,NULL,2,NULL,'Self-Employed Income',NULL,NULL),(18,2,NULL,4,NULL,'Currency Exchange',NULL,NULL),(19,1,NULL,3,NULL,'Gifts',44,NULL),(20,3,NULL,2,NULL,'Software Develop',NULL,NULL),(21,3,NULL,3,NULL,'Finances Servises',NULL,NULL),(22,3,NULL,2,NULL,'Interest',NULL,NULL),(23,1,2,3,NULL,'Incidentals',57,NULL),(24,1,NULL,3,NULL,'Investition',45,NULL),(25,1,NULL,3,NULL,'Travels',46,NULL),(26,1,NULL,3,NULL,'Single Purchases',47,NULL),(29,1,15,3,NULL,'Liabilities',61,NULL),(30,1,19,3,NULL,'Gifts',62,NULL),(31,1,24,3,NULL,'Investition',63,NULL),(32,1,25,3,NULL,'Travels',64,NULL),(34,1,26,3,NULL,'Car Service&Repair',66,NULL),(35,1,26,3,NULL,'Electronics&Accessories',68,NULL),(36,1,26,3,NULL,'Clothes',73,NULL),(37,1,26,3,NULL,'Different',78,NULL),(42,1,NULL,2,NULL,'Different',81,NULL);

#
# Structure for table "user_articles"
#

CREATE TABLE `user_articles` (
  `Id` int(11) NOT NULL AUTO_INCREMENT,
  `user_article_type_id` int(11) NOT NULL DEFAULT '0',
  `user_id` int(11) NOT NULL DEFAULT '0',
  `lid` int(11) DEFAULT NULL,
  `notes` varchar(255) DEFAULT NULL,
  PRIMARY KEY (`Id`),
  KEY `article_title_lid` (`lid`),
  KEY `user_article_type_id` (`user_article_type_id`),
  CONSTRAINT `user_articles_ibfk_3` FOREIGN KEY (`lid`) REFERENCES `translations` (`lid`),
  CONSTRAINT `user_articles_ibfk_4` FOREIGN KEY (`user_article_type_id`) REFERENCES `user_article_types` (`Id`)
) ENGINE=InnoDB AUTO_INCREMENT=143 DEFAULT CHARSET=utf8;

#
# Data for table "user_articles"
#

REPLACE INTO `user_articles` VALUES (1,4,1,1,'месячные проездные'),(2,5,1,2,'продукты, питание'),(3,10,1,5,'моб. телефон +375297776711'),(4,7,1,7,'алкоголь'),(5,6,1,8,'общие бытовые расходы'),(6,1,1,9,'перенос остатков'),(7,9,1,15,'аренда квартиры'),(12,3,1,10,'основная часть зарплаты SC'),(13,12,1,11,'банковские комиссии и т.п.'),(14,7,1,12,'развлечения, кино, концерты и т.д.'),(15,4,1,13,'разовые поездки'),(16,4,1,3,'междугородние поездки'),(17,10,1,4,'домашний интернет'),(18,10,1,6,'моб. телефон +375297620231 Ира'),(19,10,1,14,'моб. телефон +375297675714 Игорь'),(20,10,1,16,'моб. телефон +375333526061 планшет'),(21,9,1,17,'коммунальная квартплата'),(23,9,1,18,'электроэнергия'),(24,9,1,19,'квартирный телефон'),(25,14,1,20,'садик - питание Марта'),(26,14,1,21,'садик - кружки Марта'),(27,14,1,22,'секция Тэйквандо Игорь'),(28,13,1,23,'бензин'),(30,29,1,24,'рассрочка смартфон МТС'),(31,29,1,25,'кредит от Шимко Н.'),(32,16,1,26,'доход ИП'),(33,18,2,26,'обмен валют'),(34,29,1,27,'залог Шорина на ДР Диме'),(35,30,1,28,'подарок Вове на ДР, веб камера'),(36,20,3,29,'выручка от разработки ПО'),(37,21,3,30,'комиссия за обслуживания счёта БСБ Банк'),(38,22,3,31,'начисленные проценты по остаткам рс БСБ Банк'),(39,23,1,32,'мелкие расходы'),(40,31,1,33,'инвестиции ИП'),(41,23,1,34,'на карманные расходы членам семьи'),(43,3,1,35,'аванс SC'),(44,22,1,36,'начисление процентов банком по остаткам'),(45,32,1,37,'билеты концерт Brutto Белосток 2 шт.'),(46,4,1,38,'такси'),(47,34,1,39,'перевоз авто в СТО'),(48,35,1,40,'карты памяти microSD 16Гб 2 шт.'),(49,35,1,41,'аккумулятор для телефона Иры'),(50,34,1,58,'хамут на глушитель авто'),(51,34,1,59,'новый аккумулятор авто'),(52,34,1,60,'ремонт электропроводки авто'),(53,34,1,67,'коробка передач для замены в авто'),(54,35,1,69,'защитный чехол на Huawei P8'),(55,35,1,70,'кабель microUSB'),(56,35,1,71,'держатель телефона в авто'),(57,13,1,72,'расходные части\\жидкости'),(58,36,1,74,'джинсы Ире 3 пары'),(59,34,1,75,'замена коробки передач СТО'),(60,34,1,76,'ремонт печки и радиатора'),(61,34,1,77,'новый радиатор'),(62,37,1,79,'ремонт швейной машины Иры'),(63,30,1,80,'на работе ДР Белецкий'),(64,42,1,82,'от Вовы'),(65,30,1,83,'ДР Вити'),(66,30,1,84,'подарки на 8 марта'),(67,30,1,85,'на работе ДР Рагойша'),(68,32,1,86,'страховка поездка в Польшу 5 дней 2 чел.'),(69,32,1,88,'билеты электричка Барановичи - Брест 2 шт.'),(70,32,1,89,'билеты поезд Брест - Тересполь 2 шт.'),(71,32,1,90,'билеты поезд Тересполь - Варшава 2 шт.'),(73,32,1,91,'жильё AirBNB Варшава 1 ночь, 2 чел.'),(74,32,1,92,'билеты автобус Варшава - Белосток 2 шт.'),(75,32,1,93,'жильё noclegi PKS Белосток 1 ночь 2 чел.'),(76,32,1,94,'билеты автобус Белосток - Гродно 2 шт.'),(77,32,1,95,'питание, развлечение, разное'),(78,30,1,96,'подарки из поездки в Польшу'),(79,32,1,97,'расходы на бензин Минск - Несвиж'),(80,32,1,98,'расходы на роуминг'),(81,32,1,99,'билет автобус Гродно - Минск 2 шт.'),(82,36,1,100,NULL),(83,14,1,101,NULL),(84,36,1,102,NULL),(85,36,1,103,NULL),(86,36,1,104,NULL),(87,35,1,105,NULL),(88,35,1,106,NULL),(89,35,1,107,NULL),(90,35,1,108,NULL),(91,32,1,110,NULL),(92,32,1,111,NULL),(93,32,1,112,NULL),(94,32,1,113,NULL),(95,32,1,114,NULL),(96,32,1,115,NULL),(97,32,1,116,NULL),(98,30,1,117,NULL),(99,30,1,118,NULL),(100,30,1,119,NULL),(101,32,1,120,NULL),(102,32,1,121,NULL),(103,32,1,122,NULL),(104,32,1,123,NULL),(105,30,1,124,NULL),(106,30,1,125,NULL),(107,30,1,126,NULL),(109,29,1,127,NULL),(110,37,1,128,NULL),(111,29,1,129,NULL),(112,30,1,130,NULL),(113,30,1,131,NULL),(114,30,1,132,NULL),(115,37,1,133,NULL),(116,29,1,134,NULL),(117,30,1,135,NULL),(119,34,1,136,NULL),(121,29,1,138,NULL),(122,34,1,139,NULL),(123,34,1,140,NULL),(124,34,1,141,NULL),(125,32,1,143,NULL),(126,32,1,144,NULL),(127,35,1,145,NULL),(128,34,1,146,NULL),(129,32,1,147,NULL),(130,32,1,148,NULL),(131,32,1,149,NULL),(132,32,1,150,NULL),(133,32,1,151,NULL),(134,37,1,152,NULL),(135,37,1,153,NULL),(136,32,1,154,NULL),(137,32,1,155,NULL),(138,29,1,156,NULL),(139,30,1,157,NULL),(140,42,1,158,NULL),(141,42,1,159,NULL),(142,30,1,160,NULL);

#
# Structure for table "quotas"
#

CREATE TABLE `quotas` (
  `Id` int(11) NOT NULL AUTO_INCREMENT,
  `user_article_id` int(11) NOT NULL DEFAULT '0',
  `begin` date NOT NULL DEFAULT '0000-00-00',
  `expire` date NOT NULL DEFAULT '0000-00-00',
  `curr_id` int(11) NOT NULL DEFAULT '0',
  `value` decimal(12,2) NOT NULL DEFAULT '0.00',
  `notes` varchar(255) DEFAULT NULL,
  PRIMARY KEY (`Id`),
  KEY `curr_id` (`curr_id`),
  KEY `user_article_id` (`user_article_id`),
  CONSTRAINT `quotas_ibfk_2` FOREIGN KEY (`curr_id`) REFERENCES `currencies` (`Id`),
  CONSTRAINT `quotas_ibfk_3` FOREIGN KEY (`user_article_id`) REFERENCES `user_articles` (`Id`)
) ENGINE=InnoDB AUTO_INCREMENT=109 DEFAULT CHARSET=utf8;

#
# Data for table "quotas"
#

REPLACE INTO `quotas` VALUES (1,1,'2016-01-01','2016-01-31',974,630500.00,'месячные проездные'),(2,15,'2016-01-01','2016-01-31',974,55000.00,'разовые поездки'),(3,16,'2016-01-01','2016-01-31',974,252500.00,'междугородние поездки'),(5,2,'2016-01-01','2016-01-31',974,2500000.00,'питание'),(6,5,'2016-01-01','2016-01-31',974,280000.00,'бытовые расходы'),(7,14,'2016-01-01','2016-01-31',974,200000.00,'развлечения, кино, концерты и т.д.'),(8,4,'2016-01-01','2016-01-31',974,400000.00,'алкоголь'),(9,7,'2016-01-01','2016-01-31',840,300.00,'аренда квартиры'),(11,30,'2016-01-01','2016-01-31',974,590000.00,'рассрочка смартфон МТС'),(12,31,'2016-01-01','2016-01-31',974,2030000.00,'кредит от Шимко Н.'),(13,28,'2016-01-01','2016-01-31',974,220000.00,'бензин'),(14,24,'2016-01-01','2016-01-31',974,24900.00,'квартирный телефон'),(15,21,'2016-01-01','2016-01-31',974,600000.00,'коммунальная квартплата'),(16,23,'2016-01-01','2016-01-31',974,320000.00,'электроэнергия'),(17,13,'2016-01-01','2016-01-31',974,3900.00,'банковские комиссии и т.п.'),(18,17,'2016-01-01','2016-01-31',974,180000.00,'домашний интернет'),(19,26,'2016-01-01','2016-01-31',974,400000.00,'садик - кружки Марта'),(20,25,'2016-01-01','2016-01-31',974,360000.00,'садик - питание Марта'),(21,27,'2016-01-01','2016-01-31',974,400000.00,'секция Тэйквандо Игорь'),(24,34,'2016-01-01','2016-01-31',974,100000.00,'залог Шорина на ДР Диме'),(26,3,'2016-01-01','2016-01-31',974,100000.00,'тел +375297776711'),(27,20,'2016-01-01','2016-01-31',974,20000.00,'тел +375333526061 планшет'),(28,7,'2016-02-01','2016-02-29',840,300.00,'аренда квартиры'),(29,17,'2016-02-01','2016-02-29',974,180000.00,'домашний интернет'),(32,3,'2016-02-01','2016-02-29',974,165000.00,'тел +375297776711 (69900 смарт мини, 74900 бит, 20000 запас)'),(33,18,'2016-02-01','2016-02-29',974,60000.00,'тел +375297620231 (3000 легко сказать, запас примерно 100 мин по 551 за мин)'),(34,20,'2016-02-01','2016-02-29',974,100000.00,'тел +375333526061 планшет (0 инернет, 100000 разово старые долги)'),(36,19,'2016-02-01','2016-02-29',974,30000.00,'тел +375297675714 Игорь (5000 детский, 25000 запас примерно 80 мин на люб. по 309)'),(37,2,'2016-02-01','2016-03-10',974,3000000.00,'питание'),(38,18,'2016-03-01','2016-03-31',974,120000.00,'тел +375297620231 (3000 легко сказать, запас примерно 100 мин по 551 за мин)'),(40,28,'2016-03-01','2016-03-31',974,333000.00,'30 литров'),(41,57,'2016-03-01','2016-03-31',974,115000.00,NULL),(42,17,'2016-03-01','2016-03-31',974,180000.00,NULL),(43,3,'2016-03-01','2016-03-31',974,203179.00,NULL),(44,20,'2016-03-01','2016-03-31',974,50000.00,NULL),(45,19,'2016-03-01','2016-03-31',974,50000.00,NULL),(46,27,'2016-03-01','2016-03-31',974,400000.00,NULL),(47,26,'2016-03-01','2016-03-31',974,406400.00,NULL),(48,25,'2016-03-01','2016-03-31',974,249500.00,NULL),(49,4,'2016-03-01','2016-03-31',974,538500.00,NULL),(50,14,'2016-03-01','2016-03-31',974,248000.00,NULL),(51,13,'2016-03-01','2016-03-31',974,3900.00,NULL),(52,2,'2016-03-01','2016-03-31',974,2858665.00,NULL),(53,5,'2016-03-01','2016-03-31',974,120000.00,NULL),(54,41,'2016-03-01','2016-03-31',974,544900.00,NULL),(55,39,'2016-03-01','2016-03-31',974,416500.00,NULL),(56,7,'2016-03-01','2016-03-31',840,600.00,'за февраль, март'),(58,24,'2016-03-01','2016-03-31',974,31800.00,NULL),(59,23,'2016-03-01','2016-03-31',974,380000.00,NULL),(61,21,'2016-03-01','2016-03-31',974,1000000.00,NULL),(62,1,'2016-03-01','2016-03-31',974,540300.00,NULL),(63,15,'2016-03-01','2016-03-31',974,16500.00,NULL),(64,16,'2016-03-01','2016-03-31',974,100000.00,NULL),(65,30,'2016-03-01','2016-03-31',974,552800.00,NULL),(66,66,'2016-03-01','2016-03-31',974,332900.00,NULL),(67,67,'2016-03-01','2016-03-31',974,101528.40,NULL),(68,78,'2016-03-01','2016-03-31',974,1026000.00,NULL),(69,65,'2016-03-01','2016-03-31',974,600000.00,NULL),(70,82,'2016-03-01','2016-03-31',974,350000.00,NULL),(71,70,'2016-03-01','2016-03-31',974,188400.00,NULL),(72,75,'2016-03-01','2016-03-31',974,426132.00,NULL),(73,80,'2016-03-01','2016-03-31',974,200000.00,NULL),(74,71,'2016-03-01','2016-03-31',974,332424.00,NULL),(75,76,'2016-03-01','2016-03-31',974,360696.00,NULL),(76,81,'2016-03-01','2016-03-31',974,240000.00,NULL),(78,68,'2016-03-01','2016-03-31',974,138200.00,NULL),(79,73,'2016-03-01','2016-03-31',974,345192.00,NULL),(81,77,'2016-03-01','2016-03-31',974,2553600.00,NULL),(82,69,'2016-03-01','2016-03-31',974,66200.00,NULL),(83,74,'2016-03-01','2016-03-31',974,132924.00,NULL),(84,79,'2016-03-01','2016-03-31',974,249750.00,NULL),(86,28,'2016-06-01','2016-06-30',974,660000.00,NULL),(87,3,'2016-06-01','2016-06-30',974,165000.00,'тел +375297776711 (69900 смарт мини, 74900 бит, 20000 запас)'),(88,17,'2016-06-01','2016-06-30',974,180000.00,NULL),(89,18,'2016-06-01','2016-06-30',974,60000.00,'тел +375297620231 (3000 легко сказать, запас примерно 100 мин по 551 за мин)'),(90,19,'2016-06-01','2016-06-30',974,30000.00,'тел +375297675714 Игорь (5000 детский, 25000 запас примерно 80 мин на люб. по 309)'),(91,20,'2016-06-01','2016-06-30',974,20000.00,'тел +375333526061 планшет (3G Лайт 15500)'),(93,4,'2016-06-01','2016-06-30',974,400000.00,NULL),(94,14,'2016-06-01','2016-06-30',974,120000.00,NULL),(95,13,'2016-06-01','2016-06-30',974,3900.00,NULL),(96,2,'2016-06-01','2016-06-30',974,1800000.00,NULL),(97,5,'2016-06-01','2016-06-30',974,50000.00,NULL),(98,39,'2016-06-01','2016-06-30',974,100000.00,NULL),(99,41,'2016-06-01','2016-06-30',974,300000.00,NULL),(101,7,'2016-06-01','2016-06-30',840,300.00,NULL),(102,24,'2016-06-01','2016-06-30',974,33000.00,NULL),(103,21,'2016-06-01','2016-06-30',974,410000.00,NULL),(104,23,'2016-06-01','2016-06-30',974,350000.00,NULL),(105,1,'2016-06-01','2016-06-30',974,540300.00,NULL),(106,109,'2016-06-01','2016-06-30',974,1368600.00,NULL),(107,30,'2016-06-01','2016-06-30',974,579000.00,NULL),(108,7,'2016-09-01','2016-09-30',840,700.00,'100 за июль, 300 за август, 300 за сентябрь');

#
# Structure for table "travel_articles"
#

CREATE TABLE `travel_articles` (
  `Id` int(11) NOT NULL AUTO_INCREMENT,
  `travel_id` int(11) NOT NULL DEFAULT '0',
  `user_article_id` int(11) NOT NULL DEFAULT '0',
  PRIMARY KEY (`Id`),
  KEY `travel_id` (`travel_id`),
  KEY `user_article_id` (`user_article_id`),
  CONSTRAINT `travel_articles_ibfk_1` FOREIGN KEY (`travel_id`) REFERENCES `travels` (`Id`),
  CONSTRAINT `travel_articles_ibfk_2` FOREIGN KEY (`user_article_id`) REFERENCES `user_articles` (`Id`)
) ENGINE=InnoDB AUTO_INCREMENT=34 DEFAULT CHARSET=utf8;

#
# Data for table "travel_articles"
#

REPLACE INTO `travel_articles` VALUES (1,1,68),(2,1,69),(3,1,70),(4,1,71),(5,1,73),(6,1,74),(7,1,75),(8,1,45),(9,1,76),(10,1,77),(11,1,79),(12,1,80),(13,1,81),(14,3,91),(15,3,92),(16,2,93),(17,2,94),(18,2,95),(19,2,96),(20,2,97),(21,2,101),(22,2,102),(23,2,103),(24,2,104),(25,4,125),(26,3,126),(27,4,129),(28,4,130),(29,4,131),(30,3,132),(31,3,133),(32,3,137),(33,3,136);

#
# Structure for table "fin_accounts"
#

CREATE TABLE `fin_accounts` (
  `Id` int(11) NOT NULL AUTO_INCREMENT,
  `type_id` int(11) NOT NULL DEFAULT '0',
  `user_id` int(11) NOT NULL DEFAULT '0',
  `curr_id` int(11) NOT NULL DEFAULT '0',
  `notes` varchar(255) DEFAULT NULL,
  `rest` decimal(12,2) NOT NULL DEFAULT '0.00',
  `state` tinyint(3) NOT NULL DEFAULT '1',
  PRIMARY KEY (`Id`),
  KEY `user_id` (`user_id`),
  KEY `curr_id` (`curr_id`),
  KEY `type_id` (`type_id`),
  CONSTRAINT `fin_accounts_ibfk_1` FOREIGN KEY (`user_id`) REFERENCES `users` (`Id`),
  CONSTRAINT `fin_accounts_ibfk_2` FOREIGN KEY (`curr_id`) REFERENCES `currencies` (`Id`),
  CONSTRAINT `fin_accounts_ibfk_3` FOREIGN KEY (`type_id`) REFERENCES `fin_account_types` (`Id`)
) ENGINE=InnoDB AUTO_INCREMENT=59 DEFAULT CHARSET=utf8;

#
# Data for table "fin_accounts"
#

REPLACE INTO `fin_accounts` VALUES (1,2,1,978,'карта Visa Альфа Банк в Евро',4.96,1),(2,1,1,974,'нал бел рубли',0.00,2),(3,1,1,978,'нал Евро',19.00,1),(4,2,1,974,'карта Visa БелАгроПромБанк',0.00,2),(5,1,1,840,'нал доллары США',-1250.00,1),(6,2,1,974,'карта БелКарт БеларусБанк',0.00,2),(7,3,1,840,'Шимко Н. USD',-450.00,1),(8,3,1,974,'Шимко Н. BYR',0.00,2),(9,3,1,974,'рассрочка МТС Huawei P8',0.00,2),(10,2,1,974,'карта Visa BelSwissBank',0.00,2),(11,3,1,974,'Шорин В.',0.00,2),(12,2,3,974,'расчётный счет ИП Некраш в БСБ Банк 3812800000056',0.00,2),(13,3,1,974,'Крассовский С.',0.00,2),(14,3,1,978,'AirBNB Белосток',0.00,2),(16,3,1,978,'Билеты Polski Bus Варшава - Белосток',0.00,2),(17,3,1,978,'AirBNB Варшава',0.00,2),(18,3,1,978,'Билеты Белосток - Гродно 4 шт.',0.00,2),(19,3,1,978,'Билеты Тересполь - Варшава 4 шт.',0.00,2),(20,3,1,978,'Жильё Белосток',0.00,2),(21,3,1,978,'Листопад Артём',0.00,2),(22,3,1,974,'Крассовская Н.',0.00,2),(23,3,1,840,'Ира Некраш USD',0.00,2),(24,3,1,974,'Ира Некраш BYR',0.00,2),(26,3,1,974,'Олег Волов',0.00,2),(27,3,1,978,'Артём Листопад',0.00,2),(28,3,1,840,'Витя Некраш',0.00,2),(29,3,1,978,'Крассовская Наташа',0.00,1),(30,1,1,933,'нал бел рубли',-827.89,1),(31,2,1,933,'карта Visa БелАгроПромБанк',-99.70,1),(32,2,1,933,'карта БелКарт БеларусБанк',15.28,1),(33,3,1,933,'рассрочка МТС Huawei P8',0.00,2),(34,2,1,933,'карта Visa BelSwissBank',4.07,1),(35,2,3,933,'расчётный счет ИП Некраш в БСБ Банк 3812800000056',3197.09,1),(36,3,1,840,'лизинг Hyundai Accent',-12427.70,1),(37,3,1,840,'Жилко В. USD',0.00,1),(38,3,1,840,'Дед Лёва USD',-550.00,1),(40,3,1,933,'Зоя Константиновна BYN',-320.00,1),(41,3,1,840,'Вова Некраш USD',0.00,1),(43,3,1,840,'мама Галя USD',-125.00,1),(44,3,1,933,'мама Галя BYN',100.00,1),(46,3,1,840,'Витя Головнёв USD',-300.00,1),(47,3,1,840,'Зоя Константиновна USD',0.00,1),(48,3,1,840,'Оля Собирай USD',-100.00,1),(49,3,1,933,'Оля Собирай BYN',-300.00,1),(50,3,1,978,'мама Галя EUR',-36.00,1),(51,3,1,978,'Вова Некраш EUR',0.00,1),(52,3,1,933,'Дима Потапчук BYN',0.00,1),(53,3,1,933,'Владимир Белецкий BYN',0.00,1),(54,3,1,840,'Света Рачок USD',0.00,1),(55,3,1,933,'Егор Зубков BYN',0.00,2),(56,3,1,933,'Коля Шимко BYN',110.00,1),(57,3,1,840,'Андрейчук Н.К. USD',-700.00,1),(58,3,1,933,'Ира Некраш',20.00,1);

#
# Structure for table "transactions"
#

CREATE TABLE `transactions` (
  `Id` int(11) NOT NULL AUTO_INCREMENT,
  `value_date` date NOT NULL DEFAULT '0000-00-00',
  `deb_acc_id` int(11) DEFAULT NULL,
  `cre_acc_id` int(11) DEFAULT NULL,
  `article_id` int(11) DEFAULT NULL,
  `value` decimal(12,2) NOT NULL DEFAULT '0.00',
  `notes` blob,
  PRIMARY KEY (`Id`),
  KEY `deb_acc_id` (`deb_acc_id`),
  KEY `cre_acc_id` (`cre_acc_id`),
  KEY `article_id` (`article_id`),
  CONSTRAINT `transactions_ibfk_1` FOREIGN KEY (`deb_acc_id`) REFERENCES `fin_accounts` (`Id`),
  CONSTRAINT `transactions_ibfk_2` FOREIGN KEY (`cre_acc_id`) REFERENCES `fin_accounts` (`Id`),
  CONSTRAINT `transactions_ibfk_3` FOREIGN KEY (`article_id`) REFERENCES `user_articles` (`Id`)
) ENGINE=InnoDB AUTO_INCREMENT=1489 DEFAULT CHARSET=utf8;

#
# Data for table "transactions"
#

REPLACE INTO `transactions` VALUES (2,'2016-01-03',2,NULL,15,11100.00,NULL),(3,'2016-01-04',2,NULL,2,43100.00,NULL),(4,'2016-01-05',2,NULL,2,71900.00,NULL),(5,'2016-01-05',2,NULL,3,50000.00,NULL),(6,'2016-01-02',2,NULL,16,208800.00,X'E1E8EBE5F2FB20E0E2F2EEE1F3F120CCE8EDF1EA2DCDE5F1E2E8E620EFEE20363936303020E2E7F0EEF1EB2E'),(7,'2016-01-05',2,NULL,2,79200.00,NULL),(8,'2016-01-04',2,NULL,2,99000.00,NULL),(9,'2016-01-03',2,NULL,16,16500.00,X'E1E8EBE5F220FDEBE5EAF2F0E8F7EAE020C3EEF0EEE4E5FF202D20CCE8EDF1EA'),(10,'2016-01-04',2,NULL,2,11500.00,NULL),(11,'2016-01-03',2,NULL,2,122500.00,NULL),(12,'2016-01-01',2,NULL,4,217900.00,NULL),(13,'2016-01-01',2,NULL,2,54400.00,NULL),(14,'2016-01-01',2,NULL,15,5500.00,X'E6E5F2EEED20E220ECE5F2F0EE20C8F0E5'),(15,'2016-01-02',2,NULL,2,200000.00,X'EEF1F2E0E2E8EB20C8F0E520EDE020EFF0EEE4F3EAF2FB'),(16,'2016-01-01',NULL,2,6,4672500.00,NULL),(19,'2016-01-08',2,NULL,2,21200.00,NULL),(20,'2016-01-06',2,NULL,16,16500.00,X'E1E8EBE5F220FDEBE5EAF2F0E8F7EAE020C3EEF0EEE4E5FF202D20CCE8EDF1EA'),(21,'2016-01-06',2,NULL,16,10700.00,X'E1E8EBE5F220E0E2F2EEE1F3F120CDE5F1E2E8E6202D20C3EEF0EEE4E5FF'),(22,'2016-01-08',2,NULL,2,29700.00,NULL),(23,'2016-01-08',2,NULL,4,159000.00,NULL),(24,'2016-01-07',2,NULL,2,44300.00,NULL),(25,'2016-01-08',2,NULL,2,45800.00,NULL),(26,'2016-01-09',2,NULL,2,151000.00,NULL),(27,'2016-01-09',2,NULL,1,90200.00,X'EFF0EEE5E7E4EDEEE920EDE020E4E5EAE0E4F320E0E2F2EEE1F3F1202B203220E6E5F2EEEDE020ECE5F2F0EE'),(28,'2016-01-09',2,NULL,2,156000.00,NULL),(29,'2016-01-10',2,NULL,2,72000.00,NULL),(30,'2016-01-10',2,NULL,2,48000.00,NULL),(31,'2016-01-10',2,NULL,2,97900.00,NULL),(32,'2016-01-10',2,NULL,2,146900.00,NULL),(38,'2016-01-10',2,NULL,15,11000.00,NULL),(39,'2016-01-11',2,NULL,5,100000.00,NULL),(40,'2016-01-10',2,NULL,5,151600.00,NULL),(43,'2016-01-01',NULL,4,6,8352.00,NULL),(44,'2016-01-06',NULL,4,12,14034060.00,NULL),(45,'2016-01-06',4,NULL,13,3900.00,NULL),(46,'2016-01-10',4,NULL,14,144000.00,NULL),(47,'2016-01-01',NULL,5,6,100.00,NULL),(48,'2016-01-11',2,NULL,2,135000.00,NULL),(50,'2016-01-11',2,NULL,2,63600.00,NULL),(51,'2016-01-12',2,NULL,2,47100.00,NULL),(52,'2016-01-01',NULL,6,6,36998.00,NULL),(70,'2016-01-12',2,NULL,2,28800.00,NULL),(72,'2015-12-23',8,NULL,6,2030000.00,NULL),(73,'2013-07-16',NULL,7,6,2500.00,NULL),(74,'2015-12-08',9,NULL,6,6369000.00,NULL),(75,'2015-01-13',2,NULL,2,135000.00,NULL),(76,'2016-01-14',2,NULL,2,24800.00,NULL),(77,'2016-01-15',2,NULL,2,30200.00,NULL),(78,'2016-01-15',2,NULL,2,31900.00,NULL),(79,'2016-01-14',2,NULL,2,116700.00,NULL),(80,'2016-01-06',NULL,10,32,22740000.00,NULL),(81,'2016-01-15',4,2,NULL,2850000.00,NULL),(82,'2016-01-15',4,2,NULL,4000000.00,NULL),(83,'2016-01-15',10,2,NULL,22700000.00,NULL),(84,'2016-01-15',2,NULL,33,29850000.00,NULL),(85,'2016-01-15',NULL,5,33,1500.00,NULL),(86,'2016-01-16',4,NULL,17,180000.00,NULL),(87,'2016-01-16',11,2,NULL,100000.00,NULL),(88,'2016-01-16',2,NULL,35,100000.00,NULL),(89,'2015-12-29',NULL,12,36,32500000.00,NULL),(90,'2015-12-29',12,NULL,37,60000.00,X'E7E020FFEDE2E0F0FC2032303134'),(91,'2015-12-29',12,NULL,37,60000.00,X'E7E020E0E2E3F3F1F22032303134'),(92,'2015-12-29',12,NULL,37,60000.00,X'E7E020ECE0E92032303134'),(93,'2015-12-29',12,NULL,37,60000.00,X'E7E020E8FEEDFC2032303134'),(94,'2015-12-29',12,NULL,37,60000.00,X'E7E020E0EFF0E5EBFC2032303134'),(95,'2015-12-29',12,NULL,37,60000.00,X'E7E020ECE0F0F22032303134'),(96,'2015-12-29',12,NULL,37,60000.00,X'E7E020F4E5E2F0E0EBFC2032303134'),(97,'2015-12-29',12,NULL,37,60000.00,X'E7E020E8FEEBFC2032303134'),(98,'2015-12-29',12,NULL,37,50000.00,X'E7E020E4E5EAE0E1F0FC203230313520E3EEE4'),(99,'2015-12-31',NULL,12,38,877.00,X'EDE0F7E8F1EBE5EDEDFBE5202520E7E020E4E5EAE0E1F0FC2032303135'),(100,'2016-01-18',2,NULL,2,66900.00,NULL),(101,'2016-01-17',2,NULL,2,85100.00,NULL),(102,'2016-01-17',2,NULL,4,29800.00,NULL),(103,'2016-01-15',2,NULL,2,69700.00,NULL),(104,'2016-01-15',2,NULL,4,31000.00,NULL),(105,'2016-01-17',2,NULL,2,157000.00,NULL),(106,'2016-01-16',2,NULL,2,133400.00,NULL),(107,'2016-01-16',2,NULL,5,21700.00,NULL),(108,'2016-01-16',2,NULL,2,17000.00,NULL),(109,'2016-01-18',2,NULL,2,25800.00,NULL),(110,'2016-01-18',2,NULL,39,14200.00,NULL),(111,'2016-01-18',2,NULL,39,19000.00,NULL),(112,'2016-01-19',2,NULL,2,31000.00,NULL),(113,'2016-01-19',2,NULL,2,22300.00,NULL),(114,'2016-01-21',4,2,NULL,3000000.00,NULL),(115,'2016-01-22',4,NULL,2,95400.00,NULL),(116,'2016-01-22',4,NULL,4,25000.00,NULL),(117,'2016-01-21',4,NULL,2,252700.00,NULL),(118,'2016-01-21',4,NULL,4,84500.00,NULL),(119,'2016-01-20',4,NULL,2,134600.00,NULL),(120,'2016-01-20',4,NULL,4,25000.00,NULL),(121,'2016-01-19',2,NULL,2,70500.00,NULL),(122,'2016-01-21',2,NULL,2,50400.00,NULL),(123,'2016-01-20',2,NULL,2,19700.00,NULL),(125,'2016-01-20',2,NULL,1,79200.00,X'CFF0EEE5E7E4EDEEE920C8F0E520EDE0203320E4E5EAE0E4F320E0E2F2EEE1F3F1'),(126,'2016-01-21',2,NULL,40,900000.00,X'EFEEEFEEEBEDE5EDE8E520F1F7B8F2E020C8CF20EDE020EDE5E4EEF1F2E0FEF9F3FE20F1F3ECECF32C20E4EBFF20EEEFEBE0F2FB20EDE0EBEEE3EEE2'),(128,'2016-01-21',2,8,31,2030000.00,NULL),(130,'2016-01-20',2,11,34,100000.00,NULL),(131,'2016-01-20',2,NULL,35,100000.00,X'CDE020C4D020D1E5F0E3E5FE20C4E0E2E8E4F7F3EAF3'),(132,'2016-01-21',2,NULL,39,20000.00,NULL),(134,'2016-01-21',7,5,NULL,900.00,X'CAEEEBFF20EEF2E4E0EB20F7E0F1F2FC20E4EEEBE3E02C2039303020E4EEEB2E'),(135,'2016-01-22',2,NULL,41,50000.00,X'C8F0E5'),(136,'2016-01-23',2,NULL,2,19200.00,NULL),(138,'2016-01-23',4,NULL,39,13200.00,NULL),(139,'2016-01-21',4,NULL,3,50000.00,NULL),(140,'2016-01-23',4,NULL,21,602860.00,NULL),(141,'2016-01-23',4,NULL,23,249475.00,NULL),(142,'2016-01-23',4,NULL,24,27500.00,NULL),(144,'2016-01-23',4,NULL,25,213200.00,NULL),(145,'2016-01-26',2,NULL,2,23900.00,NULL),(146,'2016-01-24',4,NULL,2,193500.00,NULL),(147,'2016-01-23',4,NULL,2,41500.00,NULL),(148,'2016-01-23',4,NULL,4,123400.00,NULL),(149,'2016-01-23',4,NULL,2,148100.00,NULL),(150,'2016-01-23',4,NULL,2,125600.00,NULL),(151,'2016-01-23',4,NULL,4,91900.00,NULL),(152,'2016-01-23',4,NULL,2,27700.00,NULL),(153,'2016-01-23',4,2,NULL,100000.00,NULL),(154,'2016-01-25',4,2,NULL,700000.00,NULL),(155,'2016-01-25',2,NULL,2,36400.00,NULL),(156,'2016-01-25',2,NULL,26,109800.00,NULL),(157,'2016-01-26',2,NULL,41,126100.00,NULL),(158,'2016-01-27',2,NULL,2,30200.00,NULL),(160,'2016-01-27',2,NULL,41,18000.00,NULL),(162,'2016-01-26',4,2,NULL,100000.00,NULL),(163,'2016-01-26',4,NULL,2,70400.00,NULL),(164,'2016-01-26',4,NULL,4,22900.00,NULL),(165,'2016-01-26',2,9,30,579000.00,NULL),(166,'2016-01-27',2,NULL,2,2800.00,NULL),(167,'2016-01-29',4,NULL,2,23900.00,NULL),(168,'2016-01-28',4,NULL,27,300000.00,NULL),(169,'2016-01-28',2,NULL,2,24600.00,NULL),(170,'2016-01-29',5,NULL,7,300.00,NULL),(171,'2016-01-29',NULL,6,43,4340000.00,NULL),(172,'2016-01-29',NULL,6,44,900.00,NULL),(173,'2016-01-29',6,2,NULL,4350000.00,NULL),(174,'2016-01-29',NULL,4,44,2643.00,NULL),(175,'2016-01-29',2,NULL,2,138000.00,NULL),(176,'2016-01-29',2,NULL,2,15900.00,NULL),(177,'2016-01-30',NULL,9,6,26200.00,NULL),(179,'2016-01-30',4,NULL,20,24800.00,NULL),(180,'2016-01-30',NULL,10,44,705.00,NULL),(181,'2016-02-01',2,NULL,2,50000.00,NULL),(182,'2016-01-31',2,NULL,15,5500.00,NULL),(183,'2016-01-31',2,NULL,1,315300.00,X'CFF0EEE5E7E4EDEEE920D1E0F8E020ECE5F2F0EE2BE0E2F2EEE1F3F120EDE020ECE5F1FFF6'),(184,'2016-01-31',2,NULL,1,225000.00,X'CFF0EEE5E7E4EDEEE920C8F0E020E0E2F2EEE1F3F120EDE020ECE5F1FFF6'),(185,'2016-01-30',2,NULL,2,110400.00,NULL),(186,'2016-01-30',2,NULL,2,52100.00,NULL),(187,'2016-01-30',2,NULL,4,27400.00,NULL),(188,'2016-01-30',NULL,6,44,136.00,NULL),(189,'2016-01-30',6,NULL,3,28034.00,NULL),(190,'2016-01-31',2,NULL,19,50000.00,NULL),(191,'2016-02-01',2,NULL,2,45600.00,NULL),(192,'2016-01-31',2,NULL,2,108600.00,NULL),(193,'2016-01-31',2,NULL,4,23800.00,NULL),(194,'2016-01-31',2,NULL,27,100000.00,NULL),(195,'2016-02-01',2,NULL,2,73100.00,NULL),(196,'2016-02-03',NULL,1,6,0.89,NULL),(198,'2016-02-03',5,NULL,33,200.00,NULL),(199,'2016-02-03',NULL,1,33,181.00,NULL),(200,'2016-02-03',1,NULL,45,53.80,NULL),(201,'2016-02-03',1,NULL,33,26.50,NULL),(202,'2016-02-03',NULL,8,33,625000.00,X'C7E0EBEEE6E8EB20E7E020D2E0EDFE20EDE020E1E8EBE5F220EAEEEDF6E5F0F22042727574746F20C1E5EBEEF1F2EEEA'),(203,'2016-02-04',2,NULL,2,61500.00,NULL),(204,'2016-02-04',2,NULL,4,19800.00,NULL),(205,'2016-02-05',2,NULL,2,133200.00,NULL),(206,'2016-02-05',2,NULL,4,34900.00,NULL),(207,'2016-02-03',2,NULL,2,74700.00,NULL),(208,'2016-02-04',2,NULL,2,138000.00,NULL),(209,'2016-02-03',2,NULL,2,29300.00,NULL),(210,'2016-02-05',2,NULL,2,26900.00,NULL),(212,'2016-02-06',2,NULL,41,90000.00,NULL),(213,'2016-02-08',2,NULL,46,160000.00,NULL),(214,'2016-02-06',2,NULL,2,95400.00,NULL),(215,'2016-02-07',2,NULL,2,104100.00,NULL),(216,'2016-02-07',2,NULL,2,27600.00,NULL),(217,'2016-02-08',2,NULL,2,33400.00,NULL),(218,'2016-02-06',2,8,NULL,350000.00,X'EEF2E4EEEBE6E8EB20CAEEEBE520EDE020E4E6E8EDF1FB'),(219,'2016-02-08',2,NULL,41,200000.00,NULL),(220,'2016-02-06',2,NULL,2,90000.00,NULL),(221,'2016-02-07',2,NULL,2,40000.00,NULL),(222,'2016-02-07',2,NULL,2,56000.00,NULL),(223,'2016-02-07',2,NULL,41,30000.00,NULL),(224,'2016-02-07',2,NULL,39,50000.00,NULL),(226,'2016-02-07',2,NULL,15,5500.00,NULL),(227,'2016-02-07',2,NULL,15,5500.00,NULL),(228,'2016-02-11',2,NULL,2,25400.00,NULL),(229,'2016-02-10',2,NULL,47,150000.00,NULL),(231,'2016-02-10',2,NULL,41,60000.00,NULL),(232,'2016-02-08',2,NULL,48,298000.00,NULL),(233,'2016-02-08',2,NULL,49,150000.00,NULL),(234,'2016-02-09',2,NULL,2,23300.00,NULL),(235,'2016-02-10',2,NULL,2,31100.00,NULL),(237,'2016-02-09',2,NULL,2,108400.00,NULL),(238,'2016-02-09',2,NULL,2,41000.00,NULL),(239,'2016-02-10',NULL,4,12,19601923.00,NULL),(241,'2016-02-11',4,NULL,17,180000.00,NULL),(242,'2016-02-13',2,NULL,16,49500.00,X'FDEBE5EAF2F0E8F7EAE020CCE8EDF1EA202D20C3EEF0EEE4E5FF203320EFEEEBEDFBF520E1E8EBE5F2E0'),(243,'2016-02-13',4,2,NULL,100000.00,NULL),(244,'2016-02-13',2,NULL,16,32100.00,X'E0E2F2EEE1F3F120C3EEF0EEE4E5FF202D20CDE5F1E2E8E6203320EFEEEBEDFBF5'),(245,'2016-02-14',2,NULL,2,47600.00,NULL),(246,'2016-02-14',2,NULL,4,31800.00,NULL),(247,'2016-02-14',2,NULL,16,50400.00,X'FDEBE5EAF2F0E8F7EAE020C3EEF0EEE4E5FF202D20CCE8EDF1EA203320EFEEEBEDFBF5'),(248,'2016-02-15',4,NULL,2,145000.00,NULL),(249,'2016-02-12',4,NULL,2,27200.00,NULL),(250,'2016-02-12',4,NULL,4,222600.00,NULL),(251,'2016-02-11',4,NULL,2,285000.00,NULL),(252,'2016-02-12',4,NULL,2,69700.00,NULL),(253,'2016-02-12',2,NULL,2,22900.00,NULL),(255,'2016-02-13',2,NULL,2,30500.00,NULL),(256,'2016-02-12',4,NULL,35,435000.00,X'E2E5E120EAE0ECE5F0E020C2EEE2E520EDE020C4D0'),(257,'2016-02-10',4,NULL,13,3900.00,NULL),(258,'2016-02-14',4,NULL,2,79400.00,NULL),(260,'2016-02-10',2,NULL,2,70100.00,NULL),(261,'2016-02-16',2,NULL,2,35200.00,NULL),(262,'2016-02-16',4,NULL,3,165000.00,NULL),(263,'2016-02-16',4,NULL,19,30000.00,NULL),(264,'2016-02-16',4,NULL,20,100000.00,NULL),(265,'2016-02-16',4,NULL,18,60000.00,NULL),(266,'2016-02-17',4,NULL,2,133400.00,NULL),(267,'2016-02-16',4,NULL,2,20400.00,NULL),(268,'2016-02-16',4,NULL,4,34900.00,NULL),(269,'2016-02-16',4,2,NULL,10000000.00,NULL),(270,'2016-02-16',4,NULL,13,2000.00,NULL),(271,'2016-02-17',2,NULL,28,333000.00,X'333020EBE8F2F0EEE220C03932'),(272,'2016-02-17',2,NULL,50,50000.00,NULL),(273,'2016-02-17',2,NULL,51,850000.00,NULL),(274,'2016-02-17',2,NULL,52,3650000.00,NULL),(276,'2016-02-16',2,13,NULL,1100000.00,NULL),(277,'2016-02-21',2,NULL,53,3000000.00,NULL),(278,'2016-02-20',2,NULL,54,240000.00,NULL),(279,'2016-02-20',2,NULL,55,100000.00,NULL),(282,'2016-02-10',1,NULL,33,25.61,NULL),(283,'2016-02-10',NULL,8,33,625000.00,NULL),(284,'2016-02-20',8,2,NULL,1600000.00,NULL),(285,'2016-02-10',1,NULL,3,4.12,NULL),(287,'2016-02-05',1,14,NULL,46.00,NULL),(288,'2016-02-20',2,NULL,2,160300.00,NULL),(291,'2016-02-19',2,NULL,2,25900.00,NULL),(294,'2016-02-18',2,NULL,56,161800.00,NULL),(295,'2016-02-18',2,NULL,57,80300.00,NULL),(296,'2016-02-18',2,NULL,57,124200.00,NULL),(297,'2016-02-18',2,NULL,5,19500.00,NULL),(298,'2016-02-18',2,NULL,4,11900.00,NULL),(299,'2016-02-18',2,NULL,2,80700.00,NULL),(300,'2016-02-18',2,NULL,2,72100.00,NULL),(301,'2016-02-19',4,NULL,2,70300.00,NULL),(302,'2016-02-19',2,NULL,2,43000.00,NULL),(304,'2016-02-20',2,NULL,58,750000.00,NULL),(305,'2016-02-19',2,NULL,41,20000.00,NULL),(306,'2016-02-21',2,NULL,2,189500.00,NULL),(307,'2016-02-23',2,NULL,2,78000.00,NULL),(309,'2016-02-22',2,NULL,2,54400.00,NULL),(310,'2016-02-22',2,NULL,2,84000.00,NULL),(311,'2016-02-23',2,NULL,2,39600.00,NULL),(312,'2016-02-24',4,NULL,2,44000.00,NULL),(313,'2016-02-22',2,NULL,2,44900.00,NULL),(314,'2016-02-23',4,2,NULL,300000.00,NULL),(315,'2016-02-24',4,2,NULL,3500000.00,NULL),(316,'2016-02-24',2,NULL,59,1400000.00,NULL),(318,'2016-02-24',2,NULL,60,1200000.00,NULL),(319,'2016-02-24',2,NULL,61,900000.00,NULL),(320,'2016-02-24',2,NULL,62,400000.00,NULL),(321,'2016-02-24',2,NULL,39,30000.00,NULL),(322,'2016-02-22',2,NULL,63,100000.00,NULL),(323,'2016-02-25',4,NULL,21,1290940.00,NULL),(324,'2016-02-25',4,NULL,24,31800.00,NULL),(325,'2016-02-25',4,NULL,23,380000.00,NULL),(326,'2016-02-25',4,NULL,25,266500.00,NULL),(327,'2016-02-25',4,NULL,14,124000.00,X'D4E8EBFCEC20C1EEE3E820C5E3E8EFF2E0203220E1E8EB2E'),(328,'2016-02-25',4,NULL,2,112000.00,NULL),(329,'2016-02-26',2,NULL,26,209600.00,NULL),(331,'2016-02-26',2,9,30,552800.00,NULL),(332,'2016-02-25',4,NULL,2,138900.00,NULL),(333,'2016-02-26',4,NULL,2,110000.00,NULL),(334,'2016-02-26',4,NULL,4,28500.00,NULL),(335,'2016-02-26',4,NULL,28,199800.00,NULL),(336,'2016-02-26',4,2,NULL,700000.00,NULL),(337,'2016-02-27',2,NULL,2,56200.00,NULL),(338,'2016-02-26',2,NULL,2,40800.00,NULL),(339,'2016-02-27',2,NULL,2,30000.00,NULL),(340,'2016-02-27',NULL,2,64,202200.00,NULL),(341,'2016-02-29',2,NULL,27,400000.00,NULL),(342,'2016-03-01',2,NULL,2,29200.00,NULL),(343,'2016-03-01',2,NULL,2,147800.00,NULL),(344,'2016-02-29',2,NULL,2,83000.00,NULL),(345,'2016-02-29',2,NULL,5,43400.00,NULL),(346,'2016-02-29',2,NULL,2,157000.00,NULL),(347,'2016-02-29',2,NULL,1,225000.00,X'EFF0EEE5E7E4EDEEE920ECE5F1FFF620E0E2F2EEE1F3F120E4EBFF20C8F0FB'),(348,'2016-02-29',2,NULL,1,315300.00,X'EFF0EEE5E7E4EDEEE920ECE5F1FFF620ECE5F2F0EE20E0E2F2EEE1F3F120E4EBFF20D1E0F8E8'),(349,'2016-02-27',4,NULL,4,175300.00,NULL),(350,'2016-02-29',2,NULL,2,50000.00,NULL),(351,'2016-02-29',NULL,6,43,4340400.00,NULL),(352,'2016-02-29',6,2,NULL,4000000.00,NULL),(353,'2016-03-01',6,NULL,41,100000.00,NULL),(354,'2016-03-02',2,NULL,39,38100.00,NULL),(355,'2016-03-04',2,NULL,39,50000.00,NULL),(356,'2016-03-04',2,NULL,41,150000.00,NULL),(357,'2016-03-03',2,NULL,2,54000.00,NULL),(358,'2016-03-02',2,NULL,2,157300.00,NULL),(359,'2016-03-04',2,NULL,2,41500.00,NULL),(361,'2016-03-03',2,NULL,28,222000.00,NULL),(362,'2016-03-03',2,NULL,2,46600.00,NULL),(363,'2016-03-04',6,NULL,3,153179.00,NULL),(364,'2016-03-01',NULL,10,44,3.00,NULL),(365,'2016-03-05',2,NULL,2,11400.00,NULL),(366,'2016-03-05',2,NULL,4,27000.00,NULL),(367,'2016-03-05',2,NULL,2,62900.00,NULL),(368,'2016-03-04',2,NULL,4,27000.00,NULL),(369,'2016-03-04',2,NULL,2,121100.00,NULL),(370,'2016-03-05',2,NULL,57,115000.00,NULL),(371,'2016-03-06',2,NULL,65,600000.00,NULL),(372,'2016-03-08',6,NULL,39,42500.00,NULL),(373,'2016-03-08',2,NULL,2,22200.00,NULL),(374,'2016-03-08',2,NULL,4,12500.00,NULL),(375,'2016-03-07',2,NULL,4,37900.00,NULL),(376,'2016-03-07',2,NULL,2,74600.00,NULL),(377,'2016-03-07',2,NULL,39,55000.00,NULL),(378,'2016-03-07',2,NULL,39,69000.00,NULL),(379,'2016-03-06',2,NULL,39,11900.00,NULL),(380,'2016-03-06',2,NULL,5,17600.00,NULL),(381,'2016-03-06',2,NULL,4,134400.00,NULL),(382,'2016-03-06',2,NULL,2,64200.00,NULL),(383,'2016-03-08',2,NULL,66,240000.00,NULL),(384,'2016-03-05',2,NULL,66,92900.00,NULL),(385,'2016-03-08',2,NULL,2,12700.00,NULL),(386,'2016-02-29',1,16,NULL,11.66,X''),(387,'2016-03-05',5,NULL,33,100.00,NULL),(388,'2016-03-05',NULL,1,33,89.29,NULL),(389,'2016-03-09',1,17,NULL,53.00,NULL),(390,'2016-03-08',1,18,NULL,31.64,NULL),(391,'2016-02-29',NULL,4,44,2804.00,NULL),(392,'2016-03-10',NULL,4,12,31142896.00,NULL),(393,'2016-03-10',4,NULL,13,3900.00,NULL),(394,'2016-03-10',4,2,NULL,8000000.00,NULL),(396,'2016-03-10',2,NULL,33,6879000.00,NULL),(397,'2016-03-10',NULL,3,33,300.00,NULL),(398,'2016-03-10',3,1,NULL,250.00,NULL),(399,'2016-03-10',2,NULL,2,58000.00,NULL),(400,'2016-03-09',1,NULL,2,6.53,NULL),(406,'2016-03-09',1,NULL,67,4.38,NULL),(407,'2016-03-10',2,NULL,68,138200.00,NULL),(408,'2016-03-10',2,NULL,41,18600.00,NULL),(409,'2016-03-11',2,NULL,69,66200.00,NULL),(410,'2016-03-11',2,NULL,70,188400.00,NULL),(411,'2016-03-11',3,19,NULL,29.16,NULL),(412,'2016-03-11',19,NULL,71,14.58,NULL),(414,'2016-03-11',17,NULL,73,15.14,NULL),(415,'2016-03-12',16,NULL,74,5.83,NULL),(416,'2016-03-12',1,20,NULL,65.42,NULL),(417,'2016-03-12',20,NULL,75,18.69,NULL),(418,'2016-03-13',18,NULL,76,15.82,NULL),(419,'2016-03-13',1,21,NULL,11.00,NULL),(420,'2016-03-13',3,NULL,77,20.84,NULL),(422,'2016-03-13',1,NULL,77,91.16,NULL),(423,'2016-03-13',1,NULL,78,45.00,NULL),(426,'2016-03-10',4,NULL,80,200000.00,NULL),(427,'2016-03-10',4,NULL,79,249750.00,NULL),(428,'2016-03-14',4,NULL,2,53200.00,NULL),(429,'2016-03-13',22,2,NULL,50000.00,NULL),(430,'2016-03-13',2,NULL,81,240000.00,NULL),(431,'2016-03-18',5,NULL,7,600.00,X'E7E020F4E5E2F0E0EBFC2C20ECE0F0F2'),(432,'2016-03-18',5,23,NULL,30.00,NULL),(434,'2016-03-21',4,NULL,2,149000.00,NULL),(435,'2016-03-15',4,NULL,2,39400.00,NULL),(436,'2016-03-18',2,NULL,2,31700.00,NULL),(437,'2016-03-19',2,NULL,2,18700.00,NULL),(438,'2016-03-18',4,NULL,2,25600.00,NULL),(439,'2016-03-17',4,NULL,4,89800.00,NULL),(440,'2016-03-17',4,NULL,5,41000.00,NULL),(441,'2016-03-17',4,NULL,2,129700.00,NULL),(442,'2016-03-17',4,NULL,2,28700.00,NULL),(443,'2016-03-16',4,NULL,2,149000.00,NULL),(444,'2016-03-15',4,NULL,2,19000.00,NULL),(445,'2016-03-15',4,NULL,4,28000.00,NULL),(446,'2016-03-17',4,NULL,2,34500.00,NULL),(447,'2016-03-16',4,NULL,2,87700.00,NULL),(448,'2016-03-19',4,2,NULL,100000.00,NULL),(449,'2016-03-19',4,NULL,2,18200.00,NULL),(450,'2016-03-19',4,NULL,4,54100.00,NULL),(451,'2016-03-19',2,NULL,2,2600.00,NULL),(452,'2016-03-20',4,NULL,2,236500.00,NULL),(453,'2016-03-20',4,NULL,4,25000.00,NULL),(454,'2016-03-20',4,NULL,5,45400.00,NULL),(455,'2016-03-19',4,2,NULL,200000.00,NULL),(457,'2016-03-19',4,NULL,2,280300.00,NULL),(458,'2016-03-19',4,NULL,4,102800.00,NULL),(459,'2016-03-16',21,NULL,33,11.00,NULL),(460,'2016-03-16',NULL,2,33,255000.00,NULL),(461,'2016-03-15',14,1,NULL,46.00,NULL),(462,'2016-03-22',2,NULL,41,100000.00,NULL),(463,'2016-03-22',2,NULL,41,176300.00,NULL),(464,'2016-03-18',4,NULL,17,180000.00,NULL),(465,'2016-03-18',2,NULL,82,350000.00,NULL),(466,'2016-03-18',2,NULL,39,150000.00,X'CBE5EAE0F0F1F2E2EE20CCE0F0F2E5'),(467,'2016-03-17',4,NULL,18,60000.00,NULL),(468,'2016-03-22',4,NULL,14,248000.00,NULL),(469,'2016-03-22',1,NULL,3,2.55,NULL),(470,'2016-03-22',4,NULL,18,60000.00,NULL),(471,'2016-03-22',4,NULL,19,50000.00,NULL),(473,'2016-03-22',4,NULL,20,50000.00,NULL),(474,'2016-03-22',4,9,30,579000.00,NULL),(475,'2016-03-22',4,NULL,24,31700.00,NULL),(476,'2016-03-22',4,NULL,25,406400.00,NULL),(477,'2016-03-22',4,2,NULL,16200000.00,NULL),(478,'2016-03-22',2,NULL,33,16184000.00,NULL),(479,'2016-03-22',NULL,5,33,800.00,NULL),(480,'2016-03-22',2,NULL,2,25200.00,NULL),(481,'2016-03-22',2,NULL,2,25100.00,NULL),(482,'2016-03-22',4,NULL,20,10000.00,NULL),(483,'2016-03-24',4,2,NULL,300000.00,NULL),(484,'2016-03-23',4,NULL,2,111200.00,NULL),(485,'2016-03-23',4,NULL,5,11900.00,NULL),(486,'2016-03-23',2,NULL,2,34900.00,NULL),(487,'2016-03-22',2,NULL,2,85000.00,NULL),(488,'2016-03-22',2,NULL,2,45000.00,NULL),(489,'2016-03-24',4,NULL,2,33100.00,NULL),(490,'2016-03-24',4,2,NULL,600000.00,NULL),(491,'2016-03-23',4,NULL,2,48500.00,NULL),(492,'2016-03-25',2,NULL,2,39200.00,NULL),(493,'2016-03-24',4,NULL,2,117100.00,NULL),(494,'2016-03-24',4,NULL,4,33800.00,NULL),(495,'2016-03-24',2,NULL,2,23300.00,NULL),(496,'2016-03-24',2,NULL,26,259500.00,NULL),(497,'2016-03-25',2,NULL,46,150000.00,NULL),(498,'2016-03-24',4,NULL,23,290700.00,NULL),(499,'2016-03-24',5,23,NULL,20.00,NULL),(500,'2016-03-23',1,NULL,46,6.33,NULL),(501,'2016-03-27',2,NULL,4,71900.00,NULL),(502,'2016-03-26',4,NULL,2,44300.00,NULL),(503,'2016-03-27',4,NULL,28,166500.00,X'313520EBE8F2F0EEE2203932'),(504,'2016-03-25',4,NULL,2,132900.00,NULL),(505,'2016-03-26',2,NULL,2,83000.00,NULL),(506,'2016-03-25',2,NULL,2,99000.00,NULL),(507,'2016-03-26',2,NULL,16,16500.00,NULL),(508,'2016-03-26',4,NULL,2,144200.00,NULL),(509,'2016-03-26',4,NULL,4,116500.00,NULL),(510,'2016-03-30',NULL,6,43,4340000.00,NULL),(511,'2016-03-30',NULL,6,44,600.00,NULL),(512,'2016-03-30',6,2,NULL,1000000.00,NULL),(514,'2016-03-28',4,NULL,2,71900.00,NULL),(515,'2016-03-28',4,NULL,4,30800.00,NULL),(516,'2016-03-30',4,NULL,2,26000.00,NULL),(517,'2016-03-30',5,NULL,33,200.00,NULL),(518,'2016-03-30',NULL,1,33,174.22,NULL),(519,'2016-03-29',5,NULL,33,50.00,NULL),(520,'2016-03-29',NULL,1,33,44.25,NULL),(521,'2016-03-29',5,NULL,33,1000.00,NULL),(522,'2016-03-29',NULL,1,33,881.06,NULL),(523,'2016-03-29',4,NULL,2,149000.00,NULL),(524,'2016-03-30',4,NULL,2,39700.00,NULL),(525,'2016-03-30',4,NULL,2,119300.00,NULL),(526,'2016-03-30',4,NULL,4,29500.00,NULL),(528,'2016-03-29',4,2,NULL,117261.00,NULL),(529,'2016-03-29',2,NULL,27,200000.00,NULL),(531,'2016-03-31',2,NULL,14,100000.00,NULL),(532,'2016-03-28',2,NULL,2,5561.00,NULL),(533,'2016-03-31',6,NULL,21,702309.00,NULL),(534,'2016-04-05',2,NULL,2,8600.00,NULL),(535,'2016-04-03',6,NULL,2,288000.00,NULL),(536,'2016-04-05',2,NULL,2,27900.00,NULL),(537,'2016-04-03',2,NULL,2,125800.00,NULL),(538,'2016-04-03',2,NULL,5,7800.00,NULL),(539,'2016-04-03',2,NULL,2,58900.00,NULL),(540,'2016-04-03',6,2,NULL,1000000.00,NULL),(541,'2016-03-31',2,NULL,2,96300.00,NULL),(542,'2016-03-31',2,NULL,2,99000.00,NULL),(543,'2016-03-31',2,NULL,2,5000.00,NULL),(544,'2016-03-31',2,NULL,4,58000.00,NULL),(545,'2016-04-02',6,NULL,2,194600.00,NULL),(546,'2016-04-02',6,NULL,4,27600.00,NULL),(547,'2016-04-01',6,NULL,2,178600.00,NULL),(548,'2016-04-01',6,NULL,4,22900.00,NULL),(549,'2016-04-01',2,NULL,2,151600.00,NULL),(550,'2016-03-31',2,NULL,1,315300.00,NULL),(551,'2016-03-31',2,NULL,1,225000.00,NULL),(552,'2016-04-06',2,NULL,2,40300.00,NULL),(553,'2016-04-01',NULL,10,44,4.00,NULL),(554,'2016-04-06',2,NULL,83,200000.00,X'E220F0EEE42E20EAEEECE8F2E5F22E20CCE0F0F2E0'),(555,'2016-04-06',2,NULL,83,150000.00,X'E220F0EEE42E20EAEEECECE8F2E5F220C8E3EEF0FC'),(556,'2016-04-06',2,NULL,41,20000.00,NULL),(557,'2016-04-06',2,NULL,5,100000.00,NULL),(558,'2016-04-06',2,NULL,39,100000.00,NULL),(559,'2016-04-01',NULL,6,44,90.00,NULL),(560,'2016-04-09',4,NULL,4,77900.00,NULL),(561,'2016-04-09',4,NULL,2,201600.00,NULL),(562,'2016-04-10',4,NULL,2,128500.00,NULL),(563,'2016-04-10',4,NULL,39,8200.00,NULL),(564,'2016-04-10',4,2,NULL,30000.00,NULL),(565,'2016-04-10',4,NULL,2,127500.00,NULL),(566,'2016-04-10',20,NULL,33,28.04,NULL),(567,'2016-04-10',NULL,5,33,33.14,NULL),(568,'2016-04-10',17,NULL,33,22.73,NULL),(569,'2016-04-10',NULL,5,33,26.86,NULL),(570,'2016-04-09',2,NULL,2,19700.00,NULL),(571,'2016-04-08',2,NULL,2,33300.00,NULL),(572,'2016-04-10',4,2,NULL,1000000.00,NULL),(573,'2016-04-08',2,NULL,2,135200.00,NULL),(574,'2016-04-07',2,NULL,2,149000.00,NULL),(575,'2016-04-06',2,NULL,2,72300.00,NULL),(576,'2016-04-06',2,NULL,4,36900.00,NULL),(577,'2016-04-07',6,2,NULL,950000.00,NULL),(578,'2016-04-08',2,NULL,2,139000.00,NULL),(579,'2016-04-08',2,NULL,4,58000.00,NULL),(581,'2016-04-08',NULL,4,12,20715839.00,NULL),(582,'2016-04-08',4,NULL,13,3900.00,NULL),(583,'2016-04-09',4,NULL,3,165000.00,NULL),(584,'2016-04-11',4,24,NULL,452200.00,X'E7E0EBEEE6E8EB20C8F0E520E7E020D4E0E1E5F0EBE8EA'),(585,'2016-04-11',NULL,4,38,1100.00,NULL),(586,'2016-04-10',2,26,NULL,200000.00,NULL),(588,'2016-04-10',2,NULL,84,350000.00,NULL),(589,'2016-04-10',2,NULL,85,80000.00,NULL),(590,'2016-04-10',2,NULL,86,350000.00,NULL),(591,'2016-04-08',2,NULL,15,11000.00,NULL),(592,'2016-04-11',2,NULL,41,84000.00,NULL),(593,'2016-04-08',5,NULL,87,57.99,NULL),(594,'2016-04-08',2,NULL,33,231000.00,NULL),(595,'2016-04-08',NULL,5,33,11.27,NULL),(596,'2016-04-08',5,NULL,87,11.27,NULL),(597,'2016-04-08',5,NULL,88,58.91,NULL),(598,'2016-04-08',5,NULL,89,175.29,NULL),(599,'2016-04-08',5,NULL,90,7.81,NULL),(600,'2016-04-01',1,NULL,91,436.21,NULL),(601,'2016-04-01',1,NULL,92,415.96,NULL),(602,'2016-04-01',1,NULL,93,117.01,NULL),(606,'2016-04-07',1,NULL,94,62.42,NULL),(607,'2016-04-11',4,NULL,95,426400.00,NULL),(609,'2016-04-11',4,NULL,96,438984.00,NULL),(610,'2016-04-11',4,NULL,97,595140.00,NULL),(611,'2016-04-11',4,2,NULL,10000000.00,NULL),(612,'2016-04-11',2,NULL,33,10000000.00,NULL),(613,'2016-04-11',NULL,5,33,500.00,NULL),(614,'2016-04-11',4,2,NULL,100000.00,NULL),(615,'2016-04-11',4,NULL,2,40000.00,NULL),(616,'2016-04-11',2,NULL,98,100000.00,NULL),(617,'2016-04-11',2,NULL,99,100000.00,NULL),(618,'2016-04-12',24,2,NULL,452200.00,NULL),(619,'2016-04-12',4,NULL,39,25200.00,NULL),(620,'2016-04-12',2,NULL,2,16600.00,NULL),(621,'2016-04-11',4,NULL,2,156300.00,NULL),(622,'2016-04-11',4,NULL,100,139300.00,NULL),(623,'2016-04-12',4,NULL,2,129600.00,NULL),(624,'2016-04-13',4,NULL,2,54000.00,NULL),(625,'2016-04-13',4,NULL,28,222000.00,NULL),(626,'2016-04-13',4,NULL,39,3015.00,NULL),(627,'2016-04-12',2,NULL,41,97200.00,NULL),(628,'2016-04-15',2,NULL,2,27400.00,NULL),(629,'2016-04-15',2,NULL,33,10102500.00,NULL),(630,'2016-04-15',NULL,3,33,450.00,NULL),(631,'2016-04-15',3,1,NULL,150.00,NULL),(632,'2016-04-15',2,NULL,2,15000.00,NULL),(633,'2016-04-15',4,2,NULL,10200000.00,NULL),(634,'2016-04-14',NULL,4,12,17298819.00,NULL),(635,'2016-04-15',4,NULL,17,180000.00,NULL),(636,'2016-04-15',4,NULL,20,20000.00,NULL),(637,'2016-04-15',4,NULL,19,30000.00,NULL),(638,'2016-04-15',4,NULL,18,210000.00,NULL),(639,'2016-04-15',4,NULL,39,30000.00,NULL),(640,'2016-04-15',4,9,30,579000.00,NULL),(641,'2016-04-15',4,NULL,25,83900.00,NULL),(642,'2016-04-15',4,NULL,21,790311.00,NULL),(643,'2016-04-15',4,NULL,23,229900.00,NULL),(644,'2016-04-15',4,NULL,24,31800.00,NULL),(645,'2016-04-14',4,2,NULL,1000000.00,NULL),(647,'2016-04-14',4,2,NULL,400000.00,NULL),(648,'2016-04-15',4,NULL,2,304700.00,NULL),(649,'2016-04-13',4,NULL,2,77300.00,NULL),(650,'2016-04-13',4,NULL,39,54000.00,NULL),(651,'2016-04-13',2,NULL,14,170000.00,NULL),(652,'2016-04-13',2,NULL,101,270000.00,NULL),(653,'2016-04-27',2,NULL,2,109500.00,NULL),(654,'2016-04-16',3,NULL,102,31.00,NULL),(655,'2016-04-17',3,NULL,103,133.00,NULL),(656,'2016-04-25',3,27,NULL,14.95,NULL),(657,'2016-04-25',2,NULL,104,246300.00,NULL),(658,'2016-04-25',4,NULL,104,1672785.00,NULL),(659,'2016-04-25',3,NULL,104,110.03,NULL),(660,'2016-04-25',1,NULL,104,297.14,NULL),(661,'2016-04-27',4,NULL,19,20000.00,NULL),(662,'2016-05-04',27,NULL,33,14.95,NULL),(663,'2016-05-04',NULL,2,33,330000.00,NULL),(664,'2016-04-30',NULL,6,44,127.00,NULL),(665,'2016-05-04',2,NULL,2,35500.00,NULL),(666,'2016-05-04',4,NULL,1,225000.00,NULL),(667,'2016-05-03',4,NULL,2,174300.00,NULL),(668,'2016-05-03',4,NULL,4,25000.00,NULL),(669,'2016-05-04',4,NULL,1,315300.00,NULL),(670,'2016-04-30',4,NULL,2,170300.00,NULL),(673,'2016-05-04',2,NULL,2,101500.00,NULL),(674,'2016-05-04',2,NULL,2,18300.00,NULL),(675,'2016-05-04',2,NULL,100,83600.00,NULL),(676,'2016-05-01',4,NULL,2,15000.00,NULL),(677,'2016-05-01',4,NULL,4,70300.00,NULL),(678,'2016-04-30',4,NULL,2,59800.00,NULL),(679,'2016-04-30',4,NULL,4,150600.00,NULL),(680,'2016-05-02',4,NULL,2,193200.00,NULL),(681,'2016-04-30',4,NULL,2,180000.00,NULL),(682,'2016-04-27',4,2,NULL,500000.00,NULL),(683,'2016-04-29',4,NULL,2,28300.00,NULL),(684,'2016-04-29',4,NULL,4,59800.00,NULL),(685,'2016-04-27',4,NULL,2,171800.00,NULL),(686,'2016-04-30',4,NULL,4,300000.00,NULL),(687,'2016-04-30',4,2,NULL,202800.00,NULL),(688,'2016-04-29',4,NULL,2,19600.00,NULL),(689,'2016-04-29',4,NULL,2,41300.00,NULL),(690,'2016-04-29',4,NULL,2,34500.00,NULL),(691,'2016-04-30',4,NULL,4,97200.00,NULL),(692,'2016-04-30',4,NULL,4,181000.00,NULL),(693,'2016-04-27',4,NULL,4,180000.00,NULL),(694,'2016-04-30',4,NULL,39,88292.00,NULL),(695,'2016-04-25',2,NULL,26,170000.00,NULL),(696,'2016-04-25',2,NULL,27,400000.00,NULL),(697,'2016-05-01',2,NULL,28,222000.00,NULL),(698,'2016-04-30',2,NULL,41,300000.00,NULL),(699,'2016-04-30',2,NULL,2,435100.00,NULL),(700,'2016-05-05',NULL,4,12,10587128.00,NULL),(701,'2016-05-05',4,NULL,13,3900.00,NULL),(702,'2016-05-05',4,NULL,2,112800.00,NULL),(703,'2016-05-05',4,NULL,4,35900.00,NULL),(704,'2016-05-05',4,NULL,105,445300.00,NULL),(705,'2016-05-07',2,NULL,105,121800.00,NULL),(706,'2016-05-07',4,2,NULL,200000.00,NULL),(707,'2016-05-07',4,NULL,4,96800.00,NULL),(708,'2016-05-07',2,NULL,2,10200.00,NULL),(709,'2016-05-05',4,NULL,5,4700.00,NULL),(710,'2016-05-06',2,NULL,2,17500.00,NULL),(711,'2016-05-06',4,2,NULL,200000.00,NULL),(712,'2016-05-07',4,2,NULL,300000.00,NULL),(713,'2016-05-06',4,NULL,28,299600.00,NULL),(714,'2016-05-07',2,NULL,2,39200.00,NULL),(715,'2016-05-06',2,NULL,105,185900.00,NULL),(716,'2016-05-06',2,NULL,105,250000.00,NULL),(717,'2016-05-07',4,NULL,105,211900.00,NULL),(718,'2016-05-05',2,NULL,2,112000.00,NULL),(719,'2016-05-07',2,NULL,2,56400.00,NULL),(720,'2016-05-08',4,NULL,3,165000.00,NULL),(721,'2016-05-09',4,NULL,2,108400.00,NULL),(722,'2016-05-08',4,NULL,2,252100.00,NULL),(723,'2016-05-08',4,NULL,4,352900.00,NULL),(724,'2016-05-10',4,NULL,2,75500.00,NULL),(725,'2016-05-10',4,NULL,28,222000.00,NULL),(726,'2016-05-10',4,2,NULL,1600000.00,NULL),(727,'2016-05-10',2,NULL,106,1300000.00,NULL),(728,'2016-05-11',2,NULL,2,14600.00,NULL),(730,'2016-05-10',4,NULL,2,72000.00,NULL),(731,'2016-05-11',2,NULL,2,38700.00,NULL),(732,'2016-05-10',2,NULL,2,31300.00,NULL),(733,'2016-05-11',2,NULL,2,38300.00,NULL),(734,'2016-05-12',4,NULL,2,143000.00,NULL),(735,'2016-05-10',4,NULL,17,180000.00,NULL),(736,'2016-05-10',4,NULL,4,52400.00,NULL),(737,'2016-05-12',2,NULL,39,232100.00,NULL),(738,'2016-05-14',4,NULL,2,75900.00,NULL),(739,'2016-05-14',4,NULL,4,165300.00,NULL),(740,'2016-05-15',4,NULL,2,198000.00,NULL),(741,'2016-05-14',4,NULL,2,37300.00,NULL),(742,'2016-05-14',4,NULL,5,11900.00,NULL),(743,'2016-05-13',4,NULL,2,42100.00,NULL),(744,'2016-05-12',4,NULL,2,51000.00,NULL),(745,'2016-05-12',4,NULL,4,53500.00,NULL),(746,'2016-05-12',4,NULL,5,57800.00,NULL),(747,'2016-05-14',4,2,NULL,400000.00,NULL),(748,'2016-05-15',4,NULL,2,131100.00,NULL),(749,'2016-05-14',2,NULL,107,200000.00,X'E0E2E0EDF120EAE0F4E520CBE8ECEFEEEFEE'),(750,'2016-05-16',2,NULL,14,150000.00,NULL),(751,'2016-05-17',4,NULL,2,115000.00,NULL),(752,'2016-05-16',2,NULL,4,41500.00,NULL),(753,'2016-05-16',4,NULL,2,40600.00,NULL),(754,'2016-05-16',4,NULL,4,27800.00,NULL),(755,'2016-05-17',2,NULL,41,179800.00,NULL),(756,'2016-05-20',5,NULL,7,600.00,X'E7E020E0EFF0E5EBFC2C20ECE0E9'),(757,'2016-05-19',2,8,NULL,600000.00,NULL),(758,'2016-05-20',2,NULL,2,21200.00,NULL),(759,'2016-05-19',4,NULL,2,49900.00,NULL),(760,'2016-05-19',4,NULL,4,28800.00,NULL),(761,'2016-05-19',4,2,NULL,200000.00,NULL),(762,'2016-05-19',4,NULL,2,20000.00,NULL),(763,'2016-05-19',4,NULL,2,29000.00,NULL),(764,'2016-05-18',4,NULL,2,19300.00,NULL),(765,'2016-05-17',4,NULL,2,82000.00,NULL),(766,'2016-05-19',4,NULL,2,33700.00,NULL),(767,'2016-05-18',2,NULL,2,45000.00,NULL),(768,'2016-05-17',4,2,NULL,200000.00,NULL),(769,'2016-05-17',2,NULL,83,200000.00,NULL),(771,'2016-05-18',4,2,NULL,472900.00,NULL),(772,'2016-05-20',2,NULL,41,22900.00,NULL),(773,'2016-05-17',4,NULL,107,349000.00,X'EFEEE4E0F0EEEA20C8E3EEF0FE202D20F4F3F2E1EEEBFCEDFBE920ECFFF7'),(774,'2016-05-20',4,NULL,21,406533.00,NULL),(775,'2016-05-20',4,NULL,24,33000.00,NULL),(776,'2016-05-20',4,9,30,579000.00,NULL),(777,'2016-05-20',4,NULL,19,50000.00,NULL),(778,'2016-05-21',7,5,NULL,500.00,NULL),(779,'2016-05-23',5,NULL,83,25.00,X'C2FBEFF3F1EAEDEEE920CCE0F0F2FB2E20EDE020EAEBEEF3EDE02E'),(780,'2016-05-21',8,2,NULL,600000.00,NULL),(781,'2016-05-22',26,2,NULL,100000.00,NULL),(782,'2016-05-21',4,2,NULL,2000000.00,NULL),(783,'2016-05-20',4,NULL,2,93300.00,NULL),(784,'2016-05-21',2,NULL,107,16000.00,NULL),(785,'2016-05-21',4,NULL,2,155300.00,NULL),(786,'2016-05-21',4,NULL,4,89900.00,NULL),(787,'2016-05-21',4,NULL,28,222000.00,NULL),(788,'2016-05-21',4,2,NULL,500000.00,NULL),(789,'2016-05-21',2,NULL,107,731500.00,X'F1F7B8F220EAE0F4E52E20E0E2E0EDF120F0E0EDE5E52E'),(790,'2016-05-21',2,NULL,107,650000.00,X'E4E5F2F1EAE8E920EAE2E5F1F2'),(791,'2016-05-20',2,NULL,107,500000.00,X'F2EEF0F220ECE0E9EDEAF0E0F4F2'),(792,'2016-05-23',2,NULL,41,100000.00,NULL),(793,'2016-05-21',2,NULL,107,233000.00,X'E8E3F0EEE2FBE520E0E2F2EEECE0F2FB'),(794,'2016-05-30',2,NULL,2,86000.00,NULL),(795,'2016-05-31',6,2,NULL,2000000.00,NULL),(796,'2016-05-31',2,NULL,33,1979000.00,NULL),(797,'2016-05-31',NULL,5,33,100.00,NULL),(798,'2016-05-30',4,NULL,2,36700.00,NULL),(799,'2016-05-30',4,NULL,2,19700.00,NULL),(800,'2016-05-28',4,NULL,2,241300.00,NULL),(801,'2016-05-28',4,NULL,4,35900.00,NULL),(802,'2016-05-27',4,NULL,2,190800.00,NULL),(803,'2016-05-27',4,NULL,4,59900.00,NULL),(804,'2016-05-25',2,NULL,2,28800.00,NULL),(805,'2016-05-24',2,NULL,2,87000.00,NULL),(806,'2016-05-24',2,NULL,5,10600.00,NULL),(807,'2016-05-25',2,NULL,2,45000.00,NULL),(808,'2016-05-26',2,NULL,2,64200.00,NULL),(809,'2016-05-24',2,NULL,2,23100.00,NULL),(810,'2016-05-23',2,NULL,2,143000.00,NULL),(811,'2016-05-23',2,NULL,2,36900.00,NULL),(812,'2016-05-26',2,NULL,2,78000.00,NULL),(813,'2016-05-27',2,NULL,2,59000.00,NULL),(814,'2016-05-30',2,NULL,2,47000.00,NULL),(815,'2016-05-28',4,NULL,2,105100.00,NULL),(816,'2016-05-29',4,NULL,2,222400.00,NULL),(817,'2016-05-28',2,NULL,2,140500.00,NULL),(818,'2016-05-28',4,NULL,39,370600.00,NULL),(819,'2016-05-28',4,2,NULL,400000.00,NULL),(820,'2016-05-24',4,NULL,23,357200.00,NULL),(821,'2016-05-24',4,NULL,25,223900.00,NULL),(822,'2016-05-31',NULL,4,44,3210.00,NULL),(823,'2016-05-25',2,NULL,26,150000.00,NULL),(824,'2016-05-31',2,NULL,41,208500.00,NULL),(825,'2016-05-30',NULL,6,43,3906000.00,NULL),(826,'2016-06-01',20,3,NULL,18.69,NULL),(827,'2016-06-01',19,3,NULL,14.58,NULL),(828,'2016-06-01',18,3,NULL,15.82,NULL),(829,'2016-06-01',17,3,NULL,15.13,NULL),(830,'2016-06-01',16,3,NULL,5.83,NULL),(831,'2016-06-01',13,22,NULL,50000.00,NULL),(832,'2016-06-01',13,NULL,33,658900.00,NULL),(833,'2016-06-01',NULL,3,33,29.95,NULL),(834,'2016-06-02',13,NULL,109,391100.00,NULL),(835,'2016-06-02',23,NULL,109,50.00,NULL),(836,'2016-06-02',2,NULL,2,34700.00,NULL),(837,'2016-06-02',6,2,NULL,50000.00,NULL),(838,'2016-05-31',6,NULL,2,69000.00,NULL),(839,'2016-05-31',6,NULL,4,72800.00,NULL),(840,'2016-05-31',6,NULL,2,226700.00,NULL),(841,'2016-06-01',6,NULL,2,78000.00,NULL),(842,'2016-05-31',NULL,6,44,63.00,NULL),(843,'2016-06-02',2,NULL,41,208000.00,NULL),(844,'2016-06-03',6,NULL,28,222000.00,NULL),(845,'2016-06-05',6,2,NULL,400000.00,NULL),(846,'2016-06-04',6,NULL,2,66500.00,NULL),(847,'2016-06-05',2,NULL,2,13600.00,NULL),(848,'2016-06-03',2,NULL,2,68500.00,NULL),(849,'2016-06-04',6,NULL,2,26600.00,NULL),(850,'2016-06-04',6,NULL,4,145800.00,NULL),(851,'2016-06-03',6,NULL,1,315300.00,NULL),(852,'2016-06-03',6,NULL,2,29000.00,NULL),(853,'2016-06-02',6,NULL,2,83800.00,NULL),(854,'2016-06-04',6,NULL,2,33100.00,NULL),(855,'2016-06-06',2,NULL,2,20000.00,NULL),(856,'2016-06-07',2,NULL,2,47000.00,NULL),(857,'2016-06-06',2,NULL,2,59000.00,NULL),(858,'2016-06-05',2,NULL,2,67000.00,NULL),(859,'2016-06-05',2,NULL,4,29800.00,NULL),(860,'2016-06-07',2,NULL,2,26800.00,NULL),(861,'2016-06-07',2,NULL,2,26900.00,NULL),(862,'2016-06-07',2,NULL,4,16900.00,NULL),(863,'2016-06-07',2,NULL,2,9900.00,NULL),(864,'2016-06-08',4,NULL,2,80100.00,NULL),(865,'2016-06-08',2,NULL,2,42800.00,NULL),(866,'2016-06-09',2,NULL,2,47000.00,NULL),(867,'2016-06-08',6,2,NULL,100000.00,NULL),(868,'2016-06-09',4,NULL,3,115000.00,NULL),(869,'2016-06-08',4,NULL,17,180000.00,NULL),(870,'2016-06-07',4,NULL,3,50000.00,NULL),(871,'2016-06-05',26,2,NULL,100000.00,NULL),(872,'2016-06-09',2,NULL,41,141800.00,NULL),(873,'2016-06-12',4,NULL,28,111000.00,NULL),(874,'2016-06-12',4,NULL,57,82000.00,NULL),(875,'2016-06-12',2,NULL,2,33800.00,NULL),(876,'2016-06-09',5,NULL,33,35.00,NULL),(877,'2016-06-09',NULL,2,33,685000.00,NULL),(878,'2016-06-09',2,NULL,2,126800.00,NULL),(879,'2016-06-09',2,NULL,5,13900.00,NULL),(880,'2016-06-09',2,NULL,2,12200.00,NULL),(881,'2016-06-10',2,NULL,2,117700.00,NULL),(882,'2016-06-14',4,NULL,2,78000.00,NULL),(883,'2016-06-13',4,NULL,2,59000.00,NULL),(884,'2016-06-14',4,2,NULL,100000.00,NULL),(885,'2016-06-11',2,NULL,2,35300.00,NULL),(886,'2016-06-11',2,NULL,2,86200.00,NULL),(887,'2016-06-12',4,NULL,2,132300.00,NULL),(888,'2016-06-15',4,NULL,2,48400.00,NULL),(889,'2016-06-15',4,NULL,28,222000.00,NULL),(890,'2016-06-14',4,NULL,2,80400.00,NULL),(891,'2016-06-14',4,NULL,4,73400.00,NULL),(892,'2016-06-12',4,NULL,4,189000.00,NULL),(893,'2016-06-12',4,2,NULL,150000.00,NULL),(894,'2016-06-12',4,NULL,2,147200.00,NULL),(895,'2016-06-12',4,NULL,4,150000.00,NULL),(896,'2016-06-10',NULL,4,12,15872473.00,NULL),(897,'2016-06-16',NULL,4,44,200.00,NULL),(898,'2016-06-16',2,NULL,4,192400.00,NULL),(899,'2016-06-16',2,NULL,39,150000.00,NULL),(900,'2016-06-16',2,NULL,41,150000.00,NULL),(901,'2016-06-18',2,NULL,2,96000.00,NULL),(902,'2016-06-17',4,NULL,2,15100.00,NULL),(903,'2016-06-16',4,NULL,2,95400.00,NULL),(904,'2016-06-16',4,NULL,5,24500.00,NULL),(905,'2016-06-16',5,NULL,33,450.00,NULL),(906,'2016-06-16',NULL,2,33,9004500.00,NULL),(907,'2016-06-16',2,4,NULL,8800000.00,NULL),(908,'2016-06-18',4,NULL,2,36000.00,NULL),(909,'2016-06-18',4,2,NULL,50000.00,NULL),(910,'2016-06-18',4,NULL,4,32800.00,NULL),(913,'2016-06-17',4,NULL,2,73000.00,NULL),(914,'2016-06-19',4,NULL,2,106400.00,NULL),(915,'2016-06-19',4,NULL,2,34900.00,NULL),(916,'2016-06-19',4,NULL,39,46400.00,NULL),(917,'2016-06-19',4,NULL,39,60000.00,NULL),(919,'2016-06-16',4,NULL,2,50700.00,NULL),(921,'2016-06-19',4,NULL,2,16100.00,NULL),(922,'2016-06-18',2,NULL,4,100000.00,NULL),(923,'2016-06-19',2,NULL,2,77800.00,NULL),(924,'2016-06-19',4,NULL,28,111000.00,NULL),(925,'2016-06-19',4,NULL,4,48700.00,NULL),(926,'2016-06-19',4,NULL,2,56500.00,NULL),(927,'2016-06-19',2,NULL,2,15000.00,NULL),(928,'2016-06-20',5,28,NULL,300.00,NULL),(929,'2016-06-20',4,NULL,19,30000.00,NULL),(930,'2016-06-20',4,NULL,20,30000.00,NULL),(931,'2016-06-20',4,NULL,18,60000.00,NULL),(932,'2016-06-20',4,NULL,21,760689.00,NULL),(933,'2016-06-20',4,NULL,24,33100.00,NULL),(934,'2016-06-20',4,9,30,579000.00,NULL),(935,'2016-06-20',4,NULL,23,334400.00,NULL),(936,'2016-06-25',2,NULL,4,100000.00,NULL),(937,'2016-06-25',2,NULL,2,101600.00,NULL),(938,'2016-06-26',2,NULL,2,88600.00,NULL),(939,'2016-06-25',2,NULL,28,222000.00,NULL),(940,'2016-06-25',2,NULL,4,109900.00,NULL),(941,'2016-06-25',2,NULL,NULL,178300.00,NULL),(942,'2016-06-26',2,NULL,2,105900.00,NULL),(943,'2016-06-24',28,NULL,33,300.00,NULL),(944,'2016-06-24',NULL,2,33,5980000.00,NULL),(945,'2016-06-23',2,NULL,2,59000.00,NULL),(946,'2016-06-23',4,NULL,14,62000.00,NULL),(947,'2016-06-22',2,NULL,2,41600.00,NULL),(948,'2016-06-23',2,NULL,2,63000.00,NULL),(949,'2016-06-21',2,NULL,4,29900.00,NULL),(950,'2016-06-21',2,NULL,2,79400.00,NULL),(951,'2016-06-21',2,NULL,2,63800.00,NULL),(952,'2016-06-20',4,2,NULL,20000000.00,NULL),(953,'2016-06-20',2,NULL,33,19770000.00,NULL),(954,'2016-06-20',NULL,5,33,1000.00,NULL),(955,'2016-06-21',4,2,NULL,300000.00,NULL),(956,'2016-06-22',2,NULL,2,10600.00,NULL),(957,'2016-06-20',2,NULL,2,42400.00,NULL),(958,'2016-06-21',2,NULL,2,30400.00,NULL),(959,'2016-06-22',2,NULL,2,27400.00,NULL),(960,'2016-06-24',2,NULL,2,57400.00,NULL),(961,'2016-06-20',2,NULL,110,140000.00,X'F4EEF2EE203220F7E5EB2E'),(962,'2016-06-29',2,NULL,2,45300.00,NULL),(963,'2016-06-29',2,NULL,4,30900.00,NULL),(964,'2016-06-29',2,NULL,2,90900.00,NULL),(965,'2016-06-26',2,NULL,2,27800.00,NULL),(966,'2016-06-26',2,NULL,2,38800.00,NULL),(967,'2016-06-27',2,NULL,2,117000.00,NULL),(968,'2016-06-28',2,NULL,2,19600.00,NULL),(969,'2016-06-28',2,NULL,2,32400.00,NULL),(970,'2016-06-27',2,NULL,4,64800.00,NULL),(971,'2016-06-27',2,NULL,2,88100.00,NULL),(973,'2016-06-22',29,3,111,20.00,NULL),(974,'2016-06-22',3,NULL,110,120.00,X'E2E8E7EEE2FBE920F1E1EEF0203220F7E5EB2E'),(975,'2016-06-20',2,NULL,110,140000.00,X'F1F2F0E0F5EEE2EAE8203220F8F22E'),(976,'2016-06-30',2,NULL,2,109000.00,NULL),(977,'2016-06-30',2,NULL,2,105900.00,NULL),(978,'2016-06-25',2,NULL,112,200000.00,NULL),(979,'2016-06-25',2,NULL,113,200000.00,NULL),(980,'2016-06-25',2,NULL,41,200000.00,NULL),(981,'2016-06-30',2,NULL,39,324000.00,NULL),(982,'2016-06-30',6,NULL,13,315.00,NULL),(983,'2016-06-30',NULL,6,43,4340000.00,NULL),(984,'2016-07-01',2,NULL,33,3126000.00,NULL),(986,'2016-07-01',NULL,30,33,312.60,NULL),(987,'2016-07-01',4,NULL,33,26112.00,NULL),(988,'2016-07-01',NULL,31,33,2.61,NULL),(989,'2016-07-01',6,NULL,33,4348677.00,NULL),(990,'2016-07-01',NULL,32,33,434.87,NULL),(991,'2016-07-01',NULL,9,33,2895000.00,NULL),(992,'2016-07-01',33,NULL,33,289.50,NULL),(993,'2016-07-01',10,NULL,33,40712.00,NULL),(994,'2016-07-01',NULL,34,33,4.07,NULL),(995,'2016-07-01',12,NULL,33,31970877.00,NULL),(996,'2016-07-01',NULL,35,33,3197.09,NULL),(997,'2016-07-01',31,NULL,3,2.61,NULL),(998,'2016-07-01',32,30,NULL,430.00,NULL),(999,'2016-07-01',30,NULL,2,1.55,NULL),(1000,'2016-07-01',30,NULL,2,14.20,NULL),(1001,'2016-07-02',30,NULL,39,3.40,NULL),(1002,'2016-07-02',30,NULL,2,15.20,NULL),(1003,'2016-07-02',30,NULL,4,3.08,NULL),(1004,'2016-07-07',30,NULL,2,9.43,NULL),(1005,'2016-07-03',30,NULL,1,31.53,NULL),(1006,'2016-07-02',30,NULL,2,20.40,NULL),(1008,'2016-07-04',30,NULL,2,3.00,NULL),(1009,'2016-07-04',30,NULL,33,501.25,NULL),(1010,'2016-07-04',NULL,5,33,250.00,NULL),(1011,'2016-07-04',30,NULL,2,10.30,NULL),(1013,'2016-07-02',30,NULL,2,18.02,NULL),(1014,'2016-07-02',30,NULL,4,7.01,NULL),(1015,'2016-07-04',30,NULL,2,8.12,NULL),(1016,'2016-07-05',30,NULL,2,3.93,NULL),(1017,'2016-07-05',30,NULL,2,10.32,NULL),(1018,'2016-07-06',30,NULL,2,1.46,NULL),(1019,'2016-07-06',30,NULL,2,4.50,NULL),(1021,'2016-07-05',30,NULL,114,10.00,NULL),(1022,'2016-07-04',30,NULL,115,40.00,NULL),(1023,'2016-07-07',30,NULL,2,7.20,NULL),(1025,'2016-07-03',7,5,NULL,400.00,NULL),(1026,'2016-07-08',NULL,31,12,1746.78,NULL),(1027,'2016-07-08',31,30,NULL,1720.00,NULL),(1028,'2016-07-08',30,NULL,33,1711.05,NULL),(1029,'2016-07-08',NULL,5,33,850.00,NULL),(1030,'2016-07-10',7,5,NULL,700.00,NULL),(1031,'2016-07-10',7,5,NULL,100.00,NULL),(1032,'2016-07-09',5,NULL,117,100.00,NULL),(1033,'2016-07-11',31,NULL,17,8.00,NULL),(1034,'2016-07-10',31,NULL,3,16.50,NULL),(1035,'2016-07-10',31,NULL,17,0.05,NULL),(1036,'2016-07-09',30,NULL,16,1.07,NULL),(1037,'2016-07-09',30,NULL,16,1.68,NULL),(1038,'2016-07-10',30,NULL,2,1.77,NULL),(1039,'2016-07-09',30,NULL,39,1.31,NULL),(1040,'2016-07-09',30,NULL,39,11.00,NULL),(1041,'2016-07-08',30,NULL,2,5.30,NULL),(1042,'2016-07-08',30,NULL,4,1.29,NULL),(1044,'2016-07-11',30,NULL,2,2.86,NULL),(1045,'2016-07-18',30,NULL,2,2.95,NULL),(1046,'2016-07-19',30,NULL,2,1.04,NULL),(1047,'2016-07-18',30,NULL,2,3.92,NULL),(1048,'2016-07-15',30,NULL,2,2.41,NULL),(1049,'2016-07-14',5,NULL,33,10.00,NULL),(1050,'2016-07-14',NULL,30,33,19.85,NULL),(1051,'2016-07-12',30,NULL,2,2.74,NULL),(1052,'2016-07-12',5,NULL,33,10.00,NULL),(1053,'2016-07-12',NULL,30,33,19.95,NULL),(1054,'2016-07-12',30,NULL,2,14.60,NULL),(1055,'2016-07-15',30,NULL,2,1.06,NULL),(1056,'2016-07-17',5,NULL,33,10.00,NULL),(1057,'2016-07-17',NULL,30,33,19.70,NULL),(1058,'2016-07-15',30,NULL,2,2.38,NULL),(1059,'2016-07-15',30,NULL,4,3.69,NULL),(1060,'2016-07-16',30,NULL,2,3.94,NULL),(1061,'2016-07-17',30,NULL,2,10.05,NULL),(1062,'2016-07-19',NULL,5,36,300.00,X'C4EEF0E0E1EEF2EAE02042657A52616D2C20F1E5F2E5E2E0FF20E2E5F0F1E8FF'),(1063,'2016-07-19',30,NULL,2,9.63,NULL),(1064,'2016-07-20',5,NULL,7,500.00,X'E7E0203220ECE5F1FFF6E020282D31303029'),(1065,'2016-07-26',29,3,NULL,100.00,NULL),(1066,'2016-07-26',3,NULL,33,100.00,NULL),(1067,'2016-07-26',NULL,30,33,218.50,NULL),(1068,'2016-07-19',30,NULL,2,7.38,NULL),(1069,'2016-07-20',30,NULL,2,2.04,NULL),(1070,'2016-07-19',30,31,NULL,170.00,NULL),(1071,'2016-07-19',30,NULL,2,2.04,NULL),(1072,'2016-07-19',30,NULL,2,2.56,NULL),(1073,'2016-07-19',5,NULL,33,120.00,NULL),(1074,'2016-07-19',NULL,30,33,237.00,NULL),(1075,'2016-07-21',30,NULL,2,1.16,NULL),(1076,'2016-07-23',31,NULL,28,12.33,NULL),(1078,'2016-07-22',31,NULL,2,2.92,NULL),(1079,'2016-07-21',30,NULL,2,3.24,NULL),(1080,'2016-07-23',31,NULL,28,11.10,NULL),(1081,'2016-07-25',30,NULL,28,11.10,NULL),(1082,'2016-07-25',30,NULL,39,0.61,NULL),(1083,'2016-07-26',30,NULL,2,5.44,NULL),(1084,'2016-07-26',30,NULL,2,6.70,NULL),(1085,'2016-07-27',30,NULL,2,9.38,NULL),(1086,'2016-07-26',30,NULL,2,1.58,NULL),(1087,'2016-07-29',30,NULL,2,2.41,NULL),(1088,'2016-07-31',30,NULL,2,17.97,NULL),(1089,'2016-07-31',30,NULL,5,1.19,NULL),(1090,'2016-07-28',30,NULL,2,14.40,NULL),(1091,'2016-07-30',30,NULL,2,4.45,NULL),(1092,'2016-07-31',30,NULL,2,11.05,NULL),(1093,'2016-07-30',30,NULL,2,4.31,NULL),(1094,'2016-07-30',30,NULL,4,13.54,NULL),(1095,'2016-07-29',NULL,32,43,434.00,NULL),(1096,'2016-07-31',32,30,NULL,435.00,NULL),(1097,'2016-07-27',30,NULL,119,10.00,NULL),(1098,'2016-07-20',36,NULL,6,17627.60,NULL),(1099,'2016-07-20',5,36,121,3099.90,NULL),(1100,'2016-07-20',30,NULL,13,7.63,NULL),(1101,'2016-07-20',5,NULL,33,0.10,NULL),(1102,'2016-07-20',NULL,30,33,0.20,NULL),(1103,'2016-07-28',30,NULL,122,65.00,NULL),(1104,'2016-07-27',30,NULL,3,5.00,NULL),(1105,'2016-07-31',30,NULL,28,50.00,NULL),(1106,'2016-07-31',30,NULL,41,28.89,NULL),(1107,'2016-07-31',30,NULL,2,25.00,NULL),(1108,'2016-07-20',31,NULL,23,26.76,NULL),(1110,'2016-07-20',31,NULL,30,57.90,NULL),(1111,'2016-07-20',31,NULL,24,3.31,NULL),(1112,'2016-07-20',31,NULL,21,47.56,NULL),(1113,'2016-07-20',31,NULL,17,9.95,NULL),(1114,'2016-08-02',30,NULL,28,11.10,NULL),(1115,'2016-08-02',29,3,NULL,250.00,NULL),(1116,'2016-08-02',3,NULL,33,250.00,NULL),(1117,'2016-08-02',NULL,30,33,555.50,NULL),(1118,'2016-08-02',30,31,NULL,900.00,NULL),(1119,'2016-08-01',30,NULL,2,6.40,NULL),(1120,'2016-08-02',30,NULL,2,1.58,NULL),(1121,'2016-08-02',30,NULL,2,4.50,NULL),(1123,'2016-08-02',30,NULL,2,7.40,NULL),(1124,'2016-08-02',30,NULL,15,1.10,NULL),(1125,'2016-08-02',30,NULL,39,2.69,NULL),(1126,'2016-08-03',31,30,NULL,800.00,NULL),(1127,'2016-08-03',30,NULL,123,252.00,NULL),(1128,'2016-08-04',30,NULL,123,6.30,NULL),(1129,'2016-08-03',30,NULL,124,42.02,NULL),(1130,'2016-08-03',30,NULL,28,11.10,NULL),(1131,'2016-08-03',30,NULL,33,111.60,NULL),(1132,'2016-08-03',NULL,3,33,50.00,NULL),(1133,'2016-08-03',3,NULL,125,50.00,NULL),(1134,'2016-08-03',30,NULL,126,5.00,NULL),(1135,'2016-08-04',30,NULL,2,1.99,NULL),(1136,'2016-08-04',30,NULL,2,2.15,NULL),(1137,'2016-08-03',30,NULL,2,8.40,NULL),(1138,'2016-08-03',30,NULL,2,1.75,NULL),(1139,'2016-08-04',30,NULL,2,5.30,NULL),(1140,'2016-08-04',30,NULL,4,10.72,NULL),(1141,'2016-08-03',30,NULL,57,23.77,NULL),(1142,'2016-08-03',30,NULL,127,19.05,NULL),(1143,'2016-08-03',30,NULL,2,0.98,NULL),(1144,'2016-08-03',30,NULL,128,41.00,NULL),(1145,'2016-08-05',30,NULL,41,49.63,NULL),(1146,'2016-08-05',31,NULL,13,0.39,NULL),(1147,'2016-08-05',31,NULL,20,2.00,NULL),(1148,'2016-08-05',31,NULL,3,16.50,NULL),(1149,'2016-08-05',31,NULL,18,6.00,NULL),(1150,'2016-08-05',30,NULL,33,221.60,NULL),(1151,'2016-08-05',NULL,3,33,100.00,NULL),(1152,'2016-08-05',30,NULL,28,5.00,NULL),(1153,'2016-08-10',30,NULL,28,7.00,NULL),(1154,'2016-08-10',31,NULL,2,9.73,NULL),(1155,'2016-08-10',31,NULL,4,1.69,NULL),(1156,'2016-08-10',30,NULL,2,1.63,NULL),(1157,'2016-08-10',31,30,NULL,2200.00,NULL),(1158,'2016-08-10',NULL,31,12,2337.13,NULL),(1159,'2016-08-08',30,NULL,2,3.15,NULL),(1160,'2016-08-08',31,NULL,28,11.10,NULL),(1161,'2016-08-09',30,NULL,2,1.55,NULL),(1162,'2016-08-09',30,NULL,2,3.01,NULL),(1163,'2016-08-08',30,NULL,2,8.07,NULL),(1164,'2016-08-07',3,NULL,129,23.40,NULL),(1165,'2016-08-07',3,NULL,130,27.00,NULL),(1166,'2016-08-07',3,NULL,131,56.07,NULL),(1167,'2016-07-07',31,30,NULL,14.00,NULL),(1168,'2016-07-07',31,NULL,131,50.46,NULL),(1169,'2016-08-16',31,NULL,15,1.10,NULL),(1171,'2016-08-16',1,NULL,4,2.92,NULL),(1172,'2016-08-16',1,NULL,2,4.68,NULL),(1173,'2016-08-16',1,NULL,2,2.70,NULL),(1174,'2016-08-16',7,5,NULL,150.00,NULL),(1175,'2016-08-16',37,5,NULL,150.00,NULL),(1176,'2016-08-11',30,NULL,33,2192.00,NULL),(1177,'2016-08-11',NULL,1,33,1000.00,NULL),(1178,'2016-08-11',31,30,NULL,90.00,NULL),(1179,'2016-08-11',30,NULL,2,4.29,NULL),(1180,'2016-08-11',31,NULL,28,11.10,NULL),(1181,'2016-08-12',30,NULL,2,5.90,NULL),(1182,'2016-08-15',31,NULL,28,8.00,NULL),(1183,'2016-08-17',1,NULL,28,5.08,NULL),(1184,'2016-08-17',1,NULL,2,1.56,NULL),(1185,'2016-08-13',31,NULL,2,3.34,NULL),(1186,'2016-08-13',31,NULL,2,1.72,NULL),(1187,'2016-08-11',30,NULL,2,13.34,NULL),(1188,'2016-08-14',31,NULL,2,6.00,NULL),(1189,'2016-08-11',1,29,111,388.00,NULL),(1190,'2016-08-11',1,NULL,132,517.35,NULL),(1191,'2016-08-16',1,NULL,133,19.44,NULL),(1192,'2016-08-11',30,NULL,134,70.11,NULL),(1193,'2016-08-17',5,36,121,300.00,NULL),(1194,'2016-08-17',1,NULL,33,4.61,NULL),(1195,'2016-08-07',NULL,30,33,10.00,NULL),(1196,'2016-08-17',30,NULL,2,3.44,NULL),(1197,'2016-08-18',30,NULL,2,2.42,NULL),(1198,'2016-08-17',30,NULL,2,4.81,NULL),(1199,'2016-08-19',30,NULL,13,2.78,NULL),(1200,'2016-08-19',31,NULL,15,4.10,NULL),(1201,'2016-08-19',NULL,31,12,1706.40,NULL),(1202,'2016-08-19',31,NULL,21,52.55,NULL),(1203,'2016-08-19',31,NULL,24,3.31,NULL),(1204,'2016-08-19',31,NULL,30,57.90,NULL),(1205,'2016-08-19',31,NULL,17,14.00,NULL),(1206,'2016-09-12',31,NULL,2,3.98,NULL),(1207,'2016-09-09',31,30,NULL,330.00,NULL),(1208,'2016-09-09',31,30,NULL,70.00,NULL),(1209,'2016-09-09',31,NULL,2,2.05,NULL),(1210,'2016-09-13',31,NULL,2,2.90,NULL),(1211,'2016-09-14',31,NULL,2,4.77,NULL),(1212,'2016-09-13',31,30,NULL,10.00,NULL),(1213,'2016-09-09',31,NULL,1,11.10,NULL),(1214,'2016-09-11',30,NULL,2,5.16,NULL),(1215,'2016-09-15',30,NULL,15,6.00,NULL),(1216,'2016-09-11',31,NULL,2,7.84,NULL),(1217,'2016-09-10',31,NULL,2,7.24,NULL),(1218,'2016-09-10',31,NULL,4,2.68,NULL),(1219,'2016-09-12',31,NULL,2,3.67,NULL),(1220,'2016-09-12',31,NULL,4,7.19,NULL),(1221,'2016-09-08',31,NULL,2,4.26,NULL),(1222,'2016-09-08',31,NULL,2,5.87,NULL),(1223,'2016-09-09',31,NULL,2,10.60,NULL),(1224,'2016-09-11',31,NULL,135,15.72,NULL),(1225,'2016-09-11',31,NULL,135,25.79,NULL),(1226,'2016-08-19',31,30,NULL,310.00,NULL),(1227,'2016-08-19',31,30,NULL,1250.00,NULL),(1228,'2016-08-19',31,30,NULL,5.00,NULL),(1229,'2016-08-19',31,30,NULL,10.00,NULL),(1230,'2016-08-29',7,5,NULL,200.00,NULL),(1231,'2016-08-31',38,NULL,33,550.00,NULL),(1232,'2016-08-31',NULL,31,33,1074.00,NULL),(1235,'2016-08-31',40,31,NULL,100.00,NULL),(1236,'2016-08-31',41,NULL,33,100.00,NULL),(1237,'2016-08-31',NULL,31,33,195.00,NULL),(1239,'2016-08-31',43,NULL,33,100.00,NULL),(1240,'2016-08-31',NULL,31,33,195.00,NULL),(1241,'2016-08-31',44,31,NULL,100.00,NULL),(1242,'2016-09-01',46,NULL,33,300.00,NULL),(1243,'2016-09-01',NULL,31,33,586.00,NULL),(1244,'2016-09-01',47,NULL,33,200.00,NULL),(1245,'2016-09-01',NULL,31,33,390.00,NULL),(1246,'2016-09-01',49,31,NULL,300.00,NULL),(1247,'2016-09-01',48,NULL,33,100.00,NULL),(1248,'2016-09-01',NULL,31,33,195.00,NULL),(1249,'2016-09-01',43,NULL,33,25.00,NULL),(1250,'2016-09-01',NULL,31,33,49.00,NULL),(1251,'2016-09-01',50,NULL,33,20.00,NULL),(1252,'2016-09-01',NULL,31,33,44.00,NULL),(1253,'2016-09-05',51,3,NULL,100.00,NULL),(1254,'2016-09-05',50,3,NULL,16.00,NULL),(1255,'2016-09-06',40,31,NULL,220.00,NULL),(1256,'2016-09-06',41,NULL,33,50.00,NULL),(1257,'2016-09-06',NULL,31,33,98.00,NULL),(1258,'2016-09-05',52,31,NULL,558.25,NULL),(1259,'2016-09-05',53,31,NULL,558.25,NULL),(1260,'2016-09-09',NULL,31,12,1051.62,NULL),(1261,'2016-09-10',31,NULL,17,18.00,NULL),(1262,'2016-09-11',3,NULL,136,130.00,NULL),(1263,'2016-09-08',1,NULL,137,51.97,NULL),(1264,'2016-09-08',31,NULL,33,110.89,NULL),(1265,'2016-09-08',NULL,3,33,50.45,NULL),(1267,'2016-09-08',5,NULL,137,200.00,NULL),(1268,'2016-09-08',30,NULL,137,1974.74,NULL),(1269,'2016-09-08',31,NULL,137,4589.27,NULL),(1270,'2016-09-20',31,NULL,2,2.57,NULL),(1271,'2016-09-15',31,NULL,2,5.10,NULL),(1272,'2016-09-17',31,NULL,2,4.38,NULL),(1273,'2016-09-17',31,30,NULL,15.00,NULL),(1274,'2016-09-17',31,NULL,2,6.32,NULL),(1275,'2016-09-19',31,30,NULL,320.00,NULL),(1276,'2016-09-20',31,30,NULL,5.00,NULL),(1277,'2016-09-19',30,NULL,2,10.10,NULL),(1279,'2016-09-18',30,NULL,4,2.89,NULL),(1281,'2016-09-20',30,NULL,1,11.10,NULL),(1282,'2016-09-17',31,NULL,28,12.54,NULL),(1283,'2016-09-18',30,NULL,28,11.10,NULL),(1284,'2016-09-16',31,NULL,2,5.34,NULL),(1285,'2016-09-15',31,NULL,2,4.85,NULL),(1286,'2016-09-18',54,5,NULL,100.00,NULL),(1287,'2016-09-19',3,NULL,33,40.00,NULL),(1288,'2016-09-19',NULL,30,NULL,86.96,NULL),(1289,'2016-09-19',5,NULL,33,100.00,NULL),(1290,'2016-09-19',NULL,30,33,194.80,NULL),(1291,'2016-09-20',30,NULL,33,586.83,NULL),(1292,'2016-09-20',NULL,5,33,300.00,NULL),(1293,'2016-09-20',5,36,121,300.00,NULL),(1294,'2016-09-20',31,30,NULL,5.00,NULL),(1296,'2016-09-18',30,NULL,2,4.57,NULL),(1297,'2016-09-21',31,NULL,30,57.90,NULL),(1298,'2016-09-30',NULL,32,43,395.00,NULL),(1299,'2016-10-10',NULL,31,12,1265.40,NULL),(1300,'2016-09-21',55,30,NULL,20.00,NULL),(1301,'2016-09-25',32,NULL,24,3.31,NULL),(1302,'2016-09-25',32,NULL,21,52.05,NULL),(1303,'2016-09-25',32,NULL,23,16.72,NULL),(1304,'2016-10-23',31,NULL,1,31.53,NULL),(1305,'2016-10-01',32,NULL,17,20.00,NULL),(1306,'2016-10-21',31,NULL,39,10.54,NULL),(1307,'2016-10-19',31,NULL,3,5.00,NULL),(1308,'2016-10-19',31,NULL,18,3.00,NULL),(1309,'2016-10-19',31,NULL,20,5.00,NULL),(1310,'2016-10-22',31,NULL,14,8.00,NULL),(1311,'2016-10-24',30,NULL,2,20.23,NULL),(1312,'2016-10-23',31,30,NULL,10.00,NULL),(1313,'2016-10-23',30,NULL,39,10.00,NULL),(1314,'2016-10-23',32,NULL,19,10.00,NULL),(1315,'2016-10-23',31,NULL,16,15.00,NULL),(1316,'2016-10-23',32,NULL,2,268.27,NULL),(1318,'2016-10-23',32,NULL,41,27.73,NULL),(1319,'2016-10-23',31,NULL,41,72.27,NULL),(1320,'2016-10-23',31,NULL,4,100.00,NULL),(1321,'2016-10-24',31,30,NULL,600.00,NULL),(1322,'2016-10-24',31,NULL,2,11.50,NULL),(1323,'2016-10-24',30,55,138,20.00,NULL),(1324,'2016-10-24',30,NULL,33,571.44,NULL),(1325,'2016-10-24',NULL,5,33,300.00,NULL),(1326,'2016-10-24',5,NULL,121,300.00,NULL),(1327,'2016-10-24',30,NULL,13,1.50,NULL),(1328,'2016-10-24',31,33,30,57.90,NULL),(1329,'2016-10-24',31,NULL,21,54.79,NULL),(1330,'2016-10-24',31,NULL,24,3.31,NULL),(1331,'2016-10-24',31,NULL,23,50.73,NULL),(1332,'2016-10-29',31,NULL,2,22.89,NULL),(1333,'2016-10-29',31,NULL,2,4.65,NULL),(1334,'2016-10-29',31,NULL,2,17.64,NULL),(1335,'2016-10-29',31,NULL,4,9.83,NULL),(1336,'2016-10-28',30,NULL,2,5.11,NULL),(1337,'2016-10-28',30,NULL,4,2.38,NULL),(1338,'2016-10-25',31,NULL,2,5.42,NULL),(1339,'2016-10-25',31,NULL,39,23.49,NULL),(1340,'2016-10-27',31,NULL,2,5.53,NULL),(1341,'2016-10-28',30,NULL,2,10.70,NULL),(1342,'2016-10-27',31,NULL,2,4.50,NULL),(1343,'2016-10-24',30,NULL,2,5.59,NULL),(1344,'2016-10-25',31,NULL,2,10.20,NULL),(1345,'2016-10-26',31,NULL,2,14.90,NULL),(1346,'2016-10-27',31,30,NULL,1920.00,NULL),(1347,'2016-10-27',30,NULL,33,1910.00,NULL),(1348,'2016-10-27',NULL,5,33,1000.00,NULL),(1349,'2016-10-27',30,NULL,2,21.88,NULL),(1350,'2016-10-28',31,NULL,28,11.10,NULL),(1351,'2016-10-28',5,NULL,7,1000.00,NULL),(1352,'2016-10-28',31,30,NULL,61.60,NULL),(1353,'2016-10-26',NULL,31,12,1955.13,NULL),(1354,'2016-10-30',30,NULL,2,7.00,NULL),(1355,'2016-10-31',30,NULL,41,11.00,NULL),(1356,'2016-11-09',30,NULL,2,9.95,NULL),(1357,'2016-11-09',30,NULL,28,5.35,NULL),(1358,'2016-11-09',30,NULL,2,10.80,NULL),(1359,'2016-11-05',30,NULL,3,5.00,NULL),(1360,'2016-11-04',31,30,NULL,40.00,NULL),(1361,'2016-11-03',31,30,NULL,5.00,NULL),(1362,'2016-11-06',30,NULL,2,4.47,NULL),(1363,'2016-11-06',30,NULL,4,3.69,NULL),(1364,'2016-11-04',30,NULL,139,18.68,NULL),(1365,'2016-11-05',30,NULL,2,5.60,NULL),(1366,'2016-11-09',5,NULL,33,20.00,NULL),(1367,'2016-11-09',NULL,30,33,38.12,NULL),(1368,'2016-11-08',31,NULL,2,2.40,NULL),(1369,'2016-11-08',31,NULL,2,10.25,NULL),(1370,'2016-11-01',31,NULL,2,8.44,NULL),(1371,'2016-11-04',30,NULL,2,5.43,NULL),(1372,'2016-11-02',30,NULL,2,7.66,NULL),(1373,'2016-11-02',30,NULL,2,2.40,NULL),(1374,'2016-11-04',30,NULL,2,5.81,NULL),(1375,'2016-11-07',30,NULL,2,5.62,NULL),(1376,'2016-11-07',30,NULL,39,10.30,NULL),(1377,'2016-10-31',31,NULL,2,8.43,NULL),(1378,'2016-11-05',NULL,5,140,190.00,NULL),(1379,'2016-11-02',31,NULL,17,18.00,NULL),(1380,'2016-11-03',31,NULL,19,5.00,NULL),(1381,'2016-11-03',31,NULL,39,3.00,NULL),(1382,'2016-11-01',NULL,31,36,0.32,NULL),(1383,'2016-11-05',NULL,30,141,20.00,NULL),(1386,'2016-11-05',30,NULL,28,5.36,NULL),(1387,'2016-11-10',NULL,31,21,629.68,NULL),(1388,'2016-11-10',31,NULL,3,10.00,NULL),(1389,'2016-11-10',31,NULL,13,0.39,NULL),(1390,'2016-11-11',31,30,NULL,39.24,NULL),(1391,'2016-11-11',31,30,NULL,580.00,NULL),(1392,'2016-11-10',30,NULL,2,6.82,NULL),(1393,'2016-11-11',30,NULL,2,9.48,NULL),(1394,'2016-11-14',30,NULL,2,5.96,NULL),(1395,'2016-11-11',30,NULL,28,11.10,NULL),(1396,'2016-11-11',30,NULL,57,9.00,NULL),(1397,'2016-11-13',30,NULL,14,10.00,NULL),(1398,'2016-11-13',30,NULL,2,8.68,NULL),(1399,'2016-11-11',30,NULL,4,3.89,NULL),(1400,'2016-11-11',30,NULL,2,21.56,NULL),(1401,'2016-11-12',30,NULL,2,12.22,NULL),(1402,'2016-11-14',30,NULL,41,1.04,NULL),(1403,'2016-11-20',30,NULL,2,18.03,NULL),(1404,'2016-11-18',30,NULL,2,10.26,NULL),(1405,'2016-11-21',30,NULL,2,10.25,NULL),(1406,'2016-11-17',30,NULL,2,5.68,NULL),(1407,'2016-11-20',30,NULL,2,6.30,NULL),(1408,'2016-11-18',30,NULL,2,3.65,NULL),(1409,'2016-11-15',30,NULL,2,13.70,NULL),(1410,'2016-11-16',30,NULL,4,2.65,NULL),(1411,'2016-11-16',30,NULL,2,12.70,NULL),(1412,'2016-11-15',30,NULL,2,5.32,NULL),(1413,'2016-11-16',30,NULL,2,3.74,NULL),(1414,'2016-11-16',30,NULL,2,6.78,NULL),(1415,'2016-11-14',30,NULL,2,5.53,NULL),(1417,'2016-11-14',30,NULL,2,15.10,NULL),(1418,'2016-11-14',5,NULL,33,170.00,NULL),(1419,'2016-11-14',NULL,30,33,330.36,NULL),(1420,'2016-11-14',30,NULL,33,584.49,NULL),(1421,'2016-11-14',NULL,5,33,300.00,NULL),(1422,'2016-11-14',5,NULL,121,300.00,NULL),(1423,'2016-11-14',30,8,NULL,50.00,NULL),(1424,'2016-11-22',30,NULL,41,30.80,NULL),(1425,'2016-11-28',30,NULL,2,1.17,NULL),(1426,'2016-11-29',30,NULL,2,3.44,NULL),(1427,'2016-11-28',32,NULL,2,0.85,NULL),(1428,'2016-12-01',30,NULL,2,10.43,NULL),(1429,'2016-12-01',30,NULL,4,4.97,NULL),(1430,'2016-11-30',30,NULL,2,7.39,NULL),(1431,'2016-11-25',30,NULL,2,3.85,NULL),(1432,'2016-11-22',30,NULL,1,11.10,NULL),(1433,'2016-11-22',30,NULL,2,15.10,NULL),(1434,'2016-11-23',30,NULL,2,5.53,NULL),(1435,'2016-11-30',32,30,NULL,300.00,NULL),(1436,'2016-12-02',30,NULL,1,11.10,NULL),(1437,'2016-12-15',30,NULL,2,1.06,NULL),(1438,'2016-11-30',NULL,32,43,434.00,NULL),(1439,'2016-11-30',30,NULL,27,40.00,NULL),(1440,'2016-11-25',8,NULL,21,54.31,NULL),(1441,'2016-11-30',8,NULL,17,5.00,NULL),(1442,'2016-11-23',30,NULL,142,30.00,NULL),(1443,'2016-11-02',30,NULL,41,60.01,NULL),(1444,'2016-12-02',32,33,30,57.80,NULL),(1445,'2016-12-02',32,NULL,3,10.00,NULL),(1446,'2016-12-02',32,NULL,19,5.00,NULL),(1447,'2016-12-02',32,NULL,18,2.00,NULL),(1448,'2016-12-02',32,NULL,20,4.00,NULL),(1449,'2016-12-02',32,NULL,17,18.00,NULL),(1450,'2016-12-02',32,NULL,23,21.85,NULL),(1451,'2016-12-02',32,NULL,13,0.01,NULL),(1452,'2016-12-28',30,8,NULL,9.31,NULL),(1453,'2016-12-28',29,3,NULL,18.00,NULL),(1454,'2016-12-28',30,33,NULL,173.80,NULL),(1455,'2016-12-28',5,36,NULL,300.00,NULL),(1456,'2016-12-28',30,52,NULL,558.25,NULL),(1457,'2016-12-28',30,53,NULL,558.25,NULL),(1458,'2016-12-28',56,30,NULL,20.00,NULL),(1459,'2016-12-28',57,5,NULL,600.00,NULL),(1460,'2016-10-20',5,36,NULL,300.00,NULL),(1461,'2016-11-20',5,36,NULL,300.00,NULL),(1462,'2017-01-20',5,36,NULL,300.00,NULL),(1463,'2017-01-30',44,31,NULL,50.00,NULL),(1464,'2017-02-11',30,56,NULL,20.00,NULL),(1465,'2017-02-11',56,30,NULL,100.00,NULL),(1466,'2017-01-01',57,5,NULL,300.00,NULL),(1467,'2017-01-18',5,57,NULL,800.00,NULL),(1468,'2017-02-01',57,5,NULL,300.00,NULL),(1469,'2017-02-16',5,36,NULL,300.00,NULL),(1470,'2017-03-15',5,36,NULL,300.00,NULL),(1471,'2017-02-15',5,37,NULL,150.00,NULL),(1472,'2017-02-15',NULL,41,NULL,150.00,NULL),(1473,'2017-02-15',31,NULL,NULL,150.00,NULL),(1474,'2017-02-15',NULL,44,NULL,150.00,NULL),(1475,'2017-02-15',NULL,47,NULL,200.00,NULL),(1476,'2016-02-15',NULL,51,NULL,100.00,NULL),(1481,'2017-03-12',NULL,54,NULL,100.00,NULL),(1482,'2017-02-28',30,56,NULL,100.00,NULL),(1483,'2017-03-01',57,5,NULL,300.00,NULL),(1485,'2017-03-12',NULL,56,NULL,110.00,NULL),(1486,'2017-03-12',NULL,58,NULL,20.00,NULL),(1487,'2017-02-15',NULL,44,NULL,150.00,NULL),(1488,'2017-03-12',44,NULL,NULL,50.00,NULL);

#
# Structure for table "customers"
#

CREATE TABLE `customers` (
  `Id` int(11) NOT NULL AUTO_INCREMENT,
  `user_id` int(11) NOT NULL DEFAULT '0',
  `notes` varchar(255) DEFAULT NULL,
  PRIMARY KEY (`Id`),
  KEY `user_id` (`user_id`),
  CONSTRAINT `customers_ibfk_1` FOREIGN KEY (`user_id`) REFERENCES `users` (`Id`)
) ENGINE=InnoDB AUTO_INCREMENT=2 DEFAULT CHARSET=utf8;

#
# Data for table "customers"
#

REPLACE INTO `customers` VALUES (1,3,'СООО Мобильные ТелеСистемы');

#
# Structure for table "sales"
#

CREATE TABLE `sales` (
  `Id` int(11) NOT NULL AUTO_INCREMENT,
  `transaction_id` int(11) NOT NULL DEFAULT '0',
  `customer_id` int(11) DEFAULT '0',
  `notes` varchar(255) DEFAULT NULL,
  PRIMARY KEY (`Id`),
  KEY `transaction_id` (`transaction_id`),
  KEY `customer_id` (`customer_id`),
  CONSTRAINT `sales_ibfk_1` FOREIGN KEY (`transaction_id`) REFERENCES `transactions` (`Id`),
  CONSTRAINT `sales_ibfk_2` FOREIGN KEY (`customer_id`) REFERENCES `customers` (`Id`)
) ENGINE=InnoDB AUTO_INCREMENT=2 DEFAULT CHARSET=utf8;

#
# Data for table "sales"
#

REPLACE INTO `sales` VALUES (1,89,1,'Оплата за разработку по договору N1-2015');

#
# Function "GetCurrEq"
#

CREATE FUNCTION `GetCurrEq`(aValue numeric(12,2), aValCurrId int(11), aEqCurrId int(11), aDate Date) RETURNS decimal(12,2)
BEGIN
  IF aValCurrId = aEqCurrId THEN  	
    RETURN aValue;
  ELSE 
    SELECT bid, count(*) as rowcount FROM exchange WHERE first_curr_id=aEqCurrId AND second_curr_id=aValCurrId AND act_date=(
      SELECT max(act_date) FROM exchange WHERE first_curr_id=aEqCurrId AND second_curr_id=aValCurrId AND act_date<=aDate
    ) INTO @rate, @rowcount;
    IF @rowcount>0 THEN 
      RETURN @rate*aValue; 
    ELSE
      SELECT ask FROM exchange WHERE first_curr_id=aValCurrId AND second_curr_id=aEqCurrId AND act_date=(
        SELECT max(act_date) FROM exchange WHERE first_curr_id=aValCurrId AND second_curr_id=aEqCurrId AND act_date<=aDate
      ) INTO @rate; 
      RETURN aValue/@rate;   
    END IF;
  END IF;
END;

#
# Function "GetDebTurnByArticle"
#

CREATE FUNCTION `GetDebTurnByArticle`(
 aArticleID int(11)
,aCurrID int(11)
,aBeginDate Date
,aEndDate Date
) RETURNS decimal(12,2)
BEGIN
    select sum(sum_value) from (
        select GetCurrEq(t.value, fa.curr_id, aCurrID, t.value_date) as sum_value  
        from transactions t
        join fin_accounts fa on fa.id=t.deb_acc_id
        where t.article_id=aArticleID
        and t.value_date>=aBeginDate and t.value_date<=aEndDate
    ) z into @sum_value;
    RETURN @sum_value;
END;

#
# Function "GetTextByLid"
#

CREATE FUNCTION `GetTextByLid`(`aLid` int(11), aLangCode varchar(4)) RETURNS varchar(255) CHARSET utf8
BEGIN
  SELECT value, count(*) as rowcount FROM translations WHERE lid=aLid AND lang_code=aLangCode INTO @txt, @rowcount;
  IF @rowcount = 1 THEN
     RETURN @txt;
  END IF; 
   
  IF @rowcount=0 AND aLangCode<>"en" THEN  
     SELECT value, count(*) as rowcount FROM translations WHERE lid=aLid AND lang_code="en" INTO @txt, @rowcount;
     IF @rowcount = 1 THEN
        RETURN @txt;
     END IF; 
  END IF;
  
  IF @rowcount=0 THEN  
     SELECT value, count(*) as rowcount FROM translations WHERE lid=aLid LIMIT 1 INTO @txt, @rowcount;
     IF @rowcount = 1 THEN
        RETURN @txt;
     END IF; 
  END IF;
  
  IF @rowcount=0 THEN RETURN "not defined"; 
  END IF;
END;

#
# Function "GetUserMainCurrId"
#

CREATE FUNCTION `GetUserMainCurrId`(`UserId` int(11)) RETURNS int(11)
BEGIN
  SELECT main_curr_id FROM users WHERE id=UserId INTO @main_curr_id;   
  RETURN @main_curr_id;
END;

#
# Function "GetUserSecondCurrId"
#

CREATE FUNCTION `GetUserSecondCurrId`(`UserId` int(11)) RETURNS int(11)
BEGIN
  SELECT second_curr_id FROM users WHERE id=UserId INTO @second_curr_id;   
  RETURN @second_curr_id;
END;

#
# View "report_balance"
#

CREATE
  ALGORITHM = UNDEFINED
  VIEW `report_balance`
  AS
SELECT
  `fin_accounts`.`notes`,
  `currencies`.`code`,
  `fin_accounts`.`rest`,
  `GetCurrEq`(`fin_accounts`.`rest`, `currencies`.`Id`, 974, CURDATE()) AS 'RestEqBYR',
  `GetCurrEq`(`fin_accounts`.`rest`, `currencies`.`Id`, 840, CURDATE()) AS 'RestEqUSD'
FROM
  (`fin_accounts`
    JOIN `currencies` ON ((`currencies`.`Id` = `fin_accounts`.`curr_id`)))
WHERE
  ((`fin_accounts`.`user_id` = 1) AND (`fin_accounts`.`type_id` = 1))
UNION
SELECT
  `fin_accounts`.`notes`,
  `currencies`.`code`,
  `fin_accounts`.`rest`,
  `GetCurrEq`(`fin_accounts`.`rest`, `currencies`.`Id`, 974, CURDATE()) AS 'RestEqBYR',
  `GetCurrEq`(`fin_accounts`.`rest`, `currencies`.`Id`, 840, CURDATE()) AS 'RestEqUSD'
FROM
  (`fin_accounts`
    JOIN `currencies` ON ((`currencies`.`Id` = `fin_accounts`.`curr_id`)))
WHERE
  ((`fin_accounts`.`user_id` = 1) AND (`fin_accounts`.`type_id` = 2))
UNION
SELECT
  `fin_accounts`.`notes`,
  `currencies`.`code`,
  `fin_accounts`.`rest`,
  `GetCurrEq`(`fin_accounts`.`rest`, `currencies`.`Id`, 974, CURDATE()) AS 'RestEqBYR',
  `GetCurrEq`(`fin_accounts`.`rest`, `currencies`.`Id`, 840, CURDATE()) AS 'RestEqUSD'
FROM
  (`fin_accounts`
    JOIN `currencies` ON ((`currencies`.`Id` = `fin_accounts`.`curr_id`)))
WHERE
  ((`fin_accounts`.`user_id` = 1) AND (`fin_accounts`.`type_id` = 3) AND (`fin_accounts`.`rest` <> 0))
UNION
SELECT
  'итого',
  NULL,
  NULL,
  SUM(`GetCurrEq`(`fin_accounts`.`rest`, `currencies`.`Id`, 974, CURDATE())) AS 'sum(GetCurrEq(rest,currencies.id,974))',
  SUM(`GetCurrEq`(`fin_accounts`.`rest`, `currencies`.`Id`, 840, CURDATE())) AS 'sum(GetCurrEq(rest,currencies.id,840,CURDATE()))'
FROM
  (`fin_accounts`
    JOIN `currencies` ON ((`currencies`.`Id` = `fin_accounts`.`curr_id`)))
WHERE
  (`fin_accounts`.`user_id` = 1);

#
# Trigger "UpdateRestOnDelete"
#

moneyruller

#
# Trigger "UpdateRestOnInsert"
#

moneyruller
