# Host: localhost  (Version 5.5.29)
# Date: 2017-01-11 07:55:35
# Generator: MySQL-Front 5.4  (Build 4.119) - http://www.mysqlfront.de/

/*!40101 SET NAMES utf8 */;

#
# Structure for table "job_nodes"
#

CREATE TABLE `job_nodes` (
  `Id` int(11) NOT NULL AUTO_INCREMENT,
  `job_rule_id` int(11) NOT NULL DEFAULT '0',
  `tag` varchar(255) NOT NULL DEFAULT '',
  `index` int(11) NOT NULL DEFAULT '0',
  `tag_id` varchar(255) DEFAULT NULL,
  `class` varchar(255) DEFAULT NULL,
  `name` varchar(255) DEFAULT NULL,
  PRIMARY KEY (`Id`),
  KEY `job_rule_id` (`job_rule_id`),
  CONSTRAINT `job_nodes_ibfk_1` FOREIGN KEY (`job_rule_id`) REFERENCES `job_rules` (`Id`) ON DELETE CASCADE ON UPDATE CASCADE
) ENGINE=InnoDB AUTO_INCREMENT=179 DEFAULT CHARSET=utf8;

#
# Data for table "job_nodes"
#

REPLACE INTO `job_nodes` VALUES (2,2,'HTML',1,NULL,NULL,NULL),(3,2,'BODY',1,NULL,'ltr domn_ru lang_ru long_prices globalNav2011_reset css_commerce_buttons flat_buttons sitewide xo_pin_user_review_to_top track_back',NULL),(4,2,'DIV',3,'PAGE',' non_hotels_like desktop scopedSearch',NULL),(5,2,'DIV',4,'MAINWRAP',' ',NULL),(6,2,'DIV',1,'MAIN','SiteIndex\r\n prodp13n_jfy_overflow_visible\r\n ',NULL),(7,2,'DIV',1,'BODYCON','col poolB adjust_padding new_meta_chevron_v2',NULL),(8,2,'DIV',2,NULL,'sectionCollection',NULL),(9,2,'DIV',1,NULL,'resizingMargins',NULL),(10,2,'DIV',1,'taplc_html_sitemap_payload_0','ppr_rup ppr_priv_html_sitemap_payload',NULL),(11,2,'DIV',1,NULL,'prw_rup prw_links_sitemap_container',NULL),(12,2,'DIV',1,NULL,'world_destinations container',NULL),(13,2,'UL',1,NULL,NULL,NULL),(14,2,'LI',1,NULL,NULL,NULL),(15,2,'A',1,NULL,NULL,NULL),(30,4,'HTML',1,NULL,NULL,NULL),(31,4,'BODY',1,NULL,'ltr domn_ru lang_ru long_prices globalNav2011_reset css_commerce_buttons flat_buttons sitewide xo_pin_user_review_to_top track_back',NULL),(32,4,'DIV',3,'PAGE',' non_hotels_like desktop scopedSearch',NULL),(33,4,'DIV',1,'HEAD','',NULL),(34,4,'DIV',1,NULL,'masthead\r\n masthead_war_dropdown_enabled masthead_notification_enabled\r\n ',NULL),(35,4,'DIV',2,NULL,' tabsBar',NULL),(36,4,'UL',1,NULL,'tabs',NULL),(37,4,'LI',2,NULL,'tabItem hvrIE6',NULL),(38,4,'A',1,NULL,'tabLink pid4965',NULL),(85,8,'HTML',1,NULL,NULL,NULL),(86,8,'BODY',1,NULL,'ltr domn_ru lang_ru long_prices globalNav2011_reset css_commerce_buttons flat_buttons sitewide xo_pin_user_review_to_top track_back',NULL),(87,8,'DIV',3,'PAGE',' hotels_like desktop scopedSearch withMapIcon bg_f8',NULL),(88,8,'DIV',3,'DEALSHOME',NULL,NULL),(89,8,'DIV',1,'MAIN',NULL,NULL),(90,8,'DIV',2,NULL,'maincontent rollup',NULL),(91,8,'DIV',1,'SDTOPDESTCONTENT','topdestinations rollup',NULL),(92,8,'DIV',1,'LOCATION_LIST','deckB',NULL),(93,8,'DIV',1,'BROAD_GRID',NULL,NULL),(94,8,'DIV',1,NULL,'geos_grid',NULL),(95,8,'DIV',1,NULL,'geos_row',NULL),(96,8,'DIV',1,NULL,'geo_wrap',NULL),(97,8,'DIV',1,NULL,'geo_entry',NULL),(98,8,'DIV',1,NULL,'geo_info',NULL),(99,8,'DIV',2,NULL,'geo_name',NULL),(100,8,'A',1,NULL,NULL,NULL),(101,9,'HTML',1,NULL,NULL,NULL),(102,9,'BODY',1,NULL,'ltr domn_ru lang_ru long_prices globalNav2011_reset css_commerce_buttons flat_buttons sitewide xo_pin_user_review_to_top track_back',NULL),(103,9,'DIV',3,'PAGE',' hotels_like desktop scopedSearch withMapIcon bg_f8',NULL),(104,9,'DIV',3,'DEALSHOME',NULL,NULL),(105,9,'DIV',1,'MAIN',NULL,NULL),(106,9,'DIV',2,NULL,'maincontent rollup',NULL),(107,9,'DIV',1,'SDTOPDESTCONTENT','topdestinations rollup',NULL),(108,9,'DIV',2,NULL,'deckTools btm',NULL),(109,9,'DIV',1,NULL,'unified pagination ',NULL),(110,9,'A',1,NULL,'nav next rndBtn ui_button primary taLnk',NULL),(131,11,'HTML',1,NULL,NULL,NULL),(132,11,'BODY',1,NULL,'ltr domn_ru lang_ru long_prices globalNav2011_reset css_commerce_buttons flat_buttons sitewide xo_pin_user_review_to_top track_back',NULL),(133,11,'DIV',3,'PAGE','meta_hotels hotels_like desktop scopedSearch withMapIcon bg_f8',NULL),(134,11,'DIV',6,'MAINWRAP',' hotels_lf_redesign flexChevron ',NULL),(135,11,'DIV',2,'MAIN','Hotels\r\n condense_filters prodp13n_jfy_overflow_visible\r\n ',NULL),(136,11,'DIV',1,'BODYCON','col poolA new_meta_chevron_v2',NULL),(137,11,'DIV',3,NULL,'gridA single_col_hotels txtLnkDropDown ',NULL),(138,11,'DIV',1,NULL,'col balance',NULL),(139,11,'DIV',5,'HAC_RESULTS',NULL,NULL),(140,11,'DIV',2,NULL,'hotels_list_placement',NULL),(141,11,'DIV',1,'taplc_hotels_list_short_cells2_0','ppr_rup ppr_priv_hotels_list_short_cells2',NULL),(142,11,'DIV',1,'ACCOM_OVERVIEW','deckA hacTabLIST shortCells long_prices noDates sbs txtLnkULHover bookingEnabled firstPage ',NULL),(143,11,'DIV',3,'hotel_3259472','listing easyClear p13n_imperfect ',NULL),(144,11,'DIV',1,NULL,'prw_rup prw_meta_short_cell_listing',NULL),(145,11,'DIV',1,NULL,'meta_listing easyClear metaCacheKey msk',NULL),(146,11,'DIV',1,NULL,'metaLocationInfo nonen',NULL),(147,11,'DIV',1,NULL,'property_details easyClear',NULL),(148,11,'DIV',1,NULL,'listing_info popIndexValidation styleguide_ratings',NULL),(149,11,'DIV',1,NULL,'listing_title',NULL),(150,11,'A',1,'property_3259472','property_title ',NULL),(151,12,'HTML',1,NULL,NULL,NULL),(152,12,'BODY',1,NULL,'ltr domn_ru lang_ru long_prices globalNav2011_reset css_commerce_buttons flat_buttons sitewide xo_pin_user_review_to_top track_back',NULL),(153,12,'DIV',3,'PAGE','meta_hotels hotels_like desktop scopedSearch withMapIcon bg_f8',NULL),(154,12,'DIV',6,'MAINWRAP',' hotels_lf_redesign flexChevron ',NULL),(155,12,'DIV',2,'MAIN','Hotels\r\n condense_filters prodp13n_jfy_overflow_visible\r\n ',NULL),(156,12,'DIV',1,'BODYCON','col poolB new_meta_chevron_v2',NULL),(157,12,'DIV',3,NULL,'gridA single_col_hotels txtLnkDropDown ',NULL),(158,12,'DIV',1,NULL,'col balance',NULL),(159,12,'DIV',5,'HAC_RESULTS',NULL,NULL),(160,12,'DIV',2,NULL,'hotels_list_placement',NULL),(161,12,'DIV',1,'taplc_hotels_list_short_cells2_0','ppr_rup ppr_priv_hotels_list_short_cells2',NULL),(162,12,'DIV',1,'ACCOM_OVERVIEW','deckA hacTabLIST shortCells long_prices noDates sbs txtLnkULHover bookingEnabled firstPage ',NULL),(163,12,'DIV',40,NULL,'deckTools easyClear unified_pagination',NULL),(164,12,'DIV',2,NULL,'prw_rup prw_common_standard_pagination',NULL),(165,12,'DIV',1,NULL,'unified pagination standard_pagination',NULL),(166,12,'A',1,NULL,'nav next ui_button primary taLnk',NULL),(167,13,'HTML',1,NULL,NULL,NULL),(168,13,'BODY',1,NULL,' fall_2013_refresh_hr_top css_commerce_buttons ltr domn_ru lang_ru long_prices globalNav2011_reset hr_tabs_placement_test tabs_below_meta hr_tabs content_blocks flat_buttons sitewide xo_pin_user_review_to_top track_back',NULL),(169,13,'DIV',3,'PAGE',' non_hotels_like desktop gutterAd scopedSearch bg_f8',NULL),(170,13,'DIV',5,'taplc_poi_header_0','ppr_rup ppr_priv_poi_header',NULL),(171,13,'DIV',1,NULL,'heading_2014 hr_heading',NULL),(172,13,'DIV',1,NULL,'header_container',NULL),(173,13,'DIV',1,NULL,'full_width',NULL),(174,13,'DIV',1,'HEADING_GROUP','',NULL),(175,13,'DIV',1,NULL,'headingWrapper easyClear ',NULL),(176,13,'DIV',1,NULL,'heading_name_wrapper',NULL),(177,13,'H1',1,'HEADING','heading_name with_alt_title limit_width_800',NULL),(178,13,'SPAN',1,NULL,'altHead',NULL);

#
# Structure for table "jobs"
#

CREATE TABLE `jobs` (
  `Id` int(11) NOT NULL AUTO_INCREMENT,
  `caption` varchar(255) NOT NULL DEFAULT '',
  `zero_link` text NOT NULL,
  PRIMARY KEY (`Id`)
) ENGINE=InnoDB AUTO_INCREMENT=5 DEFAULT CHARSET=utf8;

#
# Data for table "jobs"
#

REPLACE INTO `jobs` VALUES (4,'TripAdvisor','https://www.tripadvisor.ru/SiteIndex');

#
# Structure for table "job_levels"
#

CREATE TABLE `job_levels` (
  `Id` int(11) NOT NULL AUTO_INCREMENT,
  `job_id` int(11) NOT NULL DEFAULT '0',
  `level` int(11) NOT NULL DEFAULT '0',
  PRIMARY KEY (`Id`),
  UNIQUE KEY `job_level_unq` (`job_id`,`level`),
  KEY `job_id` (`job_id`),
  CONSTRAINT `job_levels_ibfk_1` FOREIGN KEY (`job_id`) REFERENCES `jobs` (`Id`) ON DELETE CASCADE ON UPDATE CASCADE
) ENGINE=InnoDB AUTO_INCREMENT=8 DEFAULT CHARSET=utf8;

#
# Data for table "job_levels"
#

REPLACE INTO `job_levels` VALUES (1,4,1),(2,4,2),(3,4,3),(6,4,4),(7,4,5);

#
# Structure for table "job_rules"
#

CREATE TABLE `job_rules` (
  `Id` int(11) NOT NULL AUTO_INCREMENT,
  `job_level_id` int(11) NOT NULL DEFAULT '0',
  `container_offset` int(3) DEFAULT NULL,
  PRIMARY KEY (`Id`),
  KEY `job_level_id` (`job_level_id`),
  CONSTRAINT `job_rules_ibfk_1` FOREIGN KEY (`job_level_id`) REFERENCES `job_levels` (`Id`) ON DELETE CASCADE ON UPDATE CASCADE
) ENGINE=InnoDB AUTO_INCREMENT=14 DEFAULT CHARSET=utf8;

#
# Data for table "job_rules"
#

REPLACE INTO `job_rules` VALUES (2,1,2),(4,2,0),(8,3,8),(9,3,0),(11,6,9),(12,6,0),(13,7,0);

#
# Structure for table "job_regexp"
#

CREATE TABLE `job_regexp` (
  `Id` int(11) NOT NULL AUTO_INCREMENT,
  `job_rule_id` int(11) NOT NULL DEFAULT '0',
  `regexp` varchar(255) NOT NULL DEFAULT '',
  PRIMARY KEY (`Id`),
  KEY `job_rule_id` (`job_rule_id`),
  CONSTRAINT `job_regexp_ibfk_1` FOREIGN KEY (`job_rule_id`) REFERENCES `job_rules` (`Id`) ON DELETE CASCADE ON UPDATE CASCADE
) ENGINE=InnoDB AUTO_INCREMENT=6 DEFAULT CHARSET=utf8;

#
# Data for table "job_regexp"
#

REPLACE INTO `job_regexp` VALUES (1,2,'-g(\\d){3,}-'),(2,4,'/Hotels-'),(5,9,'-oa(\\d)+-');

#
# Structure for table "job_rule_links"
#

CREATE TABLE `job_rule_links` (
  `Id` int(11) NOT NULL AUTO_INCREMENT,
  `job_rule_id` int(11) NOT NULL DEFAULT '0',
  `level` int(11) NOT NULL DEFAULT '0',
  PRIMARY KEY (`Id`),
  KEY `job_rule_id` (`job_rule_id`),
  CONSTRAINT `job_rule_links_ibfk_1` FOREIGN KEY (`job_rule_id`) REFERENCES `job_rules` (`Id`) ON DELETE CASCADE ON UPDATE CASCADE
) ENGINE=InnoDB AUTO_INCREMENT=13 DEFAULT CHARSET=utf8;

#
# Data for table "job_rule_links"
#

REPLACE INTO `job_rule_links` VALUES (2,2,2),(4,4,3),(8,8,4),(9,9,3),(11,11,5),(12,12,4);

#
# Structure for table "job_rule_records"
#

CREATE TABLE `job_rule_records` (
  `Id` int(11) NOT NULL AUTO_INCREMENT,
  `job_rule_id` int(11) NOT NULL DEFAULT '0',
  `key` varchar(255) NOT NULL DEFAULT '',
  PRIMARY KEY (`Id`),
  KEY `job_rule_id` (`job_rule_id`),
  CONSTRAINT `job_rule_records_ibfk_1` FOREIGN KEY (`job_rule_id`) REFERENCES `job_rules` (`Id`) ON DELETE CASCADE ON UPDATE CASCADE
) ENGINE=InnoDB AUTO_INCREMENT=4 DEFAULT CHARSET=utf8;

#
# Data for table "job_rule_records"
#

REPLACE INTO `job_rule_records` VALUES (2,2,'country'),(3,13,'ru_title');

#
# Structure for table "links"
#

CREATE TABLE `links` (
  `Id` int(11) NOT NULL AUTO_INCREMENT,
  `job_id` int(11) NOT NULL DEFAULT '0',
  `level` int(11) NOT NULL DEFAULT '0',
  `link` text NOT NULL,
  `link_hash` varchar(255) NOT NULL DEFAULT '',
  `handled` tinyint(3) DEFAULT NULL,
  PRIMARY KEY (`Id`),
  UNIQUE KEY `link_unq` (`job_id`,`link_hash`),
  KEY `job_id` (`job_id`,`handled`),
  CONSTRAINT `links_ibfk_1` FOREIGN KEY (`job_id`) REFERENCES `jobs` (`Id`) ON DELETE CASCADE ON UPDATE CASCADE
) ENGINE=InnoDB AUTO_INCREMENT=1707 DEFAULT CHARSET=utf8;

#
# Data for table "links"
#

REPLACE INTO `links` VALUES (4523,4,1,'https://www.tripadvisor.ru/SiteIndex','259e648a0b263a265c02b31b0d9afa4b',2),(4524,4,2,'https://www.tripadvisor.ru/SiteIndex-g1778095-Aboa.html','eced66c97d52e7f8c3c4d0dd16a46a58',2),(4525,4,2,'https://www.tripadvisor.ru/SiteIndex-g1504599-Mawson.html','e63125dfbf555184db47de1e033abb0a',2),(4526,4,2,'https://www.tripadvisor.ru/SiteIndex-g255055-Australia.html','97a8cc44b1a63e752d0b38b38e5e33f0',2),(4527,4,2,'https://www.tripadvisor.ru/SiteIndex-g190410-Austria.html','d20f9ed058b087b0fc73a20994a5accb',NULL),(4528,4,2,'https://www.tripadvisor.ru/SiteIndex-g293933-Azerbaijan.html','00ce9a7e6909431310fcdfa50e129068',NULL),(4529,4,2,'https://www.tripadvisor.ru/SiteIndex-g294445-Albania.html','5c5810ba92114a6ec89dc0827537fc85',NULL),(4530,4,2,'https://www.tripadvisor.ru/SiteIndex-g293717-Algeria.html','c73fbfa382924631ff0aade0db4f2215',NULL),(4531,4,2,'https://www.tripadvisor.ru/SiteIndex-g60665-American_Samoa.html','d005abeccb2c045f87caee57a7a9eee6',NULL),(4532,4,2,'https://www.tripadvisor.ru/SiteIndex-g293762-Angola.html','764ddea38e002487c0691b4dfbb4a1b2',NULL),(4533,4,2,'https://www.tripadvisor.ru/SiteIndex-g190391-Andorra.html','15e975c90ec8e6cef4010d3d3671c2bb',NULL),(4534,4,2,'https://www.tripadvisor.ru/SiteIndex-g660183-Antarctic_Peninsula.html','be44ad2c80f7f80ccbda5ab07119a761',NULL),(4535,4,2,'https://www.tripadvisor.ru/SiteIndex-g294266-Argentina.html','be6a642ab5a248db1773115537c75e09',NULL),(4536,4,2,'https://www.tripadvisor.ru/SiteIndex-g293931-Armenia.html','388525cdd2e6646369c7e586da5ca2ba',NULL),(4537,4,2,'https://www.tripadvisor.ru/SiteIndex-g60666-Johnston_Atoll.html','ccd46052f13d51ebf5485d81e2f32b2e',NULL),(4538,4,2,'https://www.tripadvisor.ru/SiteIndex-g659499-Afghanistan.html','309428cef726b04ac2415f748ab06d8c',NULL),(4539,4,2,'https://www.tripadvisor.ru/SiteIndex-g293935-Bangladesh.html','a3d66b76a84f99c2627e0f187a53b96c',NULL),(4540,4,2,'https://www.tripadvisor.ru/SiteIndex-g293996-Bahrain.html','1d02d8e4270619a3ac525ffddc7b3c16',NULL),(4541,4,2,'https://www.tripadvisor.ru/SiteIndex-g294447-Belarus.html','c5ac82bd1f92345a1b0ca0cb821e4875',NULL),(4542,4,2,'https://www.tripadvisor.ru/SiteIndex-g291959-Belize.html','c1981fffe1f4684bcc541487281ea371',NULL),(4543,4,2,'https://www.tripadvisor.ru/SiteIndex-g188634-Belgium.html','09dda4858ba6fbea5612bd7bd3a03fac',NULL),(4544,4,2,'https://www.tripadvisor.ru/SiteIndex-g293764-Benin.html','1a81778912be516dae5134a7617c66d3',NULL),(4545,4,2,'https://www.tripadvisor.ru/SiteIndex-g294451-Bulgaria.html','e46d8ee503f675181ea9f4e600d00d73',NULL),(4546,4,2,'https://www.tripadvisor.ru/SiteIndex-g294071-Bolivia.html','29476a557a6bd350127724817a8a723a',NULL),(4547,4,2,'https://www.tripadvisor.ru/SiteIndex-g294449-Bosnia_and_Herzegovina.html','39d05e4b370281e9e4c1fbbf46cbd516',NULL),(4548,4,2,'https://www.tripadvisor.ru/SiteIndex-g293766-Botswana.html','dd23663806c52d2f55ee8549d88b876b',NULL),(4549,4,2,'https://www.tripadvisor.ru/SiteIndex-g294280-Brazil.html','ec0af71a8f4c0407fc731f263ae45e2c',NULL),(4550,4,2,'https://www.tripadvisor.ru/SiteIndex-g670819-Indian_Ocean.html','57c3846d67c4f51bf5f3c91658a11b7f',NULL),(4551,4,2,'https://www.tripadvisor.ru/SiteIndex-g293937-Brunei_Darussalam.html','20ee35007c2c8b3461a7de9c75de99fb',NULL),(4552,4,2,'https://www.tripadvisor.ru/SiteIndex-g293768-Burkina_Faso.html','9821845bd4cc55d887fa63005c6efd42',NULL),(4553,4,2,'https://www.tripadvisor.ru/SiteIndex-g293770-Burundi.html','f37f4a1c8399a36b044203cc526b86d2',NULL),(4554,4,2,'https://www.tripadvisor.ru/SiteIndex-g293844-Bhutan.html','adeed2bc34406036c4f8702011d1ccdc',NULL),(4555,4,2,'https://www.tripadvisor.ru/SiteIndex-g294143-Vanuatu.html','9d09531184ac6cc669b640bdb21f5931',NULL),(4556,4,2,'https://www.tripadvisor.ru/SiteIndex-g186216-United_Kingdom.html','cb27eb134c8f1b036d324c3c6293bc97',NULL),(4557,4,2,'https://www.tripadvisor.ru/SiteIndex-g274881-Hungary.html','8b1e34138355ae05092491ddf7649aba',NULL),(4558,4,2,'https://www.tripadvisor.ru/SiteIndex-g294324-Venezuela.html','a0e8e3470143665c2cc3c87181be73cc',NULL),(4559,4,2,'https://www.tripadvisor.ru/SiteIndex-g295117-East_Timor.html','300b5d15c88bcebb93e767f297bbb74f',NULL),(4560,4,2,'https://www.tripadvisor.ru/SiteIndex-g293921-Vietnam.html','72e60eba565f551ab1aaa811191c3897',NULL),(4561,4,2,'https://www.tripadvisor.ru/SiteIndex-g293792-Gabon.html','c9967737922e412343a0a21ba847d150',NULL),(4562,4,2,'https://www.tripadvisor.ru/SiteIndex-g294077-Guyana.html','4bcfd8a4c924d3e8d0bd17718160548e',NULL),(4563,4,2,'https://www.tripadvisor.ru/SiteIndex-g293794-Gambia.html','0a9f83e924a00b7506cf9090eacefe78',NULL),(4564,4,2,'https://www.tripadvisor.ru/SiteIndex-g293796-Ghana.html','87eab84caad5fa802e85d3e57a9cf41e',NULL),(4565,4,2,'https://www.tripadvisor.ru/SiteIndex-g292002-Guatemala.html','30251c8c531fad08bc47409bf2674654',NULL),(4566,4,2,'https://www.tripadvisor.ru/SiteIndex-g293798-Guinea.html','b03bdb4ad8183d2365afa8dc1260c77f',NULL),(4567,4,2,'https://www.tripadvisor.ru/SiteIndex-g293800-Guinea_Bissau.html','5f8ae628b680c7fa2e7b95958d17e8e1',NULL),(4568,4,2,'https://www.tripadvisor.ru/SiteIndex-g187275-Germany.html','3fe4317471aac073d16cde93b11bd3e0',NULL),(4569,4,2,'https://www.tripadvisor.ru/SiteIndex-g187510-Gibraltar.html','cf42a7c2d280609869be2a92dc28b4c5',NULL),(4570,4,2,'https://www.tripadvisor.ru/SiteIndex-g1389503-Golan_Heights.html','d9dac1b59bfc7addeaa7594b91df7a86',NULL),(4571,4,2,'https://www.tripadvisor.ru/SiteIndex-g292016-Honduras.html','5de6826f4836150db6f394caca735445',NULL),(4572,4,2,'https://www.tripadvisor.ru/SiteIndex-g295111-Greenland.html','7600ffd0d304cecb34c2140a79924a23',NULL),(4573,4,2,'https://www.tripadvisor.ru/SiteIndex-g189398-Greece.html','ecaf1e6b2cb60ce72bb11031ac5d2bc2',NULL),(4574,4,2,'https://www.tripadvisor.ru/SiteIndex-g294194-Georgia.html','0d9b6c3ab88b383c387a68821cb4d29f',NULL),(4575,4,2,'https://www.tripadvisor.ru/SiteIndex-g189512-Denmark.html','d7794ff20ca3c02e9325f47bd028fbc3',NULL),(4576,4,2,'https://www.tripadvisor.ru/SiteIndex-g294186-Democratic_Republic_of_the_Congo.html','29948b6bc8cb0d5de1235e8d93e4cab6',NULL),(4577,4,2,'https://www.tripadvisor.ru/SiteIndex-g294441-Sao_Tome_and_Principe.html','304d8aeae9b3c1064e7760d76dcf27f4',NULL),(4578,4,2,'https://www.tripadvisor.ru/SiteIndex-g293786-Djibouti.html','b1670601f44779379d8fcff01d0cec69',NULL),(4579,4,2,'https://www.tripadvisor.ru/SiteIndex-g294200-Egypt.html','f2c4c8e29eea2c6fcd3ebbc7d696cee8',NULL),(4580,4,2,'https://www.tripadvisor.ru/SiteIndex-g293842-Zambia.html','ed45ccceb567cbc9d6c9058410807d91',NULL),(4581,4,2,'https://www.tripadvisor.ru/SiteIndex-g295118-Western_Sahara.html','787e3bc5e77dcaa3b983220e29eb24bd',NULL),(4582,4,2,'https://www.tripadvisor.ru/SiteIndex-g660378-Palestinian_Territories.html','5dde2cbb1d8ee0d2140f33b90d065f80',NULL),(4583,4,2,'https://www.tripadvisor.ru/SiteIndex-g1808587-Princess_Elizabeth_Land.html','09e1bf136c865bad3cd6e61db3e71d58',NULL),(4584,4,2,'https://www.tripadvisor.ru/SiteIndex-g293759-Zimbabwe.html','e4985df7adc1042a7fbbd3c491438e27',NULL),(4585,4,2,'https://www.tripadvisor.ru/SiteIndex-g293977-Israel.html','6734c614804407777ef8a97ce74d23f8',NULL),(4586,4,2,'https://www.tripadvisor.ru/SiteIndex-g1207796-Ile_Juan_da_Nova.html','1bbce25e8ca0fe7e974a3e7f1e44844b',NULL),(4587,4,2,'https://www.tripadvisor.ru/SiteIndex-g1207794-Ile_Europa.html','fde26c1924ad117ec91a6017552b8447',NULL),(4588,4,2,'https://www.tripadvisor.ru/SiteIndex-g293860-India.html','cc5f4bd9d503fb75f60c5f7303446b72',NULL),(4589,4,2,'https://www.tripadvisor.ru/SiteIndex-g294225-Indonesia.html','a36274376e4a06ad0e08c8c74fa451c0',NULL),(4590,4,2,'https://www.tripadvisor.ru/SiteIndex-g293985-Jordan.html','01395ca21d94bb834afe8496cf3ea948',NULL),(4591,4,2,'https://www.tripadvisor.ru/SiteIndex-g294000-Iraq.html','80ba493995205fe2090cdf8a70e560cb',NULL),(4592,4,2,'https://www.tripadvisor.ru/SiteIndex-g293998-Iran.html','1fd5b3398494187f9da9909177a623ac',NULL),(4593,4,2,'https://www.tripadvisor.ru/SiteIndex-g186591-Ireland.html','4c7eacdfc1392088b26e00931764a8dc',NULL),(4594,4,2,'https://www.tripadvisor.ru/SiteIndex-g189952-Iceland.html','2ee7aabb1608968ca621f460db5bd94c',NULL),(4595,4,2,'https://www.tripadvisor.ru/SiteIndex-g187427-Spain.html','ba844c8886c7f965f7015261e58e9062',NULL),(4596,4,2,'https://www.tripadvisor.ru/SiteIndex-g187768-Italy.html','ed99bfc9486699568f62e017a449e130',NULL),(4597,4,2,'https://www.tripadvisor.ru/SiteIndex-g294014-Yemen.html','919f6196d8a4a0f0b9c7f81e142f4d87',NULL),(4598,4,2,'https://www.tripadvisor.ru/SiteIndex-g293774-Cape_Verde.html','d28800b33d25a053df624cceb04c156c',NULL),(4599,4,2,'https://www.tripadvisor.ru/SiteIndex-g293943-Kazakhstan.html','314ea233fd2894ceda792b53a456eeae',NULL),(4600,4,2,'https://www.tripadvisor.ru/SiteIndex-g293939-Cambodia.html','250f56fd944c4e77c026e01dffd5d443',NULL),(4601,4,2,'https://www.tripadvisor.ru/SiteIndex-g293772-Cameroon.html','43ef5da028ed4e397ec9cb9bf2988594',NULL),(4602,4,2,'https://www.tripadvisor.ru/SiteIndex-g153339-Canada.html','b1bbdfa8ee144abb9f39acb9de66771c',NULL),(4603,4,2,'https://www.tripadvisor.ru/SiteIndex-g147237-Caribbean.html','f337073e43bf965d229c19b946470c31',NULL),(4604,4,2,'https://www.tripadvisor.ru/SiteIndex-g294008-Qatar.html','cf2b1338be55839600e24cd427a12092',NULL),(4605,4,2,'https://www.tripadvisor.ru/SiteIndex-g294206-Kenya.html','5b33d18d5cd68c7c8544844662d8e346',NULL),(4606,4,2,'https://www.tripadvisor.ru/SiteIndex-g190372-Cyprus.html','0e627d9a4f3f29d28f639c9b751db807',NULL),(4607,4,2,'https://www.tripadvisor.ru/SiteIndex-g293947-Kyrgyzstan.html','d46bc0113f611509e0f33475429fe825',NULL),(4608,4,2,'https://www.tripadvisor.ru/SiteIndex-g294211-China.html','2d28a9ea2bb4a74bab98750622faced8',NULL),(4609,4,2,'https://www.tripadvisor.ru/SiteIndex-g294073-Colombia.html','3e0a0c7f3ce25f923cae24f6c79bc4b3',NULL),(4610,4,2,'https://www.tripadvisor.ru/SiteIndex-g294435-Comoros.html','317c42315d5c0e95ffad3ca021c21fe5',NULL),(4611,4,2,'https://www.tripadvisor.ru/SiteIndex-g304082-Kosovo.html','86575b232d3e551a0b784d3a7f28a0ad',NULL),(4612,4,2,'https://www.tripadvisor.ru/SiteIndex-g291982-Costa_Rica.html','2f48a4df39dcc9738831192967aa35f0',NULL),(4613,4,2,'https://www.tripadvisor.ru/SiteIndex-g294192-Cote_d_Ivoire.html','e6bfc16028c19c51b4761fdf67f8d122',NULL),(4614,4,2,'https://www.tripadvisor.ru/SiteIndex-g313972-Crimea.html','21e6722e5423fa72894cda1c866439fa',NULL),(4615,4,2,'https://www.tripadvisor.ru/SiteIndex-g294002-Kuwait.html','eb3085f54381a12b2e201f2e20dacebb',NULL),(4616,4,2,'https://www.tripadvisor.ru/SiteIndex-g293949-Laos.html','b8887ffaeb785312c2503e3f6b2c9076',NULL),(4617,4,2,'https://www.tripadvisor.ru/SiteIndex-g274960-Latvia.html','8705b898b9c9142281ccc5aadcd8e54f',NULL),(4618,4,2,'https://www.tripadvisor.ru/SiteIndex-g293802-Lesotho.html','1744aa272d6014365ee22010f16d08ce',NULL),(4619,4,2,'https://www.tripadvisor.ru/SiteIndex-g293804-Liberia.html','8debe578d3fa51be2fc70dfb993bc5ec',NULL),(4620,4,2,'https://www.tripadvisor.ru/SiteIndex-g294004-Lebanon.html','2b1de8f7f24d7a9455141afb9ed07e8e',NULL),(4621,4,2,'https://www.tripadvisor.ru/SiteIndex-g293806-Libya.html','4eadf7ea253be89308d283c077830e46',NULL),(4622,4,2,'https://www.tripadvisor.ru/SiteIndex-g274947-Lithuania.html','279fadb05c1180ef68edd947e89da7c6',NULL),(4623,4,2,'https://www.tripadvisor.ru/SiteIndex-g190357-Liechtenstein.html','0d00c842e6cab2862ed5ebba6265a3c5',NULL),(4624,4,2,'https://www.tripadvisor.ru/SiteIndex-g190340-Luxembourg.html','38ce9f0630a6b67c1a62f40b796fbaf2',NULL),(4625,4,2,'https://www.tripadvisor.ru/SiteIndex-g293816-Mauritius.html','1dd2ecfcd278591379b92c68186d42f0',NULL),(4626,4,2,'https://www.tripadvisor.ru/SiteIndex-g293814-Mauritania.html','fa4adb71782c49bd725b863d5ce7ccd7',NULL),(4627,4,2,'https://www.tripadvisor.ru/SiteIndex-g293808-Madagascar.html','cb5281849d5ff64857b435cf4b3d6a21',NULL),(4628,4,2,'https://www.tripadvisor.ru/SiteIndex-g295116-Mayotte.html','b836f5b588c58ee35f210a16a4b4c878',NULL),(4629,4,2,'https://www.tripadvisor.ru/SiteIndex-g293810-Malawi.html','700115fe2e11115bd6d8e2cebedb870a',NULL),(4630,4,2,'https://www.tripadvisor.ru/SiteIndex-g293951-Malaysia.html','db2b03b9d357cce0881506011cbdb106',NULL),(4631,4,2,'https://www.tripadvisor.ru/SiteIndex-g293812-Mali.html','ff8646e39b755fd90986d7a5a149e1bb',NULL),(4632,4,2,'https://www.tripadvisor.ru/SiteIndex-g293953-Maldives.html','d53c3d65424c6dfcde283eb79972a6a3',NULL),(4633,4,2,'https://www.tripadvisor.ru/SiteIndex-g190311-Malta.html','62f13a7373a70d36d36a622ef795c740',NULL),(4634,4,2,'https://www.tripadvisor.ru/SiteIndex-g1487275-Mariana_Islands.html','31a52750a695ba9137d76fb724a77ea2',NULL),(4635,4,2,'https://www.tripadvisor.ru/SiteIndex-g293730-Morocco.html','c74d084ff97c9d4d1e2253e96daa1271',NULL),(4636,4,2,'https://www.tripadvisor.ru/SiteIndex-g301392-Marshall_Islands.html','9b443195b693a722b870116b88ecd11f',NULL),(4637,4,2,'https://www.tripadvisor.ru/SiteIndex-g150768-Mexico.html','a7a8c4b34023fc4c18f2ba4af1ac7cc3',NULL),(4638,4,2,'https://www.tripadvisor.ru/SiteIndex-g293818-Mozambique.html','4385cb0d560866c00b96128461bdb601',NULL),(4639,4,2,'https://www.tripadvisor.ru/SiteIndex-g294455-Moldova.html','d0419691ef5381d04b21a38e418cfb96',NULL),(4640,4,2,'https://www.tripadvisor.ru/SiteIndex-g190405-Monaco.html','245b924fa055b7025fa46818e62d1dbb',NULL),(4641,4,2,'https://www.tripadvisor.ru/SiteIndex-g293955-Mongolia.html','d2dba4d049a1448e23f0fc6e2cb5f52c',NULL),(4642,4,2,'https://www.tripadvisor.ru/SiteIndex-g294190-Myanmar.html','0bf1d4eb2560c96f1214250f6d54e125',NULL),(4643,4,2,'https://www.tripadvisor.ru/SiteIndex-g293820-Namibia.html','cfe208103b7d7d3bd538b1e783ab8e6e',NULL),(4644,4,2,'https://www.tripadvisor.ru/SiteIndex-g294127-Nauru.html','2ea70019809cad49ef5bf0eaaa5aa7cc',NULL),(4645,4,2,'https://www.tripadvisor.ru/SiteIndex-g293889-Nepal.html','e693768965f1320893c610e14589d229',NULL),(4646,4,2,'https://www.tripadvisor.ru/SiteIndex-g293822-Niger.html','229add17b2f61d1da9717003a7a79149',NULL),(4647,4,2,'https://www.tripadvisor.ru/SiteIndex-g293824-Nigeria.html','3d7fc3e3d5231978b22cc07ff432691b',NULL),(4648,4,2,'https://www.tripadvisor.ru/SiteIndex-g188553-The_Netherlands.html','cbe019b0de73bf0c289918d427fdfe50',NULL),(4649,4,2,'https://www.tripadvisor.ru/SiteIndex-g294477-Nicaragua.html','e20a98ea3cf60d8004c7ac2c900f7a6f',NULL),(4650,4,2,'https://www.tripadvisor.ru/SiteIndex-g294131-Niue.html','7bc6cafbf03a4dad9338e868eef5c9e2',NULL),(4651,4,2,'https://www.tripadvisor.ru/SiteIndex-g255104-New_Zealand.html','0fe70b270462af937697a95391de6d46',NULL),(4652,4,2,'https://www.tripadvisor.ru/SiteIndex-g294129-New_Caledonia.html','2bb84535e0103469f7f4752c5571344f',NULL),(4653,4,2,'https://www.tripadvisor.ru/SiteIndex-g190455-Norway.html','fb42b739bbf25f6c5f803a122a4fe4c1',NULL),(4654,4,2,'https://www.tripadvisor.ru/SiteIndex-g294012-United_Arab_Emirates.html','5075d117e5fad97ec0485994e865a50d',NULL),(4655,4,2,'https://www.tripadvisor.ru/SiteIndex-g294006-Oman.html','116cc30992cd302235027854f977e2a4',NULL),(4656,4,2,'https://www.tripadvisor.ru/SiteIndex-g662273-Cuverville_Island.html','de1ef9dca770628a00e98d0b079163f1',NULL),(4657,4,2,'https://www.tripadvisor.ru/SiteIndex-g293826-Reunion_Island.html','604f78cbaa6abe8fc0bd1929a1c07ea8',NULL),(4658,4,2,'https://www.tripadvisor.ru/SiteIndex-g660186-Ross_Island.html','69283cef7cbe08b98304ebd73d15f1f6',NULL),(4659,4,2,'https://www.tripadvisor.ru/SiteIndex-g295105-St_Helena_Ascension_and_Tristan_da_Cunha.html','c79b460c1caf0874c4334e5214e45dc0',NULL),(4660,4,2,'https://www.tripadvisor.ru/SiteIndex-g60667-Wake_Island.html','64b9e5e7acbf0aeb805802f46e312b6a',NULL),(4661,4,2,'https://www.tripadvisor.ru/SiteIndex-g294328-Cook_Islands.html','f4be65fb60644b6db2c1dc1f9e901003',NULL),(4662,4,2,'https://www.tripadvisor.ru/SiteIndex-g673774-Pitcairn_Islands.html','6d1274b32aa95ca98944c2690fe0ab19',NULL),(4663,4,2,'https://www.tripadvisor.ru/SiteIndex-g1504597-Windmill_Islands.html','32fbc14ca51943d6d2131785b4ee8180',NULL),(4664,4,2,'https://www.tripadvisor.ru/SiteIndex-g293959-Pakistan.html','969e4386d42bfd0d9d7dae88bb5e63fd',NULL),(4665,4,2,'https://www.tripadvisor.ru/SiteIndex-g294135-Palau.html','b9693e4d9527bcba6f2878679153842c',NULL),(4666,4,2,'https://www.tripadvisor.ru/SiteIndex-g294479-Panama.html','2abea133a7a7c02925e3717eaa166ea9',NULL),(4667,4,2,'https://www.tripadvisor.ru/SiteIndex-g294115-Papua_New_Guinea.html','d098487f12c653a059a111233c52a15c',NULL),(4668,4,2,'https://www.tripadvisor.ru/SiteIndex-g294079-Paraguay.html','f8fa4b52b97a141efbdcef7e29e67f55',NULL),(4669,4,2,'https://www.tripadvisor.ru/SiteIndex-g294311-Peru.html','7105fa21555b21f58c0083f854162cec',NULL),(4670,4,2,'https://www.tripadvisor.ru/SiteIndex-g274723-Poland.html','26ef7736f5f0f0ec48b8f026d903d32b',NULL),(4671,4,2,'https://www.tripadvisor.ru/SiteIndex-g189100-Portugal.html','691dc8b2aca00365180a121baa9a7c1c',NULL),(4672,4,2,'https://www.tripadvisor.ru/SiteIndex-g294121-Republic_of_Kiribati.html','b41cb1ccbaabd0343988ab969d77ed0c',NULL),(4673,4,2,'https://www.tripadvisor.ru/SiteIndex-g294188-Republic_of_the_Congo.html','116c5bf17cac32de7651825de8350222',NULL),(4674,4,2,'https://www.tripadvisor.ru/SiteIndex-g295109-Republic_of_Macedonia.html','41352b521e37c2a989cab9bcbaccd3ce',NULL),(4675,4,2,'https://www.tripadvisor.ru/SiteIndex-g294459-Russia.html','5305c9b2f569a1433a25b51a73e49a84',NULL),(4676,4,2,'https://www.tripadvisor.ru/SiteIndex-g293828-Rwanda.html','93c075fc965104d566634bbd9ed9411a',NULL),(4677,4,2,'https://www.tripadvisor.ru/SiteIndex-g294457-Romania.html','2880050c3891ba067ee8aa04a93a6d58',NULL),(4678,4,2,'https://www.tripadvisor.ru/SiteIndex-g191-United_States.html','7d5d6ec356611103d646f64b17ea26e5',NULL),(4679,4,2,'https://www.tripadvisor.ru/SiteIndex-g294475-El_Salvador.html','bd12339038b947ae9336912a799212a0',NULL),(4680,4,2,'https://www.tripadvisor.ru/SiteIndex-g294137-Samoa.html','98c285c73562c5917428dfa3726110d2',NULL),(4681,4,2,'https://www.tripadvisor.ru/SiteIndex-g187808-San_Marino.html','64e880462b048fb7520f2a1e8bd2bcbf',NULL),(4682,4,2,'https://www.tripadvisor.ru/SiteIndex-g293991-Saudi_Arabia.html','47a7966be5911598ee78a43945625a46',NULL),(4683,4,2,'https://www.tripadvisor.ru/SiteIndex-g293836-Swaziland.html','f4a5e78b6a21a37254754fe974c1f24f',NULL),(4684,4,2,'https://www.tripadvisor.ru/SiteIndex-g294443-North_Korea.html','bb645cc19ace8aac2f0eafb7626b5b39',NULL),(4685,4,2,'https://www.tripadvisor.ru/SiteIndex-g293738-Seychelles.html','14399bf37f0af8533c3fe1f0b2c4d6b2',NULL),(4686,4,2,'https://www.tripadvisor.ru/SiteIndex-g183815-Saint_Pierre_and_Miquelon.html','c33fbca69b47c97bd55b79f59a9f2f73',NULL),(4687,4,2,'https://www.tripadvisor.ru/SiteIndex-g293830-Senegal.html','66b5b9eb4198fb379fb46657f2bc020a',NULL),(4688,4,2,'https://www.tripadvisor.ru/SiteIndex-g294471-Serbia.html','b0f2a16a4220c247fc94b66d23ce3664',NULL),(4689,4,2,'https://www.tripadvisor.ru/SiteIndex-g294262-Singapore.html','907caf3eec24d6b2ebf0e186acf4e1c3',NULL),(4690,4,2,'https://www.tripadvisor.ru/SiteIndex-g294010-Syria.html','8084426140215feecd24dd957ad6a5f4',NULL),(4691,4,2,'https://www.tripadvisor.ru/SiteIndex-g274922-Slovakia.html','5c4d2fc78f4e89c263f92535d53093a5',NULL),(4692,4,2,'https://www.tripadvisor.ru/SiteIndex-g274862-Slovenia.html','d027011294e265d103486d8523147b09',NULL),(4693,4,2,'https://www.tripadvisor.ru/SiteIndex-g294139-Solomon_Islands.html','e259791ec8745aa1bb9357fa343c8211',NULL),(4694,4,2,'https://www.tripadvisor.ru/SiteIndex-g294439-Somalia.html','a578b2a83918ecd714569b5a89a4ca30',NULL),(4695,4,2,'https://www.tripadvisor.ru/SiteIndex-g293834-Sudan.html','6e707c165258db6f4ffff5645c9675a3',NULL),(4696,4,2,'https://www.tripadvisor.ru/SiteIndex-g294081-Suriname.html','acc399d7d139b3f370979c0f8babc902',NULL),(4697,4,2,'https://www.tripadvisor.ru/SiteIndex-g293832-Sierra_Leone.html','38ce6399676f66794bfd0db71277b9a9',NULL),(4698,4,2,'https://www.tripadvisor.ru/SiteIndex-g293963-Tajikistan.html','a0e00b3bba404d9d9524a9757c9e1053',NULL),(4699,4,2,'https://www.tripadvisor.ru/SiteIndex-g293915-Thailand.html','0af54502bb6f6eef4ee2e25aa6b2e2e0',NULL),(4700,4,2,'https://www.tripadvisor.ru/SiteIndex-g293910-Taiwan.html','537706a1ec3e14503858452c416e69d7',NULL),(4701,4,2,'https://www.tripadvisor.ru/SiteIndex-g293747-Tanzania.html','728701f1791fbd759ebe72f5ef896363',NULL),(4702,4,2,'https://www.tripadvisor.ru/SiteIndex-g293838-Togo.html','5044df3d061982e222d5b0952524950c',NULL),(4703,4,2,'https://www.tripadvisor.ru/SiteIndex-g295114-Tokelau.html','889fc9d9f4e81f849682573415f05c6f',NULL),(4704,4,2,'https://www.tripadvisor.ru/SiteIndex-g294141-Tonga.html','376c920e5c8e7b0c38273a5d1b81c1d7',NULL),(4705,4,2,'https://www.tripadvisor.ru/SiteIndex-g1207792-Ile_Tromelin.html','edf30ef0715e13e23a16c9fa0115399e',NULL),(4706,4,2,'https://www.tripadvisor.ru/SiteIndex-g294481-Tuvalu.html','c993d9c05267501cd0e52414178a13b3',NULL),(4707,4,2,'https://www.tripadvisor.ru/SiteIndex-g293753-Tunisia.html','c4d44561ec9b2551a7eaa8370f4f1b01',NULL),(4708,4,2,'https://www.tripadvisor.ru/SiteIndex-g293965-Turkmenistan.html','62645fd6bf0b1b1ce63476d018f79638',NULL),(4709,4,2,'https://www.tripadvisor.ru/SiteIndex-g293969-Turkey.html','6c782fb2d8776d205dce34ab7269b3ca',NULL),(4710,4,2,'https://www.tripadvisor.ru/SiteIndex-g293840-Uganda.html','ca7a4f6741888894f6ee8136c58fbc15',NULL),(4711,4,2,'https://www.tripadvisor.ru/SiteIndex-g293967-Uzbekistan.html','3e1a79cf45e86ed338f70ad307c1c171',NULL),(4712,4,2,'https://www.tripadvisor.ru/SiteIndex-g294473-Ukraine.html','cc5c980c7c96198d77ee103ae2cb2d14',NULL),(4713,4,2,'https://www.tripadvisor.ru/SiteIndex-g1746897-Wallis_and_Futuna.html','7c2b1e8ba89ce59ba97861aecb2afb14',NULL),(4714,4,2,'https://www.tripadvisor.ru/SiteIndex-g294064-Uruguay.html','587879c9b415505fc8d33eb9ad6dc8ec',NULL),(4715,4,2,'https://www.tripadvisor.ru/SiteIndex-g190329-Faroe_Islands.html','88b5122607883dc3ad0dfe9ea6810eee',NULL),(4716,4,2,'https://www.tripadvisor.ru/SiteIndex-g294198-Federated_States_of_Micronesia.html','f7a1de40c0a9cbf1a1d03d1472f9027c',NULL),(4717,4,2,'https://www.tripadvisor.ru/SiteIndex-g294331-Fiji.html','e9803505ea0626ff970683ed5c822e87',NULL),(4718,4,2,'https://www.tripadvisor.ru/SiteIndex-g294245-Philippines.html','382093648bba9e4ea1593fdc8f12936a',NULL),(4719,4,2,'https://www.tripadvisor.ru/SiteIndex-g189896-Finland.html','78a036f0f10da66369848104e6d0fcfd',NULL),(4720,4,2,'https://www.tripadvisor.ru/SiteIndex-g294270-Falkland_Islands.html','5b7d8cefa8a4e8094bdb7513586b1755',NULL),(4721,4,2,'https://www.tripadvisor.ru/SiteIndex-g187070-France.html','02b152c4b7fcf28d8506e70d969381e4',NULL),(4722,4,2,'https://www.tripadvisor.ru/SiteIndex-g294075-French_Guiana.html','a61e05afb2e1fbee790829fb2fc2feb7',NULL),(4723,4,2,'https://www.tripadvisor.ru/SiteIndex-g294338-French_Polynesia.html','8f86b16c67a0db56bf719bbf91c24c1c',NULL),(4724,4,2,'https://www.tripadvisor.ru/SiteIndex-g294453-Croatia.html','a4674da1ecff996d3b3955d404880ea2',NULL),(4725,4,2,'https://www.tripadvisor.ru/SiteIndex-g291958-Central_America.html','52e7641e8be67065648ecdb716e5927c',NULL),(4726,4,2,'https://www.tripadvisor.ru/SiteIndex-g293776-Central_African_Republic.html','5d3dbee1520f2f0ff9033fdaede25261',NULL),(4727,4,2,'https://www.tripadvisor.ru/SiteIndex-g293778-Chad.html','e305a7ece6957427ca69ddb33c256f18',NULL),(4728,4,2,'https://www.tripadvisor.ru/SiteIndex-g635648-Montenegro.html','5d804234eff85872793328b4be273b88',NULL),(4729,4,2,'https://www.tripadvisor.ru/SiteIndex-g274684-Czech_Republic.html','42f8986c8a6a4fe040b50c4d92fa5388',NULL),(4730,4,2,'https://www.tripadvisor.ru/SiteIndex-g294291-Chile.html','9ba08f8e6b7b2aa58122cdec50cc7fa6',NULL),(4731,4,2,'https://www.tripadvisor.ru/SiteIndex-g188045-Switzerland.html','5d8c1a1b18e9b6595ec99b76fb59f4cd',NULL),(4732,4,2,'https://www.tripadvisor.ru/SiteIndex-g189806-Sweden.html','03f5aed5ba97125401a518c5ae032e25',NULL),(4733,4,2,'https://www.tripadvisor.ru/SiteIndex-g293961-Sri_Lanka.html','7ca2f1c45544a83c6497a48611f13116',NULL),(4734,4,2,'https://www.tripadvisor.ru/SiteIndex-g294307-Ecuador.html','6d9f586d233ed08beae19a4bdaf677a8',NULL),(4735,4,2,'https://www.tripadvisor.ru/SiteIndex-g294437-Equatorial_Guinea.html','c245e9931ea5e9fad8e05b3c272eda4e',NULL),(4736,4,2,'https://www.tripadvisor.ru/SiteIndex-g293788-Eritrea.html','3dde3ec89face4da4a22c79e1428036f',NULL),(4737,4,2,'https://www.tripadvisor.ru/SiteIndex-g274952-Estonia.html','fe67b45a649948e809904adc7662044b',NULL),(4738,4,2,'https://www.tripadvisor.ru/SiteIndex-g293790-Ethiopia.html','0265868ba7ee2558b16a52b7867baf7d',NULL),(4739,4,2,'https://www.tripadvisor.ru/SiteIndex-g293740-South_Africa.html','5fbcf968dc6a500c386aeafc6fa30a59',NULL),(4740,4,2,'https://www.tripadvisor.ru/SiteIndex-g1593026-South_Georgia.html','75b0dd643d49804b7c290f71df4efbba',NULL),(4741,4,2,'https://www.tripadvisor.ru/SiteIndex-g294196-South_Korea.html','499d606501b1c255e7b466a9ebe6c923',NULL),(4742,4,2,'https://www.tripadvisor.ru/SiteIndex-g660185-South_Orkney_Islands.html','baf8d06d26b11d73b888d215235ab5ff',NULL),(4743,4,2,'https://www.tripadvisor.ru/SiteIndex-g660184-South_Shetland_Islands.html','f8ea27aa26a5a9af44429baddfc0b562',NULL),(4744,4,2,'https://www.tripadvisor.ru/SiteIndex-g2201790-South_Sudan.html','e61e9b4d0ee8151ef58e8811a15feb88',NULL),(4745,4,2,'https://www.tripadvisor.ru/SiteIndex-g669046-South_Pole.html','5645f50f1487d297f4c9cb2e4502e675',NULL),(4746,4,2,'https://www.tripadvisor.ru/SiteIndex-g294232-Japan.html','787fa0ba67c1d42f0ea5024e06be5f9e',NULL),(4747,4,3,'https://www.tripadvisor.ru/Hotels-g255055-Australia-Hotels.html','0d68194fc2d99e4dd3adf25983c14bc7',2),(4748,4,4,'https://www.tripadvisor.ru/Hotels-g255337-Gold_Coast_Queensland-Hotels.html','1f9c9ad074545e005b5cdeaadd1a5bc0',2),(4749,4,4,'https://www.tripadvisor.ru/Hotels-g255060-Sydney_New_South_Wales-Hotels.html','808ab0207264d2ba8a1589039c0337c4',NULL),(4750,4,4,'https://www.tripadvisor.ru/Hotels-g255068-Brisbane_Brisbane_Region_Queensland-Hotels.html','993da0d175fdf846fa31fbb2c3007950',NULL),(4751,4,4,'https://www.tripadvisor.ru/Hotels-g255100-Melbourne_Victoria-Hotels.html','736f72a2131ccf5daef7f7aea87b8b61',NULL),(4752,4,4,'https://www.tripadvisor.ru/Hotels-g529023-Shoalhaven_New_South_Wales-Hotels.html','468043b516bd2a9ccf640ad2db4bdd62',NULL),(4753,4,4,'https://www.tripadvisor.ru/Hotels-g261678-Noosa_Sunshine_Coast_Queensland-Hotels.html','32e4134d70d25048b0d839b23ea6a7c6',NULL),(4754,4,4,'https://www.tripadvisor.ru/Hotels-g255069-Cairns_Cairns_Region_Queensland-Hotels.html','23cfe3c0d54467d78d51272a3a24f93e',NULL),(4755,4,4,'https://www.tripadvisor.ru/Hotels-g255103-Perth_Greater_Perth_Western_Australia-Hotels.html','88ee3761af92c6f2afd0f5bc7788dafa',NULL),(4756,4,4,'https://www.tripadvisor.ru/Hotels-g528934-Byron_Bay_New_South_Wales-Hotels.html','e78c5aadadd80f143bbd16982cbb3b0f',NULL),(4757,4,4,'https://www.tripadvisor.ru/Hotels-g255097-Hobart_Greater_Hobart_Tasmania-Hotels.html','9fec77d6b427d11b9cad4359772840b2',NULL),(4758,4,4,'https://www.tripadvisor.ru/Hotels-g255093-Adelaide_Greater_Adelaide_South_Australia-Hotels.html','5cc290bf4bab4fa798ec9a19793c1837',NULL),(4759,4,4,'https://www.tripadvisor.ru/Hotels-g255066-Darwin_Top_End_Northern_Territory-Hotels.html','277dd24600195dc0ff4f0117da79454b',NULL),(4760,4,4,'https://www.tripadvisor.ru/Hotels-g255070-Port_Douglas_Queensland-Hotels.html','b119372402a3c8c5968aedbbcf3bd220',NULL),(4761,4,4,'https://www.tripadvisor.ru/Hotels-g255057-Canberra_Australian_Capital_Territory-Hotels.html','2dff347ad9b13c5c2e87b5355083aafa',NULL),(4762,4,4,'https://www.tripadvisor.ru/Hotels-g255073-Townsville_Queensland-Hotels.html','224a46543f7fc6d64361e57e52e486a5',NULL),(4763,4,4,'https://www.tripadvisor.ru/Hotels-g255059-Coffs_Harbour_New_South_Wales-Hotels.html','d73d9d1f329ae9b5cf9a07202a210311',NULL),(4764,4,4,'https://www.tripadvisor.ru/Hotels-g255344-Launceston_Tasmania-Hotels.html','e328f95fb616b28e552fef535acf1fb3',NULL),(4765,4,4,'https://www.tripadvisor.ru/Hotels-g261606-Cessnock_Greater_Newcastle_New_South_Wales-Hotels.html','0955421e0797c84ffbc9d538e682c63d',NULL),(4766,4,4,'https://www.tripadvisor.ru/Hotels-g255404-Hervey_Bay_Fraser_Coast_Queensland-Hotels.html','4c0f1c45a1a515d5c252e475693adec6',NULL),(4767,4,4,'https://www.tripadvisor.ru/Hotels-g255329-Port_Macquarie_New_South_Wales-Hotels.html','2a9c508db6076038eddcf6be8cf1fedd',NULL),(4768,4,3,'https://www.tripadvisor.ru/Hotels-g255055-oa20-Australia-Hotels.html#LOCATION_LIST','ba1857cd82d53ed2237ab7c5a813d94b',NULL),(4769,4,5,'https://www.tripadvisor.ru/Hotel_Review-g666521-d3259472-Reviews-La_Costa_Motel-Bilinga_Gold_Coast_Queensland.html','946e354981fee895f71d3588bba89448',2),(4770,4,5,'https://www.tripadvisor.ru/Hotel_Review-g495002-d2040802-Reviews-Meriton_Serviced_Apartments_Aqua_Street_Southport-Southport_Gold_Coast_Queensland.html','b494551bbb72a289a619c9f67787ba3b',2),(4771,4,5,'https://www.tripadvisor.ru/Hotel_Review-g495002-d10607031-Reviews-Meriton_Serviced_Apartments_Como_Crescent_Southport-Southport_Gold_Coast_Queensland.html','9a150027743e2a386b4e433750a40291',1),(4772,4,5,'https://www.tripadvisor.ru/Hotel_Review-g255335-d1752792-Reviews-Nirvana_By_The_Sea-Coolangatta_Gold_Coast_Queensland.html','5257f88e8729c2a845b00cf13c77016d',NULL),(4773,4,5,'https://www.tripadvisor.ru/Hotel_Review-g658842-d1200639-Reviews-Meriton_Serviced_Apartments_Broadbeach-Broadbeach_Gold_Coast_Queensland.html','cfea7a6b27914d8f382ab4a3439d9a7e',NULL),(4774,4,5,'https://www.tripadvisor.ru/Hotel_Review-g658842-d1917082-Reviews-Peppers_Broadbeach-Broadbeach_Gold_Coast_Queensland.html','8463330a4f96f0fddfc83cf983261d64',NULL),(4775,4,5,'https://www.tripadvisor.ru/Hotel_Review-g255072-d2309356-Reviews-Peppers_Soul_Surfers_Paradise-Surfers_Paradise_Gold_Coast_Queensland.html','2b5eef58fae83525b671811569b10eee',NULL),(4776,4,5,'https://www.tripadvisor.ru/Hotel_Review-g659066-d297137-Reviews-NRMA_Treasure_Island_Resort_Holiday_Park-Biggera_Waters_Gold_Coast_Queensland.html','1d9e39b3b449e89bea3a744359426531',NULL),(4777,4,5,'https://www.tripadvisor.ru/Hotel_Review-g2055777-d258003-Reviews-RACV_Royal_Pines_Resort-Benowa_Gold_Coast_Queensland.html','398c1873c508d8f5d35d08dc27d9970f',NULL),(4778,4,5,'https://www.tripadvisor.ru/Hotel_Review-g255072-d255671-Reviews-Surfers_Paradise_Marriott_Resort_Spa-Surfers_Paradise_Gold_Coast_Queensland.html','1b7f62126053fee7879536caa6fb99c2',NULL),(4779,4,5,'https://www.tripadvisor.ru/Hotel_Review-g658842-d275621-Reviews-Phoenician_Resort_Broadbeach-Broadbeach_Gold_Coast_Queensland.html','c4d00ba7db612ee7f38203bd850d7712',NULL),(4780,4,5,'https://www.tripadvisor.ru/Hotel_Review-g658994-d257076-Reviews-Sheraton_Grand_Mirage_Resort_Gold_Coast-Main_Beach_Gold_Coast_Queensland.html','924468220a2307e831f21ec37e333c7a',NULL),(4781,4,5,'https://www.tripadvisor.ru/Hotel_Review-g658842-d257074-Reviews-Sofitel_Gold_Coast_Broadbeach-Broadbeach_Gold_Coast_Queensland.html','0ff39a254dc6b0ac45ab61490aaa313a',NULL),(4782,4,5,'https://www.tripadvisor.ru/Hotel_Review-g255072-d256747-Reviews-QT_Gold_Coast-Surfers_Paradise_Gold_Coast_Queensland.html','05db6ba0616d2c4d8c5e1d9b97e548bc',NULL),(4783,4,5,'https://www.tripadvisor.ru/Hotel_Review-g1390129-d1390037-Reviews-Gold_Coast_Holiday_Park_Motel-Helensvale_Gold_Coast_Queensland.html','eff07709d56e7de52c0504d3f720fd59',NULL),(4784,4,5,'https://www.tripadvisor.ru/Hotel_Review-g255335-d255446-Reviews-Mantra_Twin_Towns-Coolangatta_Gold_Coast_Queensland.html','7bedfcf69ea9dde1686d4d49bc403587',NULL),(4785,4,5,'https://www.tripadvisor.ru/Hotel_Review-g659067-d278199-Reviews-Turtle_Beach_Resort-Mermaid_Beach_Gold_Coast_Queensland.html','9f77f11f6d0e583f5c79daa2187b5766',NULL),(4786,4,5,'https://www.tripadvisor.ru/Hotel_Review-g255072-d610164-Reviews-Q1_Resort_and_Spa-Surfers_Paradise_Gold_Coast_Queensland.html','4058a6a441693edf43875ae64d785250',NULL),(4787,4,5,'https://www.tripadvisor.ru/Hotel_Review-g255072-d257726-Reviews-Crowne_Plaza_Surfers_Paradise-Surfers_Paradise_Gold_Coast_Queensland.html','c1debd6a76883a47c848e6449c9689d4',NULL),(4788,4,5,'https://www.tripadvisor.ru/Hotel_Review-g255072-d10116213-Reviews-Rhapsody_Resort-Surfers_Paradise_Gold_Coast_Queensland.html','20b041ca7ceb8397d4ff8b1e28567c37',NULL),(4789,4,5,'https://www.tripadvisor.ru/Hotel_Review-g255072-d1173604-Reviews-Mantra_Circle_on_Cavill-Surfers_Paradise_Gold_Coast_Queensland.html','ad6d9be3f8d8fd1bc822f258af6310b7',NULL),(4790,4,5,'https://www.tripadvisor.ru/Hotel_Review-g658994-d257697-Reviews-Sea_World_Resort-Main_Beach_Gold_Coast_Queensland.html','a002ee4bf1ae5fd829cede141f990e96',NULL),(4791,4,5,'https://www.tripadvisor.ru/Hotel_Review-g658842-d257894-Reviews-Oceana_on_Broadbeach-Broadbeach_Gold_Coast_Queensland.html','0470fcb615123068341c572cd4ff93f2',NULL),(4792,4,5,'https://www.tripadvisor.ru/Hotel_Review-g659070-d258011-Reviews-InterContinental_Sanctuary_Cove_Resort-Hope_Island_Gold_Coast_Queensland.html','2385c0d0eb701745ffdaf9833559a9d7',NULL),(4793,4,5,'https://www.tripadvisor.ru/Hotel_Review-g255072-d1389236-Reviews-Wyndham_Surfers_Paradise-Surfers_Paradise_Gold_Coast_Queensland.html','067f216622baf6ce9a2a83e3f8404ee8',NULL),(4794,4,5,'https://www.tripadvisor.ru/Hotel_Review-g659072-d258002-Reviews-Mercure_Gold_Coast_Resort-Carrara_Gold_Coast_Queensland.html','3e129fc944718b05b8ba92e700d5e82e',NULL),(4795,4,5,'https://www.tripadvisor.ru/Hotel_Review-g255072-d256753-Reviews-Watermark_Hotel_Spa_Gold_Coast-Surfers_Paradise_Gold_Coast_Queensland.html','2d794de6a9cab4d94d3df810057bd910',NULL),(4796,4,5,'https://www.tripadvisor.ru/Hotel_Review-g658994-d256324-Reviews-Palazzo_Versace-Main_Beach_Gold_Coast_Queensland.html','8b91bd1f7d7359976654d50f4308e13a',NULL),(4797,4,5,'https://www.tripadvisor.ru/Hotel_Review-g658842-d289285-Reviews-BreakFree_Diamond_Beach-Broadbeach_Gold_Coast_Queensland.html','b7c900d88f7356a549ad5374c4a53981',NULL),(4798,4,5,'https://www.tripadvisor.ru/Hotel_Review-g255335-d257110-Reviews-Mantra_Coolangatta_Beach-Coolangatta_Gold_Coast_Queensland.html','27f44ce85f47ae83c2d4220ebd2364d2',NULL),(4799,4,4,'https://www.tripadvisor.ru/Hotels-g255337-oa30-Gold_Coast_Queensland-Hotels.html#ACCOM_OVERVIEW','8b8251540bac21726d3980fae6c20caa',NULL);

#
# Structure for table "messages"
#

CREATE TABLE `messages` (
  `Id` int(11) NOT NULL AUTO_INCREMENT,
  PRIMARY KEY (`Id`)
) ENGINE=InnoDB DEFAULT CHARSET=utf8;

#
# Data for table "messages"
#


#
# Structure for table "records"
#

CREATE TABLE `records` (
  `Id` int(11) NOT NULL AUTO_INCREMENT,
  `link_id` int(11) NOT NULL DEFAULT '0',
  `num` int(11) unsigned NOT NULL DEFAULT '1',
  `key` varchar(255) NOT NULL DEFAULT '',
  `value` text NOT NULL,
  `value_hash` varchar(255) NOT NULL DEFAULT '',
  PRIMARY KEY (`Id`),
  UNIQUE KEY `record_unq` (`link_id`,`num`,`key`,`value_hash`),
  CONSTRAINT `records_ibfk_1` FOREIGN KEY (`link_id`) REFERENCES `links` (`Id`) ON DELETE CASCADE ON UPDATE CASCADE
) ENGINE=InnoDB AUTO_INCREMENT=1162 DEFAULT CHARSET=utf8;

#
# Data for table "records"
#

REPLACE INTO `records` VALUES (3516,4523,1,'country','Aboa','05cd33f25167c9edfbcc89000a5eb1cf'),(3517,4523,2,'country','Mawson','38cfaed132b7d0bf89d4b9fdb2a3e043'),(3518,4523,3,'country','Австралия','ee059fcb1663f4d5547af2b438ec2035'),(3519,4523,4,'country','Австрия','c9baed786867e19ce12b799ad30a846a'),(3520,4523,5,'country','Азербайджан','50dde2395842677cb5e9579d040e13d4'),(3521,4523,6,'country','Азия','378b985626fe45b5dfa94326bedab27d'),(3522,4523,7,'country','Албания','c5e0c52e29f4a029249a3bf8ff330d17'),(3523,4523,8,'country','Алжир','3f239e82ba4b4e04a3fae1acfa03bb21'),(3524,4523,9,'country','Американское Самоа','d9add00780aebebcc0c673d7fd056e5c'),(3525,4523,10,'country','Ангола','30913975ac8745a94fd0aad7da467fa7'),(3526,4523,11,'country','Андорра','85459e370cd4726af4fdbbc5d3788fbe'),(3527,4523,12,'country','Антарктида','24bca8b95e3c5c54f1c212ed38966610'),(3528,4523,13,'country','Антарктический полуостров','4755a81a30ad4a0aaef26c005a27da1f'),(3529,4523,14,'country','Аргентина','d25bf007aa4cda61ea736cbcb1595aad'),(3530,4523,15,'country','Армения','7cedb5798894ca94754291be95c0c316'),(3531,4523,16,'country','Атолл Джонстон','30a551c85215b8a14722fca456c93ee6'),(3532,4523,17,'country','Афганистан','fd22c6993c587d607da0b788cde7ceb4'),(3533,4523,18,'country','Африка','a80f2fe8dab857900282f9fb30913159'),(3534,4523,19,'country','Бангладеш','711acf630576bd2f2dd593d37a1d8c71'),(3535,4523,20,'country','Бахрейн','ec10845c591f5a1af51cd038012cb618'),(3536,4523,21,'country','Беларусь','1834e58a07a1bd761ded407b46f4d330'),(3537,4523,22,'country','Белиз','8961a4f2b233ca6afab9aadb24a384c1'),(3538,4523,23,'country','Бельгия','9e22647d54a5ad92b83cdef4538831b0'),(3539,4523,24,'country','Бенин','cc29361d197eb6606d2d7300eb064b35'),(3540,4523,25,'country','Ближний Восток','27262b0a473aa8084b36f872da344306'),(3541,4523,26,'country','Болгария','51b8277e097eae3d64c9a08617208339'),(3542,4523,27,'country','Боливия','81abd7e6591892caa8e91f6f70712470'),(3543,4523,28,'country','Босния и Герцеговина','4d545c44c474e6086b8463b4d609087c'),(3544,4523,29,'country','Ботсвана','fce11427aadd168e95ecc200b567b309'),(3545,4523,30,'country','Бразилия','217f0730e87580a61c7ce03d944b9f8e'),(3546,4523,31,'country','Британская территория Индийского океана','1bc633ee209f5427ce9e2fcf07d55725'),(3547,4523,32,'country','Бруней-Даруссалам','e8533ea29a9eab387665200cd859eee2'),(3548,4523,33,'country','Буркина-Фасо','dd8996b5c19043d2c22075054f005d2d'),(3549,4523,34,'country','Бурунди','ad848c13677682da21725cd61e1fc828'),(3550,4523,35,'country','Бутан','bb9513cac46e1b6863c70c5da1dab35f'),(3551,4523,36,'country','Вануату','d6508dcdd33a56ba5f1d12914a504a42'),(3552,4523,37,'country','Великобритания','180d15b48cc6b9d9307e3ef128cd8a16'),(3553,4523,38,'country','Венгрия','383e618d5c834e5a010311299273066c'),(3554,4523,39,'country','Венесуэла','b7f1481735ea1184ff565813a73abbef'),(3555,4523,40,'country','Восточный Тимор','fd9b76a27e1ea07633104de61c52784c'),(3556,4523,41,'country','Вьетнам','0d53e3696e25ff3043b8bfc28c5a5498'),(3557,4523,42,'country','Габон','9fb7a568f6518130b40fd159fc3a9702'),(3558,4523,43,'country','Гайяна','61b16291077c5139b48af4b2cbe28dc4'),(3559,4523,44,'country','Гамбия','0dd3e7ea542d3c9deeb4c80056fb50f3'),(3560,4523,45,'country','Гана','8d5b090d198eede5268c81364f0a732e'),(3561,4523,46,'country','Гватемала','bff01115f789f027e78aafd96256d207'),(3562,4523,47,'country','Гвинея','6074f03e6c56c72fead199b4433699e8'),(3563,4523,48,'country','Гвинея-Бисау','3fcfe59bf1d4d6f0399d7d9f2d0e5d5a'),(3564,4523,49,'country','Германия','aeb9b67118424390d5dd6e5961eee4ec'),(3565,4523,50,'country','Гибралтар','0b194d4719e84125e4dd2eefa0df5810'),(3566,4523,51,'country','Голанские высоты','c7ed36c1a20a575c2ea1cb7b862fcbf7'),(3567,4523,52,'country','Гондурас','57d67a785169113a97d2cca9a809a868'),(3568,4523,53,'country','Гренландия','4e4a448dd4dc9f871b5c9577c8f612f8'),(3569,4523,54,'country','Греция','01a5d73c3d98415b53f5db87b4b274a5'),(3570,4523,55,'country','Грузия','15de9110ee830c6ad8fb2303c40e22ed'),(3571,4523,56,'country','Дания','15ce06b3fd0088a180a8b1771e3a168d'),(3572,4523,57,'country','Демократическая Республика Конго','65b7a37baba2ecaadc0decce5eec03bb'),(3573,4523,58,'country','Демократическая Республика Сан-Томе и Принсипи','d38d0d3569ce15495fc0955409663fd4'),(3574,4523,59,'country','Джибути','1eb5df19b60e5f9678525682a3a799ce'),(3575,4523,60,'country','Европа','f6ccf8d7bc4b0ef0868a50674063a2dc'),(3576,4523,61,'country','Египет','8f8937995d7f732c4a764ef0133229b2'),(3577,4523,62,'country','Замбия','fbad1e1f897d21291b9d674f51ecde77'),(3578,4523,63,'country','Западная Сахара','f8b52e9078a6e40a011ddde6b7745961'),(3579,4523,64,'country','Западный берег реки Иордан и сектор Газа','cce9ed170b970835ffdfa0f56cf6ba08'),(3580,4523,65,'country','Земля принцессы Елизаветы','f9bc407f55c54e7127f08f8b0fd536f2'),(3581,4523,66,'country','Зимбабве','a1137f779839129f888a6d89de119de3'),(3582,4523,67,'country','Израиль','558593249e55b4cc9099013e2e849bdd'),(3583,4523,68,'country','Иль-Хуан-да-Нова','947f222a00e06e979711dde9fd06e46b'),(3584,4523,69,'country','Иль-Эуропа','90e13f2e4dbd5dc91dc3656f126ddc36'),(3585,4523,70,'country','Индия','e48fa5f4fd84d08fef2c96cd0b55b9a3'),(3586,4523,71,'country','Индонезия','bbcb5a8f759a2dfb7d84135552db1a76'),(3587,4523,72,'country','Иордания','d8e3f4b711f84ae3cadc10ee1224564b'),(3588,4523,73,'country','Ирак','7efaed65dbefd5af6c58c96faf9e34cc'),(3589,4523,74,'country','Иран','997dfeb7e53f15f83e501dbaab5a165f'),(3590,4523,75,'country','Ирландия','21541256d1124e7f4f12d3fed0d74fdb'),(3591,4523,76,'country','Исландия','af99defe2b1bd81475722d903cc76583'),(3592,4523,77,'country','Испания','dfd8b591b6ea2b24df15afb5c876c821'),(3593,4523,78,'country','Италия','65769bfb9cb2d08a2418eaff10e201f4'),(3594,4523,79,'country','Йемен','9c5e92fadb26d70a6433c17d4b6cae69'),(3595,4523,80,'country','Кабо-Верде','8d00521fbeb681843945df34d18356d3'),(3596,4523,81,'country','Казахстан','44461c767b44e33091f3898225221bbe'),(3597,4523,82,'country','Камбоджа','e4c0f8444b623bbe9ee952bb8677f929'),(3598,4523,83,'country','Камерун','d8c2c6a3dd5485a7979ab1fa58aeb33b'),(3599,4523,84,'country','Канада','796f8e5f9bb18d9c87f502e1c2afb566'),(3600,4523,85,'country','Карибские острова','4bdd24466f8bf3f8fbe12935a5de8d94'),(3601,4523,86,'country','Катар','7345f2d480d95aeda10af8639082f62b'),(3602,4523,87,'country','Кения','0301f9441853c55c504051cfc6f75622'),(3603,4523,88,'country','Кипр','97b8ec33c395278375e1f10382ec9051'),(3604,4523,89,'country','Киргизия','0292debecfea762412061438564c1f32'),(3605,4523,90,'country','Китай','d0950f2eeb9a7c307c309dd78a5bd304'),(3606,4523,91,'country','Колумбия','638e9626087d30db2df383ae110c078c'),(3607,4523,92,'country','Коморские острова','db9a18def3a0ad904136ef7744ee6b0f'),(3608,4523,93,'country','Косово','136e958ab593ec63bf32f16293a3b04d'),(3609,4523,94,'country','Коста-Рика','797f5c9f2db6b1b3096178b8688afc34'),(3610,4523,95,'country','Кот-д\'Ивуар','966bdd7502ad44c394997dcbeacf2dde'),(3611,4523,96,'country','Крым','026a86a1049bcd83bd9e77f924a5c7b4'),(3612,4523,97,'country','Кувейт','47c3125112155f3fa414cb008521707a'),(3613,4523,98,'country','Лаос','1025c43242a4efad88528f830f036632'),(3614,4523,99,'country','Латвия','406437e3b31602265842105e1b3f5aad'),(3615,4523,100,'country','Лесото','0a638f78b840c5942dfc636bc264871a'),(3616,4523,101,'country','Либерия','202bf75829b0637e4d45290275178289'),(3617,4523,102,'country','Ливан','d8636da1b2945a1a629e3422c611c137'),(3618,4523,103,'country','Ливия','0313604e7432821360962fb41798058f'),(3619,4523,104,'country','Литва','f8d9bda8dc68aabf067896c73f1e7ad9'),(3620,4523,105,'country','Лихтенштейн','b7e8b5b6a4e9b76512184492d903f968'),(3621,4523,106,'country','Люксембург','1c4089694e9ad17ff5a5006b0e4cb2c9'),(3622,4523,107,'country','Маврикий','e00604d15b150a602301842218d9c7b1'),(3623,4523,108,'country','Мавритания','2bc00030cf9995a1d191019c23817b24'),(3624,4523,109,'country','Мадагаскар','4a0e6b0e78405ecab5d6149d113fcf6a'),(3625,4523,110,'country','Майотта','c7eec64d007c5ab8048afe29dff90997'),(3626,4523,111,'country','Малави','db9c6cbd7e2663ed99db01eabd2e86f4'),(3627,4523,112,'country','Малайзия','9b01f3ede098bf892b3d52a192e17247'),(3628,4523,113,'country','Мали','6bfab2d986eddfbc1dde3c58b55e0941'),(3629,4523,114,'country','Мальдивы','9e86034022eea088630aa44837919c32'),(3630,4523,115,'country','Мальта','97f04d130b05b58c50d8ae2fab1c09fe'),(3631,4523,116,'country','Марианские острова','be2b846cb7532953a8a60216554beacf'),(3632,4523,117,'country','Марокко','2e28ab114ea967943a6fb81cab19f09d'),(3633,4523,118,'country','Маршалловы острова','bfe6e547f121c9e68126492fa0649050'),(3634,4523,119,'country','Мексика','7664cc5a6501713e2fc8309990272cbb'),(3635,4523,120,'country','Мир','d0b1a135d431b14a344af3f7a4d50972'),(3636,4523,121,'country','Мозамбик','43e82711c9ab4d4b36d88f8dc9e4b315'),(3637,4523,122,'country','Молдова','118ef00d8f3bdd9d41c740b064338db4'),(3638,4523,123,'country','Монако','f32a65c9e2ba4ec05de66f1a785d7b0a'),(3639,4523,124,'country','Монголия','5cfeffdb5bc9e551c4918371c9093057'),(3640,4523,125,'country','Мьянма','9b20fe68af51b30adaa80168dfc5ec8b'),(3641,4523,126,'country','Намибия','b797bad9206f97446b2aa57f7ef3fbeb'),(3642,4523,127,'country','Науру','dcfe44c5afa3c978f72dfda3f8ffaba5'),(3643,4523,128,'country','Непал','a1ef80ce48e1813cdefe2460949ece22'),(3644,4523,129,'country','Нигер','9b89407cfa75f02f76c4dccfecddaf8b'),(3645,4523,130,'country','Нигерия','d13bc4f93321b9aec6e0e7daf24d146b'),(3646,4523,131,'country','Нидерланды','32273741e73a651bcc5ce63634294323'),(3647,4523,132,'country','Никарагуа','0266d8942c759ded440812001a201cb1'),(3648,4523,133,'country','Ниуэ','ba0ee1b6bb4e8d24ebe3e4829086718e'),(3649,4523,134,'country','Новая Зеландия','b87b2f957cd290a85f379a2f78ddf191'),(3650,4523,135,'country','Новая Каледония','9a7c85e793fb930938a28213d405ae80'),(3651,4523,136,'country','Норвегия','2ef48930e2e170f95ce339cb4c1870ab'),(3652,4523,137,'country','ОАЭ','d44b9837a17073d4bbd2f20cff369675'),(3653,4523,138,'country','Оман','46fe870a6c0d158bb0409397baed3d69'),(3654,4523,139,'country','Остров Кувервиль','0b4103b0bc0c83e916be9f8b23de8948'),(3655,4523,140,'country','Остров Реюньон','f5da9add2935d37aab4343450cd783a4'),(3656,4523,141,'country','Остров Росс','8deeb9ff1b17fad02e353beec476328f'),(3657,4523,142,'country','Остров Св. Елены','a35d0bfbbfe8e4b37c99d91fcfcdcde6'),(3658,4523,143,'country','Остров Уэйк','7adfae1f0a022af0e5680da7ff1c533d'),(3659,4523,144,'country','Острова Кука','8ade8be294c8e367cc108e6f59625327'),(3660,4523,145,'country','Острова Питкэрн','e8302fb54dd48b3f900291e59084005c'),(3661,4523,146,'country','Острова Уиндмилл','b95d6898b05aca78bca880331a45f639'),(3662,4523,147,'country','Пакистан','564a90dc99d44f2baf4a1a3600784fae'),(3663,4523,148,'country','Палау','398785e82424f46921b1a7a6619fe81c'),(3664,4523,149,'country','Панама','4e2c96407808f023f2d88e721287193f'),(3665,4523,150,'country','Папуа – Новая Гвинея','a8680ec407cdfb385e0bf0f0ed446ea3'),(3666,4523,151,'country','Парагвай','8eebcaa04b7f6c65eeb37d754b75f637'),(3667,4523,152,'country','Перу','bfde7275dbd5f2ef3bbe75efb00abfc6'),(3668,4523,153,'country','Польша','b0fe45c67757497fa72cf9d608dabaf5'),(3669,4523,154,'country','Португалия','89dbd47fb35af305cb50276e993aee47'),(3670,4523,155,'country','Республика Кирибати','4cf5fc169a2c859019aeb217cd69d80b'),(3671,4523,156,'country','Республика Конго','6ce08100503b464a92c1a0e7bf99dde0'),(3672,4523,157,'country','Республика Македония','11ed2e5ae82dc1b3c2676fe167a0a14c'),(3673,4523,158,'country','Россия','1ed1c408a4ac822b728a2077a1d9935c'),(3674,4523,159,'country','Руанда','5715b792ffcd5c94f3d008963bb3fa39'),(3675,4523,160,'country','Румыния','5a7d85ca96593eee982b54fea28faf9c'),(3676,4523,161,'country','США','b7e7dfa0bf43a058752addd1eb1e1f47'),(3677,4523,162,'country','Сальвадор','470b2d6b3202fb6cc1905bf53ccbf112'),(3678,4523,163,'country','Самоа','d6516876a0266b13a3d284554f70ac6d'),(3679,4523,164,'country','Сан-Марино','4d312df8fa49eeb8b2561367ba4a3b16'),(3680,4523,165,'country','Саудовская Аравия','2533614a1762122fb85c58252343e5e4'),(3681,4523,166,'country','Свазиленд','f574576c8a12813d1122c3a7709e3ac0'),(3682,4523,167,'country','Северная Америка','5d2fa140f2248dae3aa2cb253b1af691'),(3683,4523,168,'country','Северная Корея','af4572cbf9ca6affa7faf2c6fd37a909'),(3684,4523,169,'country','Сейшельские острова','e3408299686c7143a2ee68e65875b0cb'),(3685,4523,170,'country','Сен-Пьер и Микелон','a2a96fc55468a608ad0ccafd4106672d'),(3686,4523,171,'country','Сенегал','3bc2601dfcf2e49e00115132af4eb867'),(3687,4523,172,'country','Сербия','beca70422edbf5a34590a8fe57a65ba8'),(3688,4523,173,'country','Сингапур','db983a1044222ac47f790c2b72c2a9b0'),(3689,4523,174,'country','Сирия','21f86cfa937450a964b45669efe5abb0'),(3690,4523,175,'country','Словакия','88d1dc5fcf5d0b35c2209c78a90c2064'),(3691,4523,176,'country','Словения','b0e88c4414bbfbb3cf6fee873f1a3409'),(3692,4523,177,'country','Соломоновы острова','82ab0eddacc5cfe530b42f46d57f11c7'),(3693,4523,178,'country','Сомали','10c431bd77b5fc197bde13bda0d339ca'),(3694,4523,179,'country','Судан','7c5c929afa9135235c4d1831ed68e727'),(3695,4523,180,'country','Суринам','4e82a51a3dc5e5207bc9d2c0234c0877'),(3696,4523,181,'country','Сьерра-Леоне','45c3f6ab6b33ce53b4829f880014f00d'),(3697,4523,182,'country','Таджикистан','3ec46ba58d16080ed820ba799d50d096'),(3698,4523,183,'country','Таиланд','32cf1e3fa7dd84244360c3492ddc6328'),(3699,4523,184,'country','Тайвань','ea19c7625501a9dcd15b27bc2e32c259'),(3700,4523,185,'country','Танзания','030d1d2da5ec49ff310a5e3a0a52dfcf'),(3701,4523,186,'country','Того','a89dfc9fa6f289c2280ff56e3eb007fb'),(3702,4523,187,'country','Токелау','d457d48b96f177e37ca6c531d00060c3'),(3703,4523,188,'country','Тонга','dba9ae3779937144bd6e818b9e5e8cc6'),(3704,4523,189,'country','Тромелин','1698c4e34df4d121daf728ec23c69971'),(3705,4523,190,'country','Тувалу','485d434fa74f2b82d2a48ab2dcfe1ab3'),(3706,4523,191,'country','Тунис','6cfe0cd64bc3691a5f97a705bd4f5a69'),(3707,4523,192,'country','Туркменистан','dcc76a60d83d5fe49b07434241e66783'),(3708,4523,193,'country','Турция','7789ba2876d43f96ef32d7daa83376a9'),(3709,4523,194,'country','Уганда','8e946befb212e49d7a69484cb920b757'),(3710,4523,195,'country','Узбекистан','56fa5e7463cd76b01da02008c75c2fbf'),(3711,4523,196,'country','Украина','a36132306e4574ca78381ceaac5b9e15'),(3712,4523,197,'country','Уоллис и Футуна','1f8627a8377d0aa03b7912d7d6d80162'),(3713,4523,198,'country','Уругвай','bb0fdeaec453fea807a35d0271c2f227'),(3714,4523,199,'country','Фарерские острова','ed2daa5dc8009efd617b5ccf860ed21e'),(3715,4523,200,'country','Федеративные Штаты Микронезии','13655f7d1f56aa017a3bc0ce58da0ed3'),(3716,4523,201,'country','Фиджи','7921f2559a448977905ac7d5d52a277c'),(3717,4523,202,'country','Филиппины','f120b5566aaa3c6507360cb46e5ed63d'),(3718,4523,203,'country','Финляндия','69ef0197bd10dd85fc4edb98743a87b0'),(3719,4523,204,'country','Фолклендские острова','16ff014e35572bc1ac6bd58707a3285e'),(3720,4523,205,'country','Франция','7954da367de778a0f1cde37e74f477c1'),(3721,4523,206,'country','Французская Гвиана','f3ade4c349894ce52ab2d3422e6b6795'),(3722,4523,207,'country','Французская Полинезия','7e7e91fda2f968a08e003e3a6bd8e59f'),(3723,4523,208,'country','Хорватия','cda91125fa573848865d397d5309a99d'),(3724,4523,209,'country','Центральная Америка','9bc5d5ff4ea5ac32710cb88835fbf4ee'),(3725,4523,210,'country','Центральноафриканская Республика','3930d771ade41c9f99793e3fbf06c705'),(3726,4523,211,'country','Чад','f837a0b3b3a4e81adb51fdb2d6149f5d'),(3727,4523,212,'country','Черногория','f2126e0c243e820591f38b92ed608e66'),(3728,4523,213,'country','Чехия','acace871966dd6908b7db28a619502e7'),(3729,4523,214,'country','Чили','e99aee809a83b88eb746d322a8f41b8d'),(3730,4523,215,'country','Швейцария','74a86b5543f0ea4c8fc7591a13ed021b'),(3731,4523,216,'country','Швеция','8996ba26eb0edf7ea5a055dc16c2ccbd'),(3732,4523,217,'country','Шри-Ланка','3305c598053dc04b626bae94b3ca86ad'),(3733,4523,218,'country','Эквадор','414529a53549faefc547241a432608aa'),(3734,4523,219,'country','Экваториальная Гвинея','3e85656ccf15514d56b95daf077a57db'),(3735,4523,220,'country','Эритрея','6ae5fad7c1665406690fafa8dabccd66'),(3736,4523,221,'country','Эстония','cbf1d42b79f82d408afe0adc9ad3a68d'),(3737,4523,222,'country','Эфиопия','dc364d0ac08e432e1157787a12e2b949'),(3738,4523,223,'country','Южная Америка','784b05c512fa39bcaff824fba3fc74a4'),(3739,4523,224,'country','Южная Африка','1ca59b700f2cfbc8fbe20a2abacfd1d3'),(3740,4523,225,'country','Южная Джоржия и Южные Сандвичевы острова','a8d1ad5b8d3af49e15c5454fde6198e9'),(3741,4523,226,'country','Южная Корея','14a2f6848f9e0cdf6d6b5977f3730a18'),(3742,4523,227,'country','Южнотихоокенский регион','672f6d62b175c9f3f7397214e5c6cd3d'),(3743,4523,228,'country','Южные Оркнейские острова','6ca2cf40eae63550fa0a07aa2b904a71'),(3744,4523,229,'country','Южные Шетландские острова','b0f98e38e7c457296064c9e0b1a85d25'),(3745,4523,230,'country','Южный Судан','5e024e8ade08ba8fbe0a3d613365cc4b'),(3746,4523,231,'country','Южный полюс','1de0ed99c13ef54855b41098daaac41d'),(3747,4523,232,'country','Япония','6646a19c1346a88dd9f0ca6964184bae'),(3748,4769,1,'ru_title','Ля Коста Мотель','13967c62b951ee55e4d252bcc25b345b'),(3749,4770,1,'ru_title','Меритон Апартаменты С Обслуживанием Сауспорт','80c88162b633f5d1099173cb597fb6c8');
