# Host: localhost  (Version: 5.5.29)
# Date: 2017-01-25 07:45:19
# Generator: MySQL-Front 5.3  (Build 1.27)

/*!40101 SET @OLD_CHARACTER_SET_CLIENT=@@CHARACTER_SET_CLIENT */;
/*!40101 SET @OLD_CHARACTER_SET_RESULTS=@@CHARACTER_SET_RESULTS */;
/*!40101 SET @OLD_COLLATION_CONNECTION=@@COLLATION_CONNECTION */;
/*!40101 SET NAMES utf8 */;
/*!40101 SET @OLD_SQL_MODE=@@SQL_MODE */;
/*!40101 SET SQL_MODE='STRICT_TRANS_TABLES,NO_AUTO_CREATE_USER,NO_ENGINE_SUBSTITUTION' */;
/*!40111 SET @OLD_SQL_NOTES=@@SQL_NOTES */;
/*!40103 SET SQL_NOTES='ON' */;
/*!40014 SET @OLD_UNIQUE_CHECKS=@@UNIQUE_CHECKS */;
/*!40014 SET UNIQUE_CHECKS=0 */;
/*!40014 SET @OLD_FOREIGN_KEY_CHECKS=@@FOREIGN_KEY_CHECKS */;
/*!40014 SET FOREIGN_KEY_CHECKS=0 */;

#
# Source for table "job_regexp_type_ref"
#

CREATE TABLE `job_regexp_type_ref` (
  `Id` tinyint(3) NOT NULL DEFAULT '0',
  `refval` varchar(255) NOT NULL DEFAULT '',
  PRIMARY KEY (`Id`)
) ENGINE=InnoDB DEFAULT CHARSET=utf8;

#
# Data for table "job_regexp_type_ref"
#

REPLACE INTO `job_regexp_type_ref` VALUES (1,'accept if match in inside HTML'),(2,''),(3,'delete if match');

#
# Source for table "jobs"
#

CREATE TABLE `jobs` (
  `Id` int(11) NOT NULL AUTO_INCREMENT,
  `caption` varchar(255) NOT NULL DEFAULT '',
  `zero_link` text NOT NULL,
  PRIMARY KEY (`Id`)
) ENGINE=InnoDB AUTO_INCREMENT=6 DEFAULT CHARSET=utf8;

#
# Data for table "jobs"
#

REPLACE INTO `jobs` VALUES (4,'TripAdvisor','https://www.tripadvisor.ru/SiteIndex'),(5,'Wiki Actors','https://ru.wikipedia.org/wiki/%D0%9A%D0%B0%D1%82%D0%B5%D0%B3%D0%BE%D1%80%D0%B8%D1%8F:%D0%90%D0%BA%D1%82%D1%91%D1%80%D1%8B_%D0%BF%D0%BE_%D0%B0%D0%BB%D1%84%D0%B0%D0%B2%D0%B8%D1%82%D1%83');

#
# Source for table "job_levels"
#

CREATE TABLE `job_levels` (
  `Id` int(11) NOT NULL AUTO_INCREMENT,
  `job_id` int(11) NOT NULL DEFAULT '0',
  `level` int(11) NOT NULL DEFAULT '0',
  PRIMARY KEY (`Id`),
  UNIQUE KEY `job_level_unq` (`job_id`,`level`),
  KEY `job_id` (`job_id`),
  CONSTRAINT `job_levels_ibfk_1` FOREIGN KEY (`job_id`) REFERENCES `jobs` (`Id`) ON DELETE CASCADE ON UPDATE CASCADE
) ENGINE=InnoDB AUTO_INCREMENT=10 DEFAULT CHARSET=utf8;

#
# Data for table "job_levels"
#

REPLACE INTO `job_levels` VALUES (1,4,1),(2,4,2),(3,4,3),(6,4,4),(7,4,5),(8,5,1),(9,5,2);

#
# Source for table "job_groups"
#

CREATE TABLE `job_groups` (
  `Id` int(11) NOT NULL AUTO_INCREMENT,
  `job_level_id` int(11) DEFAULT NULL,
  `notes` varchar(255) DEFAULT NULL,
  PRIMARY KEY (`Id`),
  KEY `job_level_id` (`job_level_id`),
  CONSTRAINT `job_groups_ibfk_1` FOREIGN KEY (`job_level_id`) REFERENCES `job_levels` (`Id`) ON DELETE CASCADE ON UPDATE CASCADE
) ENGINE=InnoDB AUTO_INCREMENT=18 DEFAULT CHARSET=utf8;

#
# Data for table "job_groups"
#

REPLACE INTO `job_groups` VALUES (1,1,'страна'),(2,2,NULL),(3,3,NULL),(4,3,NULL),(7,6,NULL),(8,6,NULL),(9,7,NULL),(10,7,NULL),(11,8,'актёр'),(12,8,'след стр.'),(14,9,'адрес'),(15,9,'сайт'),(16,9,'сайт 2'),(17,9,'контент');

#
# Source for table "job_rules"
#

CREATE TABLE `job_rules` (
  `Id` int(11) NOT NULL AUTO_INCREMENT,
  `group_id` int(11) NOT NULL DEFAULT '0',
  `description` varchar(255) DEFAULT NULL,
  `container_offset` int(3) DEFAULT NULL,
  `critical_type` tinyint(3) DEFAULT NULL,
  PRIMARY KEY (`Id`),
  KEY `group_id` (`group_id`),
  CONSTRAINT `job_rules_ibfk_1` FOREIGN KEY (`group_id`) REFERENCES `job_groups` (`Id`) ON DELETE CASCADE ON UPDATE CASCADE
) ENGINE=InnoDB AUTO_INCREMENT=26 DEFAULT CHARSET=utf8;

#
# Data for table "job_rules"
#

REPLACE INTO `job_rules` VALUES (2,1,'ссылка на страну',2,1),(4,2,'ссылка на раздел Отели',0,2),(8,4,'ссылка на регион',8,1),(9,3,'след страница',0,2),(11,8,'ссылка на отель',9,2),(12,7,'след страница',0,2),(13,10,'альт название',0,0),(14,9,'название',0,2),(15,1,'страна',2,1),(16,11,'ссылка',4,0),(17,11,'имя рус',4,0),(18,12,'ссылка след стр.',1,0),(20,14,'адрес',0,0),(23,15,'сайт',0,0),(24,16,'сайт',0,0),(25,17,'контент рус.',0,0);

#
# Source for table "job_custom_procs"
#

CREATE TABLE `job_custom_procs` (
  `Id` int(11) NOT NULL AUTO_INCREMENT,
  `job_rule_id` int(10) NOT NULL DEFAULT '0',
  `script_lang_refid` int(11) NOT NULL DEFAULT '0',
  `custom_proc_name` varchar(255) NOT NULL DEFAULT '',
  PRIMARY KEY (`Id`),
  UNIQUE KEY `un_job_custom_proc` (`job_rule_id`,`script_lang_refid`),
  KEY `job_rule_id` (`job_rule_id`),
  CONSTRAINT `job_custom_procs_ibfk_1` FOREIGN KEY (`job_rule_id`) REFERENCES `job_rules` (`Id`) ON DELETE CASCADE ON UPDATE CASCADE
) ENGINE=InnoDB AUTO_INCREMENT=3 DEFAULT CHARSET=utf8;

#
# Data for table "job_custom_procs"
#

REPLACE INTO `job_custom_procs` VALUES (1,25,2,'RomanParsers_procWikiContent'),(2,25,1,'custom_RomanParsers.procWikiContent');

#
# Source for table "job_nodes"
#

CREATE TABLE `job_nodes` (
  `Id` int(11) NOT NULL AUTO_INCREMENT,
  `job_rule_id` int(11) NOT NULL DEFAULT '0',
  `tag` varchar(255) NOT NULL DEFAULT '',
  `index` int(11) NOT NULL DEFAULT '0',
  `tag_id` varchar(255) DEFAULT NULL,
  `class` varchar(255) DEFAULT NULL,
  `name` varchar(255) DEFAULT NULL,
  PRIMARY KEY (`Id`),
  KEY `job_rule_id` (`job_rule_id`),
  CONSTRAINT `job_nodes_ibfk_1` FOREIGN KEY (`job_rule_id`) REFERENCES `job_rules` (`Id`) ON DELETE CASCADE ON UPDATE CASCADE
) ENGINE=InnoDB AUTO_INCREMENT=303 DEFAULT CHARSET=utf8;

#
# Data for table "job_nodes"
#

REPLACE INTO `job_nodes` VALUES (2,2,'HTML',1,NULL,NULL,NULL),(3,2,'BODY',1,NULL,'ltr domn_ru lang_ru long_prices globalNav2011_reset css_commerce_buttons flat_buttons sitewide xo_pin_user_review_to_top track_back',NULL),(4,2,'DIV',3,'PAGE',' non_hotels_like desktop scopedSearch',NULL),(5,2,'DIV',4,'MAINWRAP',' ',NULL),(6,2,'DIV',1,'MAIN','SiteIndex\r\n prodp13n_jfy_overflow_visible\r\n ',NULL),(7,2,'DIV',1,'BODYCON','col poolB adjust_padding new_meta_chevron_v2',NULL),(8,2,'DIV',2,NULL,'sectionCollection',NULL),(9,2,'DIV',1,NULL,'resizingMargins',NULL),(10,2,'DIV',1,'taplc_html_sitemap_payload_0','ppr_rup ppr_priv_html_sitemap_payload',NULL),(11,2,'DIV',1,NULL,'prw_rup prw_links_sitemap_container',NULL),(12,2,'DIV',1,NULL,'world_destinations container',NULL),(13,2,'UL',1,NULL,NULL,NULL),(14,2,'LI',1,NULL,NULL,NULL),(15,2,'A',1,NULL,NULL,NULL),(30,4,'HTML',1,NULL,NULL,NULL),(31,4,'BODY',1,NULL,'ltr domn_ru lang_ru long_prices globalNav2011_reset css_commerce_buttons flat_buttons sitewide xo_pin_user_review_to_top track_back',NULL),(32,4,'DIV',3,'PAGE',' non_hotels_like desktop scopedSearch',NULL),(33,4,'DIV',1,'HEAD','',NULL),(34,4,'DIV',1,NULL,'masthead\r\n masthead_war_dropdown_enabled masthead_notification_enabled\r\n ',NULL),(35,4,'DIV',2,NULL,' tabsBar',NULL),(36,4,'UL',1,NULL,'tabs',NULL),(37,4,'LI',2,NULL,'tabItem hvrIE6',NULL),(38,4,'A',1,NULL,'tabLink pid4965',NULL),(85,8,'HTML',1,NULL,NULL,NULL),(86,8,'BODY',1,NULL,'ltr domn_ru lang_ru long_prices globalNav2011_reset css_commerce_buttons flat_buttons sitewide xo_pin_user_review_to_top track_back',NULL),(87,8,'DIV',3,'PAGE',' hotels_like desktop scopedSearch withMapIcon bg_f8',NULL),(88,8,'DIV',3,'DEALSHOME',NULL,NULL),(89,8,'DIV',1,'MAIN',NULL,NULL),(90,8,'DIV',2,NULL,'maincontent rollup',NULL),(91,8,'DIV',1,'SDTOPDESTCONTENT','topdestinations rollup',NULL),(92,8,'DIV',1,'LOCATION_LIST','deckB',NULL),(93,8,'DIV',1,'BROAD_GRID',NULL,NULL),(94,8,'DIV',1,NULL,'geos_grid',NULL),(95,8,'DIV',1,NULL,'geos_row',NULL),(96,8,'DIV',1,NULL,'geo_wrap',NULL),(97,8,'DIV',1,NULL,'geo_entry',NULL),(98,8,'DIV',1,NULL,'geo_info',NULL),(99,8,'DIV',2,NULL,'geo_name',NULL),(100,8,'A',1,NULL,NULL,NULL),(101,9,'HTML',1,NULL,NULL,NULL),(102,9,'BODY',1,NULL,'ltr domn_ru lang_ru long_prices globalNav2011_reset css_commerce_buttons flat_buttons sitewide xo_pin_user_review_to_top track_back',NULL),(103,9,'DIV',3,'PAGE',' hotels_like desktop scopedSearch withMapIcon bg_f8',NULL),(104,9,'DIV',3,'DEALSHOME',NULL,NULL),(105,9,'DIV',1,'MAIN',NULL,NULL),(106,9,'DIV',2,NULL,'maincontent rollup',NULL),(107,9,'DIV',1,'SDTOPDESTCONTENT','topdestinations rollup',NULL),(108,9,'DIV',2,NULL,'deckTools btm',NULL),(109,9,'DIV',1,NULL,'unified pagination ',NULL),(110,9,'A',1,NULL,'nav next rndBtn ui_button primary taLnk',NULL),(131,11,'HTML',1,NULL,NULL,NULL),(132,11,'BODY',1,NULL,'ltr domn_ru lang_ru long_prices globalNav2011_reset css_commerce_buttons flat_buttons sitewide xo_pin_user_review_to_top track_back',NULL),(133,11,'DIV',3,'PAGE','meta_hotels hotels_like desktop scopedSearch withMapIcon bg_f8',NULL),(134,11,'DIV',6,'MAINWRAP',' hotels_lf_redesign flexChevron ',NULL),(135,11,'DIV',2,'MAIN','Hotels\r\n condense_filters prodp13n_jfy_overflow_visible\r\n ',NULL),(136,11,'DIV',1,'BODYCON','col poolA new_meta_chevron_v2',NULL),(137,11,'DIV',3,NULL,'gridA single_col_hotels txtLnkDropDown ',NULL),(138,11,'DIV',1,NULL,'col balance',NULL),(139,11,'DIV',5,'HAC_RESULTS',NULL,NULL),(140,11,'DIV',2,NULL,'hotels_list_placement',NULL),(141,11,'DIV',1,'taplc_hotels_list_short_cells2_0','ppr_rup ppr_priv_hotels_list_short_cells2',NULL),(142,11,'DIV',1,'ACCOM_OVERVIEW','deckA hacTabLIST shortCells long_prices noDates sbs txtLnkULHover bookingEnabled firstPage ',NULL),(143,11,'DIV',3,'hotel_3259472','listing easyClear p13n_imperfect ',NULL),(144,11,'DIV',1,NULL,'prw_rup prw_meta_short_cell_listing',NULL),(145,11,'DIV',1,NULL,'meta_listing easyClear metaCacheKey msk',NULL),(146,11,'DIV',1,NULL,'metaLocationInfo nonen',NULL),(147,11,'DIV',1,NULL,'property_details easyClear',NULL),(148,11,'DIV',1,NULL,'listing_info popIndexValidation styleguide_ratings',NULL),(149,11,'DIV',1,NULL,'listing_title',NULL),(150,11,'A',1,'property_3259472','property_title ',NULL),(151,12,'HTML',1,NULL,NULL,NULL),(152,12,'BODY',1,NULL,'ltr domn_ru lang_ru long_prices globalNav2011_reset css_commerce_buttons flat_buttons sitewide xo_pin_user_review_to_top track_back',NULL),(153,12,'DIV',3,'PAGE','meta_hotels hotels_like desktop scopedSearch withMapIcon bg_f8',NULL),(154,12,'DIV',6,'MAINWRAP',' hotels_lf_redesign flexChevron ',NULL),(155,12,'DIV',2,'MAIN','Hotels\r\n condense_filters prodp13n_jfy_overflow_visible\r\n ',NULL),(156,12,'DIV',1,'BODYCON','col poolB new_meta_chevron_v2',NULL),(157,12,'DIV',3,NULL,'gridA single_col_hotels txtLnkDropDown ',NULL),(158,12,'DIV',1,NULL,'col balance',NULL),(159,12,'DIV',5,'HAC_RESULTS',NULL,NULL),(160,12,'DIV',2,NULL,'hotels_list_placement',NULL),(161,12,'DIV',1,'taplc_hotels_list_short_cells2_0','ppr_rup ppr_priv_hotels_list_short_cells2',NULL),(162,12,'DIV',1,'ACCOM_OVERVIEW','deckA hacTabLIST shortCells long_prices noDates sbs txtLnkULHover bookingEnabled firstPage ',NULL),(163,12,'DIV',40,NULL,'deckTools easyClear unified_pagination',NULL),(164,12,'DIV',2,NULL,'prw_rup prw_common_standard_pagination',NULL),(165,12,'DIV',1,NULL,'unified pagination standard_pagination',NULL),(166,12,'A',1,NULL,'nav next ui_button primary taLnk',NULL),(167,13,'HTML',1,NULL,NULL,NULL),(168,13,'BODY',1,NULL,' fall_2013_refresh_hr_top css_commerce_buttons ltr domn_ru lang_ru long_prices globalNav2011_reset hr_tabs_placement_test tabs_below_meta hr_tabs content_blocks flat_buttons sitewide xo_pin_user_review_to_top track_back',NULL),(169,13,'DIV',3,'PAGE',' non_hotels_like desktop gutterAd scopedSearch bg_f8',NULL),(170,13,'DIV',5,'taplc_poi_header_0','ppr_rup ppr_priv_poi_header',NULL),(171,13,'DIV',1,NULL,'heading_2014 hr_heading',NULL),(172,13,'DIV',1,NULL,'header_container',NULL),(173,13,'DIV',1,NULL,'full_width',NULL),(174,13,'DIV',1,'HEADING_GROUP','',NULL),(175,13,'DIV',1,NULL,'headingWrapper easyClear ',NULL),(176,13,'DIV',1,NULL,'heading_name_wrapper',NULL),(177,13,'H1',1,'HEADING','heading_name with_alt_title limit_width_800',NULL),(178,13,'SPAN',1,NULL,'altHead',NULL),(179,14,'HTML',1,NULL,NULL,NULL),(180,14,'BODY',1,NULL,' fall_2013_refresh_hr_top css_commerce_buttons ltr domn_ru lang_ru long_prices globalNav2011_reset hr_tabs_placement_test tabs_below_meta hr_tabs content_blocks flat_buttons sitewide xo_pin_user_review_to_top track_back',NULL),(181,14,'DIV',3,'PAGE',' non_hotels_like desktop gutterAd scopedSearch bg_f8',NULL),(182,14,'DIV',5,'taplc_poi_header_0','ppr_rup ppr_priv_poi_header',NULL),(183,14,'DIV',1,NULL,'heading_2014 hr_heading',NULL),(184,14,'DIV',1,NULL,'header_container',NULL),(185,14,'DIV',1,NULL,'full_width',NULL),(186,14,'DIV',1,'HEADING_GROUP','',NULL),(187,14,'DIV',1,NULL,'headingWrapper easyClear ',NULL),(188,14,'DIV',1,NULL,'heading_name_wrapper',NULL),(189,14,'H1',1,'HEADING','heading_name with_alt_title limit_width_800',NULL),(190,15,'HTML',1,NULL,NULL,NULL),(191,15,'BODY',1,NULL,'ltr domn_ru lang_ru long_prices globalNav2011_reset css_commerce_buttons flat_buttons sitewide xo_pin_user_review_to_top track_back',NULL),(192,15,'DIV',3,'PAGE',' non_hotels_like desktop scopedSearch',NULL),(193,15,'DIV',5,'MAINWRAP',' ',NULL),(194,15,'DIV',1,'MAIN','SiteIndex\r\n prodp13n_jfy_overflow_visible\r\n ',NULL),(195,15,'DIV',1,'BODYCON','col poolA adjust_padding new_meta_chevron_v2',NULL),(196,15,'DIV',2,NULL,'sectionCollection',NULL),(197,15,'DIV',1,NULL,'resizingMargins',NULL),(198,15,'DIV',1,'taplc_html_sitemap_payload_0','ppr_rup ppr_priv_html_sitemap_payload',NULL),(199,15,'DIV',1,NULL,'prw_rup prw_links_sitemap_container',NULL),(200,15,'DIV',1,NULL,'world_destinations container',NULL),(201,15,'UL',1,NULL,NULL,NULL),(202,15,'LI',1,NULL,NULL,NULL),(203,15,'A',1,NULL,NULL,NULL),(205,16,'HTML',1,NULL,'client-js ve-available',NULL),(206,16,'BODY',1,NULL,'mediawiki ltr sitedir-ltr mw-hide-empty-elt ns-14 ns-subject page-Категория_Актёры_по_алфавиту rootpage-Категория_Актёры_по_алфавиту skin-vector action-view',NULL),(207,16,'DIV',3,'content','mw-body',NULL),(208,16,'DIV',3,'bodyContent','mw-body-content',NULL),(209,16,'DIV',4,'mw-content-text','mw-content-ltr',NULL),(210,16,'DIV',2,NULL,'mw-category-generated',NULL),(211,16,'DIV',2,'mw-pages',NULL,NULL),(212,16,'DIV',1,NULL,'mw-content-ltr',NULL),(213,16,'DIV',1,NULL,'mw-category',NULL),(214,16,'DIV',1,NULL,'mw-category-group',NULL),(215,16,'UL',1,NULL,NULL,NULL),(216,16,'LI',1,NULL,NULL,NULL),(217,16,'A',1,NULL,NULL,NULL),(218,17,'HTML',1,NULL,'client-js ve-available',NULL),(219,17,'BODY',1,NULL,'mediawiki ltr sitedir-ltr mw-hide-empty-elt ns-14 ns-subject page-Категория_Актёры_по_алфавиту rootpage-Категория_Актёры_по_алфавиту skin-vector action-view',NULL),(220,17,'DIV',3,'content','mw-body',NULL),(221,17,'DIV',3,'bodyContent','mw-body-content',NULL),(222,17,'DIV',4,'mw-content-text','mw-content-ltr',NULL),(223,17,'DIV',2,NULL,'mw-category-generated',NULL),(224,17,'DIV',2,'mw-pages',NULL,NULL),(225,17,'DIV',1,NULL,'mw-content-ltr',NULL),(226,17,'DIV',1,NULL,'mw-category',NULL),(227,17,'DIV',1,NULL,'mw-category-group',NULL),(228,17,'UL',1,NULL,NULL,NULL),(229,17,'LI',1,NULL,NULL,NULL),(230,17,'A',1,NULL,NULL,NULL),(231,18,'HTML',1,NULL,'client-js ve-available',NULL),(232,18,'BODY',1,NULL,'mediawiki ltr sitedir-ltr mw-hide-empty-elt ns-14 ns-subject page-Категория_Актёры_по_алфавиту rootpage-Категория_Актёры_по_алфавиту skin-vector action-view',NULL),(233,18,'DIV',3,'content','mw-body',NULL),(234,18,'DIV',3,'bodyContent','mw-body-content',NULL),(235,18,'DIV',4,'mw-content-text','mw-content-ltr',NULL),(236,18,'DIV',2,NULL,'mw-category-generated',NULL),(237,18,'DIV',2,'mw-pages',NULL,NULL),(238,18,'A',1,NULL,NULL,NULL),(243,25,'HTML',1,NULL,'client-js ve-available',NULL),(244,25,'BODY',1,NULL,'mediawiki ltr sitedir-ltr mw-hide-empty-elt ns-0 ns-subject page-50_Cent rootpage-50_Cent skin-vector action-view',NULL),(245,25,'DIV',3,'content','mw-body',NULL),(246,25,'DIV',3,'bodyContent','mw-body-content',NULL),(247,25,'DIV',4,'mw-content-text','mw-content-ltr',NULL),(248,20,'HTML',1,NULL,'client-js ve-available',NULL),(249,20,'BODY',1,NULL,'mediawiki ltr sitedir-ltr mw-hide-empty-elt ns-0 ns-subject page-Атлант_стадион_Новополоцк rootpage-Атлант_стадион_Новополоцк skin-vector action-view',NULL),(250,20,'DIV',3,'content','mw-body',NULL),(251,20,'DIV',3,'bodyContent','mw-body-content',NULL),(252,20,'DIV',4,'mw-content-text','mw-content-ltr',NULL),(253,20,'TABLE',1,NULL,'infobox',NULL),(254,20,'TBODY',1,NULL,NULL,NULL),(255,20,'TR',2,NULL,NULL,NULL),(256,20,'TD',1,NULL,'',NULL),(257,20,'P',1,NULL,NULL,NULL),(258,20,'SPAN',1,NULL,'no-wikidata',NULL),(283,23,'HTML',1,NULL,'client-js ve-available',NULL),(284,23,'BODY',1,NULL,'mediawiki ltr sitedir-ltr mw-hide-empty-elt ns-0 ns-subject page-Sylvester rootpage-Sylvester skin-vector action-view',NULL),(285,23,'DIV',3,'content','mw-body',NULL),(286,23,'DIV',3,'bodyContent','mw-body-content',NULL),(287,23,'DIV',4,'mw-content-text','mw-content-ltr',NULL),(288,23,'TABLE',1,NULL,'infobox',NULL),(289,23,'TBODY',1,NULL,NULL,NULL),(290,23,'TR',12,NULL,NULL,NULL),(291,23,'TH',1,NULL,NULL,NULL),(292,23,'SPAN',1,NULL,'wikidata-claim',NULL),(293,23,'SPAN',1,NULL,'wikidata-snak wikidata-main-snak',NULL),(294,23,'A',1,NULL,'external text',NULL),(295,24,'HTML',1,NULL,'client-js ve-available',NULL),(296,24,'BODY',1,NULL,'mediawiki ltr sitedir-ltr mw-hide-empty-elt ns-0 ns-subject page-Paradise_Oskar rootpage-Paradise_Oskar skin-vector action-view',NULL),(297,24,'DIV',3,'content','mw-body',NULL),(298,24,'DIV',3,'bodyContent','mw-body-content',NULL),(299,24,'DIV',4,'mw-content-text','mw-content-ltr',NULL),(300,24,'UL',1,NULL,NULL,NULL),(301,24,'LI',3,NULL,NULL,NULL),(302,24,'A',1,NULL,'external text',NULL);

#
# Source for table "job_regexp"
#

CREATE TABLE `job_regexp` (
  `Id` int(11) NOT NULL AUTO_INCREMENT,
  `job_rule_id` int(11) NOT NULL DEFAULT '0',
  `regexp` varchar(255) NOT NULL DEFAULT '',
  `type_refid` tinyint(3) NOT NULL DEFAULT '1',
  PRIMARY KEY (`Id`),
  KEY `job_rule_id` (`job_rule_id`),
  KEY `type_refid` (`type_refid`),
  CONSTRAINT `job_regexp_ibfk_1` FOREIGN KEY (`job_rule_id`) REFERENCES `job_rules` (`Id`) ON DELETE CASCADE ON UPDATE CASCADE,
  CONSTRAINT `job_regexp_ibfk_2` FOREIGN KEY (`type_refid`) REFERENCES `job_regexp_type_ref` (`Id`)
) ENGINE=InnoDB AUTO_INCREMENT=9 DEFAULT CHARSET=utf8;

#
# Data for table "job_regexp"
#

REPLACE INTO `job_regexp` VALUES (1,2,'-g(\\d){3,}-',1),(2,4,'/Hotels-',1),(5,9,'-oa(\\d)+-',1),(7,18,'Следующая',1),(8,25,'\\[.*\\]',3);

#
# Source for table "job_rule_links"
#

CREATE TABLE `job_rule_links` (
  `Id` int(11) NOT NULL AUTO_INCREMENT,
  `job_rule_id` int(11) NOT NULL DEFAULT '0',
  `level` int(11) NOT NULL DEFAULT '0',
  PRIMARY KEY (`Id`),
  KEY `job_rule_id` (`job_rule_id`),
  CONSTRAINT `job_rule_links_ibfk_1` FOREIGN KEY (`job_rule_id`) REFERENCES `job_rules` (`Id`) ON DELETE CASCADE ON UPDATE CASCADE
) ENGINE=InnoDB AUTO_INCREMENT=17 DEFAULT CHARSET=utf8;

#
# Data for table "job_rule_links"
#

REPLACE INTO `job_rule_links` VALUES (2,2,2),(4,4,3),(8,8,4),(9,9,3),(11,11,5),(12,12,4),(15,16,2),(16,18,1);

#
# Source for table "job_rule_records"
#

CREATE TABLE `job_rule_records` (
  `Id` int(11) NOT NULL AUTO_INCREMENT,
  `job_rule_id` int(11) NOT NULL DEFAULT '0',
  `key` varchar(255) NOT NULL DEFAULT '',
  `type_refid` tinyint(3) NOT NULL DEFAULT '0',
  PRIMARY KEY (`Id`),
  KEY `job_rule_id` (`job_rule_id`),
  CONSTRAINT `job_rule_records_ibfk_1` FOREIGN KEY (`job_rule_id`) REFERENCES `job_rules` (`Id`) ON DELETE CASCADE ON UPDATE CASCADE
) ENGINE=InnoDB AUTO_INCREMENT=13 DEFAULT CHARSET=utf8;

#
# Data for table "job_rule_records"
#

REPLACE INTO `job_rule_records` VALUES (3,13,'alt_title',1),(4,14,'title',1),(5,15,'ru_country',1),(6,17,'ru_name',1),(7,25,'ru_content',1),(8,20,'ru_country',1),(11,23,'site',1),(12,24,'site',1);

#
# Source for table "links"
#

CREATE TABLE `links` (
  `Id` int(11) NOT NULL AUTO_INCREMENT,
  `job_id` int(11) NOT NULL DEFAULT '0',
  `level` int(11) NOT NULL DEFAULT '0',
  `num` int(11) NOT NULL DEFAULT '0',
  `link` text NOT NULL,
  `link_hash` varchar(255) NOT NULL DEFAULT '',
  `handled` tinyint(3) DEFAULT NULL,
  PRIMARY KEY (`Id`),
  UNIQUE KEY `link_unq` (`job_id`,`link_hash`,`level`),
  KEY `job_id` (`job_id`,`handled`),
  CONSTRAINT `links_ibfk_1` FOREIGN KEY (`job_id`) REFERENCES `jobs` (`Id`) ON DELETE CASCADE ON UPDATE CASCADE
) ENGINE=InnoDB AUTO_INCREMENT=14263 DEFAULT CHARSET=utf8;

#
# Data for table "links"
#

REPLACE INTO `links` VALUES (1,5,1,1,'https://ru.wikipedia.org/wiki/%D0%9A%D0%B0%D1%82%D0%B5%D0%B3%D0%BE%D1%80%D0%B8%D1%8F:%D0%90%D0%BA%D1%82%D1%91%D1%80%D1%8B_%D0%BF%D0%BE_%D0%B0%D0%BB%D1%84%D0%B0%D0%B2%D0%B8%D1%82%D1%83','f518495c4aeb7df47cd2dc0da0f045a2',2),(2,5,2,1,'https://ru.wikipedia.org/wiki/50_Cent','afb51fefa2a88333e3a25bccc3397086',1),(3,5,2,2,'https://ru.wikipedia.org/wiki/%D0%90%D0%B0%D0%B2,_%D0%A2%D1%8B%D0%BD%D1%83','dde3799ade225324b10c875917642634',NULL),(4,5,2,3,'https://ru.wikipedia.org/wiki/%D0%90%D0%B0%D0%B2%D0%B8%D0%BA,_%D0%AD%D0%B2%D0%B0%D0%BB%D1%8C%D0%B4','d812239076188e7f43fb81f8e843828c',NULL),(5,5,2,4,'https://ru.wikipedia.org/wiki/%D0%90%D0%B1%D0%B0%D0%B4%D0%B6%D1%8F%D0%BD,_%D0%92%D0%BB%D0%B0%D0%B4%D0%B8%D0%BC%D0%B8%D1%80_%D0%90%D0%BC%D0%B2%D1%80%D0%BE%D1%81%D1%8C%D0%B5%D0%B2%D0%B8%D1%87','538d9a8ec6f378dcda82aa73e8513e13',NULL),(6,5,2,5,'https://ru.wikipedia.org/wiki/%D0%90%D0%B1%D0%B0%D0%B7%D0%BE%D0%BF%D1%83%D0%BB%D0%BE,_%D0%92%D0%BB%D0%B0%D0%B4%D0%B8%D0%BC%D0%B8%D1%80_%D0%9A%D0%BE%D0%BD%D1%81%D1%82%D0%B0%D0%BD%D1%82%D0%B8%D0%BD%D0%BE%D0%B2%D0%B8%D1%87','2b533980a2e3c3420cc774fe95d56eb7',NULL),(7,5,2,6,'https://ru.wikipedia.org/wiki/%D0%90%D0%B1%D0%B0%D0%B7%D1%8F%D0%BD,_%D0%93%D0%B5%D0%B2%D0%BE%D1%80%D0%B3_%D0%9D%D0%B8%D0%BA%D0%BE%D0%BB%D0%B0%D0%B5%D0%B2%D0%B8%D1%87','d10bb46e25e3da2db688a067ddf9efbd',NULL),(8,5,2,7,'https://ru.wikipedia.org/wiki/%D0%90%D0%B1%D0%B0%D0%B9%D0%B4%D1%83%D0%BB%D0%BE%D0%B2,_%D0%93%D0%B0%D0%BB%D0%B8_%D0%9C%D1%8F%D0%B3%D0%B0%D0%B7%D0%BE%D0%B2%D0%B8%D1%87','7c273c8668d0853d3d2f9caa465f63b1',NULL),(9,5,2,8,'https://ru.wikipedia.org/wiki/%D0%90%D0%B1%D0%B0%D0%BA%D0%B0%D1%80%D0%BE%D0%B2,_%D0%90%D1%81%D1%85%D0%B0%D0%B1_%D0%A2%D0%B8%D0%BD%D0%B0%D0%BC%D0%B0%D0%B3%D0%BE%D0%BC%D0%B5%D0%B4%D0%BE%D0%B2%D0%B8%D1%87','9133d09813ae0a53cff3b19515cfe1f4',NULL),(10,5,2,9,'https://ru.wikipedia.org/wiki/%D0%90%D0%B1%D0%B0%D0%BB%D1%8F%D0%BD,_%D0%AD%D0%B4%D1%83%D0%B0%D1%80%D0%B4_%D0%93%D0%B0%D0%B9%D0%BA%D0%BE%D0%B2%D0%B8%D1%87','baf0a4f47b44f13af6c5e77f9d734e0f',NULL),(11,5,2,10,'https://ru.wikipedia.org/wiki/%D0%90%D0%B1%D0%B0%D1%88%D0%B5%D0%B2,_%D0%92%D0%BB%D0%B0%D0%B4%D0%B8%D0%BC%D0%B8%D1%80_%D0%92%D0%BB%D0%B0%D0%B4%D0%B8%D0%BC%D0%B8%D1%80%D0%BE%D0%B2%D0%B8%D1%87','9404c4d1b4a3e80a837a0c7f70b2f2b8',NULL),(12,5,2,11,'https://ru.wikipedia.org/wiki/%D0%90%D0%B1%D0%B0%D1%88%D0%B8%D0%B4%D0%B7%D0%B5,_%D0%92%D0%B0%D1%81%D0%B8%D0%BB%D0%B8%D0%B9_%D0%90%D0%BB%D0%B5%D0%BA%D1%81%D0%B5%D0%B5%D0%B2%D0%B8%D1%87','615f3ca40fa4a71b927653374918e9af',NULL),(13,5,2,12,'https://ru.wikipedia.org/wiki/%D0%90%D0%B1%D0%B0%D1%88%D0%B8%D0%B4%D0%B7%D0%B5,_%D0%94%D0%B0%D0%B2%D0%B8%D0%B4_%D0%98%D0%B2%D0%B0%D0%BD%D0%BE%D0%B2%D0%B8%D1%87','9bbe027472ea9214a6981a1b93ff26ab',NULL),(14,5,2,13,'https://ru.wikipedia.org/wiki/%D0%90%D0%B1%D0%B0%D1%88%D0%B8%D0%B4%D0%B7%D0%B5,_%D0%9B%D0%B5%D0%B2%D0%B0%D0%BD','cd9666b1645e476d58be64d9df951e8c',NULL),(15,5,2,14,'https://ru.wikipedia.org/wiki/%D0%90%D0%B1%D0%B1%D0%B0%D1%81%D0%BE%D0%B2,_%D0%90%D0%BB%D0%B0%D0%B4%D0%B4%D0%B8%D0%BD_%D0%90%D1%81%D0%BB%D0%B0%D0%BD_%D0%BE%D0%B3%D0%BB%D1%8B','3dc4b765f31ee333ae36e1c539066f89',NULL),(16,5,2,15,'https://ru.wikipedia.org/wiki/%D0%90%D0%B1%D0%B1%D0%B0%D1%81%D0%BE%D0%B2,_%D0%93%D0%B0%D0%B4%D0%B6%D0%B8_%D0%90%D0%B3%D0%B0_%D0%9C%D1%83%D1%82%D0%B0%D0%BB%D0%B8%D0%B1_%D0%BE%D0%B3%D0%BB%D1%8B','3b987121e0873fdfd4295f33db4919e4',NULL),(17,5,2,16,'https://ru.wikipedia.org/wiki/%D0%90%D0%B1%D0%B1%D0%B0%D1%81%D0%BE%D0%B2,_%D0%9C%D0%B8%D1%80%D0%B7%D0%B0_%D0%90%D0%BB%D0%B8','1b1250f4e7dde77dcd191511a3495627',NULL),(18,5,2,17,'https://ru.wikipedia.org/wiki/%D0%90%D0%B1%D0%B4%D0%B5%D0%BB%D1%8C%D0%BC%D0%B0%D0%B4%D0%B6%D0%B8%D0%B4_%D0%9B%D0%B0%D1%85%D0%B0%D0%BB%D1%8C','e78b3fff5cb8112256e5460f13fc3cbc',NULL),(19,5,2,18,'https://ru.wikipedia.org/wiki/%D0%90%D0%B1%D0%B4%D0%B8,_%D0%91%D0%B0%D1%80%D1%85%D0%B0%D0%B4','58fccc75b95e17f8184c12deeb9eb771',NULL),(20,5,2,19,'https://ru.wikipedia.org/wiki/%D0%90%D0%B1%D0%B4%D0%B8%D0%BA%D0%B0%D1%80%D0%B8%D0%BC%D0%BE%D0%B2,_%D0%9C%D1%83%D0%B7%D0%B4%D1%8B%D0%B1%D0%B5%D0%BA','6b9312ae3a3c4cba64b2d943822881c4',NULL),(21,5,2,20,'https://ru.wikipedia.org/wiki/%D0%90%D0%B1%D0%B4%D1%80%D0%B0%D0%B8%D0%BC%D0%BE%D0%B2,_%D0%A4%D0%B0%D1%80%D1%85%D0%B0%D1%82_%D0%9D%D1%83%D1%80%D1%81%D1%83%D0%BB%D1%82%D0%B0%D0%BD%D0%BE%D0%B2%D0%B8%D1%87','ca73739900a0a6ba8f6064e7529f4051',NULL),(22,5,2,21,'https://ru.wikipedia.org/wiki/%D0%90%D0%B1%D0%B4%D1%80%D0%B0%D1%81%D1%83%D0%BB%D0%BE%D0%B2,_%D0%9A%D1%83%D1%80%D0%B2%D0%B0%D0%BD','af01603c69342b0e628b7bb4120c2e32',NULL),(23,5,2,22,'https://ru.wikipedia.org/wiki/%D0%90%D0%B1%D0%B4%D1%80%D0%B0%D1%85%D0%B8%D0%BC%D0%BE%D0%B2,_%D0%9C%D0%B0%D1%80%D0%B0%D1%82_%D0%A7%D1%83%D0%BB%D0%BF%D0%B0%D0%BD%D0%BE%D0%B2%D0%B8%D1%87','a110ddc957e74086933b40dc1b5d9928',NULL),(24,5,2,23,'https://ru.wikipedia.org/wiki/%D0%90%D0%B1%D0%B4%D1%80%D0%B0%D1%85%D0%BC%D0%B0%D0%BD%D0%BE%D0%B2,_%D0%90%D0%B1%D0%B4%D1%80%D0%B0%D1%88%D0%B8%D1%82_%D0%A5%D0%B0%D0%BA%D0%B8%D0%BC%D0%BE%D0%B2%D0%B8%D1%87','ed729df84736b19130d34f0d5c94f7a2',NULL),(25,5,2,24,'https://ru.wikipedia.org/wiki/%D0%90%D0%B1%D0%B4%D1%83%D0%BA%D1%83%D0%BD%D0%B4%D1%83%D0%B7%D0%BE%D0%B2,_%D0%9C%D1%83%D1%85%D0%B0%D0%BC%D0%BC%D0%B0%D0%B4%D0%B0%D0%BB%D0%B8','d5880d7dfee2d661e317fe8a36301e2b',NULL),(26,5,2,25,'https://ru.wikipedia.org/wiki/%D0%90%D0%B1%D0%B4%D1%83%D0%BB%D0%B0%D0%B5%D0%B2,_%D0%90%D0%BD%D0%B0%D1%82%D0%BE%D0%BB%D0%B8%D0%B9_%D0%93%D0%B0%D1%84%D0%B0%D1%80%D0%BE%D0%B2%D0%B8%D1%87','12850afd2b7490ee7d297f6079a375ff',NULL),(27,5,2,26,'https://ru.wikipedia.org/wiki/%D0%90%D0%B1%D0%B4%D1%83%D0%BB%D0%BB%D0%B0%D0%B5%D0%B2,_%D0%9B%D1%8E%D1%82%D1%84%D0%B0%D0%BB%D0%B8_%D0%90%D0%BC%D0%B8%D1%80_%D0%BE%D0%B3%D0%BB%D1%8B','6edea2db3f5f65d45d8061bc18cd7308',NULL),(28,5,2,27,'https://ru.wikipedia.org/wiki/%D0%90%D0%B1%D0%B4%D1%83%D0%BB%D0%BE%D0%B2,_%D0%90%D0%BB%D0%B5%D0%BA%D1%81%D0%B0%D0%BD%D0%B4%D1%80_%D0%93%D0%B0%D0%B2%D1%80%D0%B8%D0%B8%D0%BB%D0%BE%D0%B2%D0%B8%D1%87','d5059354ec159eddac258ced0f6a4e7e',NULL),(29,5,2,28,'https://ru.wikipedia.org/wiki/%D0%90%D0%B1%D0%B4%D1%83%D0%BB%D0%BE%D0%B2,_%D0%92%D0%B8%D1%82%D0%B0%D0%BB%D0%B8%D0%B9_%D0%97%D0%B8%D0%BD%D1%83%D1%80%D0%BE%D0%B2%D0%B8%D1%87','e0296af6e223c9ad9283eef3a1244a76',NULL),(30,5,2,29,'https://ru.wikipedia.org/wiki/%D0%90%D0%B1%D0%B4%D1%83%D0%BB%D0%BE%D0%B2,_%D0%92%D1%81%D0%B5%D0%B2%D0%BE%D0%BB%D0%BE%D0%B4_%D0%9E%D1%81%D0%B8%D0%BF%D0%BE%D0%B2%D0%B8%D1%87','8a7dc8ee1c348da90fc64f4238f6d800',NULL),(31,5,2,30,'https://ru.wikipedia.org/wiki/%D0%90%D0%B1%D0%B4%D1%83%D0%BB%D0%BE%D0%B2,_%D0%93%D0%B0%D0%B2%D1%80%D0%B8%D0%B8%D0%BB_%D0%94%D0%B0%D0%BD%D0%B8%D0%BB%D0%BE%D0%B2%D0%B8%D1%87','0c37f41267988c99c1760e6234c39582',NULL),(32,5,2,31,'https://ru.wikipedia.org/wiki/%D0%90%D0%B1%D0%B4%D1%83%D0%BB%D0%BE%D0%B2,_%D0%9E%D1%81%D0%B8%D0%BF_%D0%9D%D0%B0%D1%83%D0%BC%D0%BE%D0%B2%D0%B8%D1%87','51942bf45ea68ff8afd029cedaedf50f',NULL),(33,5,2,32,'https://ru.wikipedia.org/wiki/%D0%90%D0%B1%D0%B4%D1%83%D0%BB%D1%85%D0%B0%D0%BB%D0%B8%D0%BA%D0%BE%D0%B2,_%D0%9C%D0%B0%D1%85%D0%BC%D1%83%D0%B4_%D0%90%D0%B1%D0%B4%D1%83%D0%BB%D1%85%D0%B0%D0%BB%D0%B8%D0%BA%D0%BE%D0%B2%D0%B8%D1%87','fd8961dcbdddf1f069419999ee58b4da',NULL),(34,5,2,33,'https://ru.wikipedia.org/wiki/%D0%90%D0%B1%D0%B4%D1%83%D0%BB%D1%8C%D0%BC%D0%B0%D0%BD%D0%BE%D0%B2,_%D0%A0%D0%B8%D0%BC_%D0%A1%D0%B0%D0%BB%D0%B8%D0%BC%D1%8C%D1%8F%D0%BD%D0%BE%D0%B2%D0%B8%D1%87','fbac0c83815c25a69bc5ea05cd6551c1',NULL),(35,5,2,34,'https://ru.wikipedia.org/wiki/%D0%90%D0%B1%D0%B4%D1%83%D1%80%D0%B0%D1%85%D0%BC%D0%B0%D0%BD%D0%BE%D0%B2,_%D0%9E%D1%81%D0%BC%D0%B0%D0%BD','d68d7ec798d07508d3a282463dc777f7',NULL),(36,5,2,35,'https://ru.wikipedia.org/wiki/%D0%90%D0%B1%D0%B4%D1%83%D1%81%D0%B0%D0%BB%D0%B0%D0%BC%D0%BE%D0%B2,_%D0%A8%D0%B0%D0%B2%D0%BA%D0%B0%D1%82_%D0%A4%D0%B0%D0%B7%D0%B8%D0%BB%D0%BE%D0%B2%D0%B8%D1%87','7822fcc1a1b44aa3f54dcc17aff5ce32',NULL),(37,5,2,36,'https://ru.wikipedia.org/wiki/%D0%90%D0%B1%D0%B4%D1%8B%D0%B3%D0%B0%D0%BF%D0%B0%D1%80%D0%BE%D0%B2,_%D0%94%D0%B0%D1%83%D0%BB%D0%B5%D1%82_%D0%90%D0%B1%D0%B4%D1%8B%D1%85%D0%B0%D0%BB%D0%B8%D0%BB%D0%BE%D0%B2%D0%B8%D1%87','246a534eca4985c1f277cff89d278493',NULL),(38,5,2,37,'https://ru.wikipedia.org/wiki/%D0%90%D0%B1%D0%B5%D0%BB%D1%8C,_%D0%94%D0%B6%D0%B5%D0%B9%D0%BA','fa7a00b85d0dfc56ed2592c5618ca6ed',NULL),(39,5,2,38,'https://ru.wikipedia.org/wiki/%D0%90%D0%B1%D0%B5%D0%BB%D1%8C,_%D0%97%D0%B0%D0%BA%D0%B0%D1%80%D0%B8','b461f3cdf621960429bd1d7d4908806d',NULL),(40,5,2,39,'https://ru.wikipedia.org/wiki/%D0%90%D0%B1%D0%B5%D0%BB%D1%8F%D0%BD,_%D0%9E%D0%B2%D0%B0%D0%BD%D0%B5%D1%81_%D0%90%D1%80%D1%82%D0%B5%D0%BC%D1%8C%D0%B5%D0%B2%D0%B8%D1%87','d6bc3077780df74d86cf6b925a1a9817',NULL),(41,5,2,40,'https://ru.wikipedia.org/wiki/%D0%90%D0%B1%D0%B6%D0%B0%D0%BB%D0%B8%D0%BB%D0%BE%D0%B2,_%D0%A5%D0%B0%D0%BB%D0%B8%D0%BB_%D0%93%D0%B0%D0%BB%D0%B5%D0%B5%D0%B2%D0%B8%D1%87','9e74dea3cf2a7f2f3a452b86f9b872e2',NULL),(42,5,2,41,'https://ru.wikipedia.org/wiki/%D0%90%D0%B1%D0%BA%D0%B0%D1%80%D1%8F%D0%BD,_%D0%A1%D0%B8%D0%BC%D0%BE%D0%BD','b19bd2da8c68227881cff9592b6dafd0',NULL),(43,5,2,42,'https://ru.wikipedia.org/wiki/%D0%90%D0%B1%D0%BE%D0%BB%D0%B8%D0%BD%D1%8C%D1%88,_%D0%93%D1%83%D0%BD%D0%B4%D0%B0%D1%80%D1%81','3c0fc289eaa45492e6341a0a7467e872',NULL),(44,5,2,43,'https://ru.wikipedia.org/wiki/%D0%90%D0%B1%D0%BE%D0%BB%D0%B8%D0%BD%D1%8C%D1%88,_%D0%A2%D0%B0%D0%BB%D0%B8%D0%B2%D0%B0%D0%BB%D0%B4%D0%B8%D1%81','ec1dbd21fefcd7456fe8b71076def2b8',NULL),(45,5,2,44,'https://ru.wikipedia.org/wiki/%D0%90%D0%B1%D1%80%D0%B0%D0%BC%D0%BE%D0%B2,_%D0%90%D0%BD%D0%B0%D1%82%D0%BE%D0%BB%D0%B8%D0%B9_%D0%92%D0%B0%D1%81%D0%B8%D0%BB%D1%8C%D0%B5%D0%B2%D0%B8%D1%87','1899ce95eb7af266db11ecd0ce663275',NULL),(46,5,2,45,'https://ru.wikipedia.org/wiki/%D0%90%D0%B1%D1%80%D0%B0%D0%BC%D0%BE%D0%B2,_%D0%92%D0%B0%D0%B4%D0%B8%D0%BC_%D0%90%D0%BB%D0%B5%D0%BA%D1%81%D0%B0%D0%BD%D0%B4%D1%80%D0%BE%D0%B2%D0%B8%D1%87','eb21376ab924fd963e0d0cefb119b352',NULL),(47,5,2,46,'https://ru.wikipedia.org/wiki/%D0%90%D0%B1%D1%80%D0%B0%D0%BC%D0%BE%D0%B2,_%D0%92%D0%B0%D0%BB%D0%B5%D0%BD%D1%82%D0%B8%D0%BD_%D0%90%D0%BB%D0%B5%D0%BA%D1%81%D0%B5%D0%B5%D0%B2%D0%B8%D1%87','49a752ae7b125e62a9883bd95dbdc981',NULL),(48,5,2,47,'https://ru.wikipedia.org/wiki/%D0%90%D0%B1%D1%80%D0%B0%D0%BC%D0%BE%D0%B2,_%D0%9F%D1%91%D1%82%D1%80_%D0%92%D0%B0%D0%BB%D0%B5%D1%80%D1%8C%D0%B5%D0%B2%D0%B8%D1%87','4052f2f5b938a80ecd5b9b2ea2994bf5',NULL),(49,5,2,48,'https://ru.wikipedia.org/wiki/%D0%90%D0%B1%D1%80%D0%B0%D0%BC%D1%81,_%D0%90%D0%B0%D1%80%D0%BE%D0%BD','220757a7246c681dbc7d65a407c0e7eb',NULL),(50,5,2,49,'https://ru.wikipedia.org/wiki/%D0%90%D0%B1%D1%80%D0%B0%D0%BC%D1%81,_%D0%94%D0%B6%D0%B5%D1%84%D1%84%D1%80%D0%B8_%D0%94%D0%B6%D0%B5%D0%B9%D0%BA%D0%BE%D0%B1','a53d31be2e52ecb7ea3b0ef85f8e76e5',NULL),(51,5,2,50,'https://ru.wikipedia.org/wiki/%D0%90%D0%B1%D1%80%D0%B0%D0%BC%D1%8F%D0%BD,_%D0%A5%D0%BE%D1%80%D0%B5%D0%BD_%D0%91%D0%B0%D0%B1%D0%BA%D0%B5%D0%BD%D0%BE%D0%B2%D0%B8%D1%87','14fd2392c69b715d116f0362681186e0',NULL),(52,5,2,51,'https://ru.wikipedia.org/wiki/%D0%90%D0%B1%D1%80%D0%B0%D1%85%D0%B0%D0%BC,_%D0%94%D0%B6%D0%BE%D0%BD','03d1c21e4e6aa6e0efca7a039749d138',NULL),(53,5,2,52,'https://ru.wikipedia.org/wiki/%D0%90%D0%B1%D1%80%D0%B0%D1%85%D0%B0%D0%BC,_%D0%A4._%D0%9C%D1%8E%D1%80%D1%80%D0%B5%D0%B9','b9ac1d7b076a1f36009778e91c166ebb',NULL),(54,5,2,53,'https://ru.wikipedia.org/wiki/%D0%90%D0%B1%D1%80%D0%B0%D1%85%D0%B0%D0%BC%D1%81,_%D0%94%D0%B6%D0%BE%D0%BD','9a9d5ea913060a0219bcd54916a21807',NULL),(55,5,2,54,'https://ru.wikipedia.org/wiki/%D0%90%D0%B1%D1%80%D0%B3%D0%B0%D0%BC,_%D0%99%D0%BE%D0%B7%D0%B5%D1%84','344df19854da09091431ddf3412656da',NULL),(56,5,2,55,'https://ru.wikipedia.org/wiki/%D0%90%D0%B1%D1%80%D0%B8%D0%BA%D0%BE%D1%81%D0%BE%D0%B2,_%D0%90%D0%BD%D0%B4%D1%80%D0%B5%D0%B9_%D0%9B%D1%8C%D0%B2%D0%BE%D0%B2%D0%B8%D1%87','9f90c3df41672e4cf9812e0b6fa71440',NULL),(57,5,2,56,'https://ru.wikipedia.org/wiki/%D0%90%D0%B1%D1%80%D0%B8%D0%BA%D0%BE%D1%81%D0%BE%D0%B2,_%D0%93%D1%80%D0%B8%D0%B3%D0%BE%D1%80%D0%B8%D0%B9_%D0%90%D0%BD%D0%B4%D1%80%D0%B5%D0%B5%D0%B2%D0%B8%D1%87','8edcd74c9f14eaede30b7da34ad750da',NULL),(58,5,2,57,'https://ru.wikipedia.org/wiki/%D0%90%D0%B1%D1%80%D0%BE%D0%BB%D0%B0%D1%82,_%D0%92%D0%B5%D1%80%D0%BD%D0%B5%D1%80','5ad1d589a1165a763880e0a9b51ff2a2',NULL),(59,5,2,58,'https://ru.wikipedia.org/wiki/%D0%90%D0%B1%D1%80%D0%BE%D1%81%D0%B8%D0%BC%D0%BE%D0%B2,_%D0%92%D0%BB%D0%B0%D0%B4%D0%B8%D0%BC%D0%B8%D1%80_%D0%A1%D0%B5%D1%80%D0%B3%D0%B5%D0%B5%D0%B2%D0%B8%D1%87','de0073f93fd8075cafac74e406ca0b13',NULL),(60,5,2,59,'https://ru.wikipedia.org/wiki/%D0%90%D0%B1%D1%80%D0%BE%D1%81%D0%BA%D0%B8%D0%BD,_%D0%A1%D0%B5%D1%80%D0%B3%D0%B5%D0%B9_%D0%A1%D0%B5%D1%80%D0%B3%D0%B5%D0%B5%D0%B2%D0%B8%D1%87','7a20897e68006a00beecc50cf2a506b1',NULL),(61,5,2,60,'https://ru.wikipedia.org/wiki/%D0%90%D0%B1%D1%82,_%D0%9A%D0%B0%D1%80%D0%BB_%D0%A4%D1%80%D0%B8%D0%B4%D1%80%D0%B8%D1%85','6288b9ced792af3d14873f8f12025325',NULL),(62,5,2,61,'https://ru.wikipedia.org/wiki/%D0%90%D0%B1%D1%83%D1%88%D0%B0%D1%85%D0%BC%D0%B0%D0%BD%D0%BE%D0%B2,_%D0%90%D1%85%D1%82%D1%8F%D0%BC_%D0%90%D1%85%D0%B0%D1%82%D0%BE%D0%B2%D0%B8%D1%87','6961fb84010a6d417c307300d46d2e37',NULL),(63,5,2,62,'https://ru.wikipedia.org/wiki/%D0%90%D0%B1%D1%8D,_%D0%AE%D1%82%D0%B0%D0%BA%D0%B0','f6287b00fd50196c1a0d5f11fceceaf1',NULL),(64,5,2,63,'https://ru.wikipedia.org/wiki/%D0%90%D0%B2%D0%B0%D0%BB%D0%B8%D0%B0%D0%BD%D0%B8,_%D0%9D%D0%BE%D0%B9_%D0%98%D0%B2%D0%B0%D0%BD%D0%BE%D0%B2%D0%B8%D1%87','2f65f991425730e5f55860ca1246d34c',NULL),(65,5,2,64,'https://ru.wikipedia.org/wiki/%D0%90%D0%B2%D0%B0%D0%BB%D0%BE%D1%81,_%D0%9B%D1%83%D0%B8%D1%81','fda764c82c9c0d15011f9edc15d8331c',NULL),(66,5,2,65,'https://ru.wikipedia.org/wiki/%D0%90%D0%B2%D0%B0%D0%BD%D0%B4%D0%B8,_%D0%9C%D1%8F%D1%80%D1%82','3763574bff958b47a249d94808b6d2ff',NULL),(67,5,2,66,'https://ru.wikipedia.org/wiki/%D0%90%D0%B2%D0%B0%D1%80%D0%B8,_%D0%AD%D1%80%D0%B8%D0%BA','580a0cbd94b98f04fcf4bb6f373aa1ed',NULL),(68,5,2,67,'https://ru.wikipedia.org/wiki/%D0%90%D0%B2%D0%B4%D1%8E%D1%88%D0%BA%D0%BE,_%D0%92%D0%B8%D0%BA%D1%82%D0%BE%D1%80_%D0%90%D0%BD%D1%82%D0%BE%D0%BD%D0%BE%D0%B2%D0%B8%D1%87','5b777017df036d525c30cba8741d4c9a',NULL),(69,5,2,68,'https://ru.wikipedia.org/wiki/%D0%90%D0%B2%D0%B5%D0%B4%D0%B8%D0%BA%D1%8F%D0%BD,_%D0%A1%D0%B5%D1%80%D0%B6','2c7ef171492420257863f90e22efb693',NULL),(70,5,2,69,'https://ru.wikipedia.org/wiki/%D0%90%D0%B2%D0%B5%D0%BD%D1%81,_%D0%A5%D0%B0%D1%80%D0%B8%D0%B9','d435d3ad7aae280e0a87114c8b3fc171',NULL),(71,5,2,70,'https://ru.wikipedia.org/wiki/%D0%90%D0%B2%D0%B5%D1%80%D0%B8%D0%BD,_%D0%9C%D0%B0%D0%BA%D1%81%D0%B8%D0%BC_%D0%92%D0%B8%D0%BA%D1%82%D0%BE%D1%80%D0%BE%D0%B2%D0%B8%D1%87','b9777a6f3f53deeb8a655a70f1d0b7f2',NULL),(72,5,2,71,'https://ru.wikipedia.org/wiki/%D0%90%D0%B2%D0%B5%D1%80%D0%B8%D0%BD,_%D0%AE%D1%80%D0%B8%D0%B9_%D0%98%D0%B2%D0%B0%D0%BD%D0%BE%D0%B2%D0%B8%D1%87','e2c330a20306cc00bc1457a2f5c2ae9a',NULL),(73,5,2,72,'https://ru.wikipedia.org/wiki/%D0%90%D0%B2%D0%B5%D1%80%D1%8E%D1%88%D0%BA%D0%B8%D0%BD,_%D0%9D%D0%B8%D0%BA%D0%BE%D0%BB%D0%B0%D0%B9_%D0%92%D0%BB%D0%B0%D0%B4%D0%B8%D0%BC%D0%B8%D1%80%D0%BE%D0%B2%D0%B8%D1%87','47e8eab00c7d83d8cf41ea4d96e3917f',NULL),(74,5,2,73,'https://ru.wikipedia.org/wiki/%D0%90%D0%B2%D0%B5%D1%82%D0%B8%D1%81%D1%8F%D0%BD,_%D0%90%D0%B2%D0%B5%D1%82_%D0%9C%D0%B0%D1%80%D0%BA%D0%BE%D1%81%D0%BE%D0%B2%D0%B8%D1%87','619fc1ee6f0f0a137593347c85c28948',NULL),(75,5,2,74,'https://ru.wikipedia.org/wiki/%D0%90%D0%B2%D0%B5%D1%82%D1%8F%D0%BD,_%D0%93%D1%80%D0%B8%D0%B3%D0%BE%D1%80_%D0%9A%D0%B0%D1%80%D0%B0%D0%BF%D0%B5%D1%82%D0%BE%D0%B2%D0%B8%D1%87','0c225b4a71ca10565e6bc366e0cf79d0',NULL),(76,5,2,75,'https://ru.wikipedia.org/wiki/%D0%90%D0%B2%D0%B8%D0%BB%D0%B5%D1%81,_%D0%A0%D0%B8%D0%BA','848b09d26795b84fa7d138511dbec5fe',NULL),(77,5,2,76,'https://ru.wikipedia.org/wiki/%D0%90%D0%B2%D0%B8%D0%BB%D0%BE%D0%B2,_%D0%92%D0%B8%D0%BA%D1%82%D0%BE%D1%80_%D0%92%D0%B0%D1%81%D0%B8%D0%BB%D1%8C%D0%B5%D0%B2%D0%B8%D1%87','bda9759f7f1c022a2fb471c81e74ca2d',NULL),(78,5,2,77,'https://ru.wikipedia.org/wiki/%D0%90%D0%B2%D0%BD%D0%B8,_%D0%90%D0%BA%D0%B8','ea8ce1e57be181fe79bdc4d2e6c17d2d',NULL),(79,5,2,78,'https://ru.wikipedia.org/wiki/%D0%90%D0%B2%D0%BE%D1%82%D1%81,_%D0%AD%D0%BD%D1%80%D0%B8%D0%BA%D0%BE','da8266d02c7902c9d172ee1d2b180ae1',NULL),(80,5,2,79,'https://ru.wikipedia.org/wiki/%D0%90%D0%B2%D1%80%D0%B0%D0%BC%D0%BE%D0%B2,_%D0%98%D0%B2%D0%B0%D0%BD_%D0%98%D0%B2%D0%B0%D0%BD%D0%BE%D0%B2%D0%B8%D1%87','491b19dbe16db3e53326c65019cd0092',NULL),(81,5,2,80,'https://ru.wikipedia.org/wiki/%D0%90%D0%B2%D1%88%D0%B0%D1%80%D0%BE%D0%B2,_%D0%9C%D1%83%D1%85%D1%82%D0%B0%D1%80_%D0%93%D0%B0%D1%81%D0%B0%D0%BD_%D0%BE%D0%B3%D0%BB%D1%83','84a3987a76d9d527dca6e55babcccd8a',NULL),(82,5,2,81,'https://ru.wikipedia.org/wiki/%D0%90%D0%B2%D1%88%D0%B0%D1%80%D0%BE%D0%B2,_%D0%AE%D1%80%D0%B8%D0%B9_%D0%9C%D0%B8%D1%85%D0%B0%D0%B9%D0%BB%D0%BE%D0%B2%D0%B8%D1%87','45d7df0e7f03117d2396d7646ce7b254',NULL),(83,5,2,82,'https://ru.wikipedia.org/wiki/%D0%90%D0%B3%D0%B0-%D0%9C%D0%B8%D1%80%D0%B7%D0%B0%D0%B5%D0%B2,_%D0%9C%D1%83%D1%85%D1%82%D0%B0%D1%80_%D0%9A%D0%B0%D1%80%D0%B4%D0%B0%D1%88%D1%85%D0%B0%D0%BD%D0%BE%D0%B2%D0%B8%D1%87','7423fd3863ddf3ea27152cea99579c3a',NULL),(84,5,2,83,'https://ru.wikipedia.org/wiki/%D0%90%D0%B3%D0%B0%D0%B5%D0%B2,_%D0%90%D0%BB%D0%B8%D0%B0%D0%B3%D0%B0_%D0%98%D1%81%D0%BC%D0%B0%D0%B8%D0%BB_%D0%BE%D0%B3%D0%BB%D1%8B','39474a5bb565312233701912cb8eb681',NULL),(85,5,2,84,'https://ru.wikipedia.org/wiki/%D0%90%D0%B3%D0%B0%D0%B5%D0%B2,_%D0%9E%D0%BA%D1%82%D0%B0%D0%B9_%D0%91%D0%B0%D1%85%D1%80%D0%B0%D0%BC_%D0%BE%D0%B3%D0%BB%D1%8B','2d1c21d633dc93428df240c505b0d26a',NULL),(86,5,2,85,'https://ru.wikipedia.org/wiki/%D0%90%D0%B3%D0%B0%D0%BC%D0%B8%D1%80%D0%B7%D1%8F%D0%BD,_%D0%A0%D1%83%D0%B1%D0%B5%D0%BD_%D0%A1%D0%B5%D1%80%D0%B3%D0%B5%D0%B5%D0%B2%D0%B8%D1%87','bbfceda6fc3336b434eb54be8378608f',NULL),(87,5,2,86,'https://ru.wikipedia.org/wiki/%D0%90%D0%B3%D0%B0%D0%BF%D0%BE%D0%B2,_%D0%98%D0%B2%D0%B0%D0%BD_%D0%92%D0%B0%D0%BB%D0%B5%D1%80%D1%8C%D0%B5%D0%B2%D0%B8%D1%87','c683eab9b0c1bfd8176876bcca64eaee',NULL),(88,5,2,87,'https://ru.wikipedia.org/wiki/%D0%90%D0%B3%D0%B0%D1%80,_%D0%94%D0%B6%D0%BE%D0%BD','7ef67f64f6379864c5f42e2c8b212f80',NULL),(89,5,2,88,'https://ru.wikipedia.org/wiki/%D0%90%D0%B3%D0%B0%D1%84%D0%BE%D0%BD%D0%BE%D0%B2,_%D0%98%D0%B2%D0%B0%D0%BD_%D0%90%D0%B3%D0%B5%D0%B5%D0%B2%D0%B8%D1%87','18cca856c5a30faf457b1a555351ea0f',NULL),(90,5,2,89,'https://ru.wikipedia.org/wiki/%D0%90%D0%B3%D0%B2%D0%B0%D0%B0%D0%BD%D1%86%D1%8D%D1%80%D1%8D%D0%BD%D0%B3%D0%B8%D0%B9%D0%BD_%D0%AD%D0%BD%D1%85%D1%82%D0%B0%D0%B9%D0%B2%D0%B0%D0%BD','d13b11fe3e7c3bb6cf76ffe950aad5fb',NULL),(91,5,2,90,'https://ru.wikipedia.org/wiki/%D0%90%D0%B3%D0%B5%D0%B5%D0%B2,_%D0%92%D0%B8%D0%BA%D1%82%D0%BE%D1%80_%D0%98%D0%B2%D0%B0%D0%BD%D0%BE%D0%B2%D0%B8%D1%87_(%D0%B0%D0%BA%D1%82%D1%91%D1%80)','3a542f443a55dd31eb2ef9a1c8dcdf75',NULL),(92,5,2,91,'https://ru.wikipedia.org/wiki/%D0%90%D0%B3%D0%B5%D0%B5%D0%B2,_%D0%95%D0%B2%D0%B3%D0%B5%D0%BD%D0%B8%D0%B9_%D0%98%D0%B2%D0%B0%D0%BD%D0%BE%D0%B2%D0%B8%D1%87','eda5b5e44140e42ecdb11d093ea3644c',NULL),(93,5,2,92,'https://ru.wikipedia.org/wiki/%D0%90%D0%B3%D0%B5%D0%B5%D0%B2,_%D0%98%D0%B3%D0%BE%D1%80%D1%8C_%D0%92%D0%B0%D0%BB%D0%B5%D0%BD%D1%82%D0%B8%D0%BD%D0%BE%D0%B2%D0%B8%D1%87','df961e6936662ac685d9d41de2157ff0',NULL),(94,5,2,93,'https://ru.wikipedia.org/wiki/%D0%90%D0%B3%D0%B5%D0%B5%D0%B2,_%D0%A0%D0%BE%D0%BC%D0%B0%D0%BD_%D0%9E%D0%BB%D0%B5%D0%B3%D0%BE%D0%B2%D0%B8%D1%87','fa805788d4d0931a5c2502a2158ee24a',NULL),(95,5,2,94,'https://ru.wikipedia.org/wiki/%D0%90%D0%B3%D0%B7%D0%B0%D0%BC%D0%BE%D0%B2,_%D0%93%D0%B0%D0%BD%D0%B8','5fa4864744b5a51197c9a7c71bdd739a',NULL),(96,5,2,95,'https://ru.wikipedia.org/wiki/%D0%90%D0%B3%D0%B7%D0%B0%D0%BC%D0%BE%D0%B2,_%D0%AE%D0%BB%D0%B4%D0%B0%D1%88','69680e7ff777d7b318995b9a30cf6517',NULL),(97,5,2,96,'https://ru.wikipedia.org/wiki/%D0%90%D0%B3%D0%BE%D0%BF%D1%8C%D1%8F%D0%BD,_%D0%90%D0%BB%D0%B5%D0%BA%D1%81%D0%B5%D0%B9_%D0%9C%D0%B8%D0%B3%D1%80%D0%B0%D0%BD%D0%BE%D0%B2%D0%B8%D1%87','ccbb70b2b7f7c7581233d9b6747fdd7a',NULL),(98,5,2,97,'https://ru.wikipedia.org/wiki/%D0%90%D0%B3%D1%80%D0%B0%D0%BD%D0%BE%D0%B2%D0%B8%D1%87,_%D0%90%D0%BB%D0%B5%D0%BA%D1%81%D0%B5%D0%B9_%D0%9C%D0%B8%D1%85%D0%B0%D0%B9%D0%BB%D0%BE%D0%B2%D0%B8%D1%87','d6c793eed4fc8e5795fd127b8c8dce2a',NULL),(99,5,2,98,'https://ru.wikipedia.org/wiki/%D0%90%D0%B3%D1%83%D1%81%D1%82%D0%B8%D0%BD_%D0%9B%D0%B0%D1%80%D0%B0','6a00bc7f8ff4c678e9a5d2215f7102e7',NULL),(100,5,2,99,'https://ru.wikipedia.org/wiki/%D0%90%D0%B4%D0%B0%D0%B1%D0%B0%D1%88%D1%8C%D1%8F%D0%BD,_%D0%90%D0%BB%D0%B5%D0%BA%D1%81%D0%B0%D0%BD%D0%B4%D1%80_%D0%90%D1%80%D1%82%D1%91%D0%BC%D0%BE%D0%B2%D0%B8%D1%87','806a649a2687d22f3260ac9034a4a671',NULL),(101,5,2,100,'https://ru.wikipedia.org/wiki/%D0%90%D0%B4%D0%B0%D0%BC_%D0%90%D0%BD%D1%82','dec92d2bdda94996f985ad3cc64faeef',NULL),(102,5,2,101,'https://ru.wikipedia.org/wiki/%D0%90%D0%B4%D0%B0%D0%BC%D0%B1%D0%B0%D0%B5%D0%B2,_%D0%9D%D1%83%D1%80%D1%82%D0%B0%D1%81_%D0%90%D0%B1%D0%B0%D0%B5%D0%B2%D0%B8%D1%87','056bc802973c876791cfa6f4c26c067b',NULL),(103,5,2,102,'https://ru.wikipedia.org/wiki/%D0%90%D0%B4%D0%B0%D0%BC%D0%B5,_%D0%90%D0%BB%D1%8C%D1%84%D1%80%D0%B5%D0%B4%D0%BE','891c976010c8c45aebf8cc409603fa3e',NULL),(104,5,2,103,'https://ru.wikipedia.org/wiki/%D0%90%D0%B4%D0%B0%D0%BC%D0%B5%D0%BD%D0%BA%D0%BE,_%D0%93%D1%80%D0%B8%D0%B3%D0%BE%D1%80%D0%B8%D0%B9_%D0%90%D0%BD%D0%B0%D1%82%D0%BE%D0%BB%D1%8C%D0%B5%D0%B2%D0%B8%D1%87','2bbdbb56be118f58213ae5bd61112875',NULL),(105,5,2,104,'https://ru.wikipedia.org/wiki/%D0%90%D0%B4%D0%B0%D0%BC%D1%81,_%D0%94%D0%B6%D0%BE%D0%BD%D0%B0%D1%82%D0%B0%D0%BD','61a422e55125114c09f6a7b802124206',NULL),(106,5,2,105,'https://ru.wikipedia.org/wiki/%D0%94%D0%BE%D0%BD_%D0%90%D0%B4%D0%B0%D0%BC%D1%81','7f59a60d67cb4497d8f20284b240a29b',NULL),(107,5,2,106,'https://ru.wikipedia.org/wiki/%D0%90%D0%B4%D0%B0%D0%BC%D1%81,_%D0%9C%D0%B5%D0%B9%D1%81%D0%BE%D0%BD','337a11dfddfa71d3ea5699f257c5c66e',NULL),(108,5,2,107,'https://ru.wikipedia.org/wiki/%D0%90%D0%B4%D0%B0%D0%BC%D1%81,_%D0%9F%D0%B0%D1%82%D1%80%D0%B8%D0%BA_%D0%94%D0%B6%D0%B5%D0%B9','d07b6ad0ecb3f4704bfe55cbfbe7ac14',NULL),(109,5,2,108,'https://ru.wikipedia.org/wiki/%D0%90%D0%B4%D0%B0%D0%BC%D1%81,_%D0%A1%D0%B8_%D0%94%D0%B6%D0%B5%D0%B9','4514c9e2da144e4ff8afa7d2fc2388a1',NULL),(110,5,2,109,'https://ru.wikipedia.org/wiki/%D0%90%D0%B4%D0%B0%D0%BC%D1%82%D1%83%D1%8D%D0%B9%D1%82,_%D0%9C%D0%B0%D0%B9%D0%BA%D0%BB','9bff5c83bbe5df9f87ad234e49895d13',NULL),(111,5,2,110,'https://ru.wikipedia.org/wiki/%D0%90%D0%B4%D0%B0%D0%BC%D1%8F%D0%BD,_%D0%9F%D0%B5%D1%82%D1%80%D0%BE%D1%81_%D0%98%D0%B5%D1%80%D0%BE%D0%BD%D0%B8%D0%BC%D0%BE%D0%B2%D0%B8%D1%87','b64eadf1dfa0f00e3c9fdc0e23617188',NULL),(112,5,2,111,'https://ru.wikipedia.org/wiki/%D0%90%D0%B4%D0%B0%D1%81%D0%B8%D0%BD%D1%81%D0%BA%D0%B8%D0%B9,_%D0%90%D0%BD%D1%82%D0%BE%D0%BD_%D0%90%D0%BB%D0%B5%D0%BA%D1%81%D0%B0%D0%BD%D0%B4%D1%80%D0%BE%D0%B2%D0%B8%D1%87','aeab1165c866d0ef8005f84203b1aa3e',NULL),(113,5,2,112,'https://ru.wikipedia.org/wiki/%D0%90%D0%B4%D0%B0%D1%88%D0%B5%D0%B2,_%D0%90%D0%BB%D0%B5%D0%BA%D1%81%D0%B0%D0%BD%D0%B4%D1%80_%D0%98%D0%B2%D0%B0%D0%BD%D0%BE%D0%B2%D0%B8%D1%87','71f3611c1721915a420cb666d03f1b81',NULL),(114,5,2,113,'https://ru.wikipedia.org/wiki/%D0%90%D0%B4%D0%B0%D1%88%D0%B5%D0%B2,_%D0%A0%D0%B0%D0%B4%D0%B6%D0%B0%D0%B1_%D0%A5%D0%B0%D0%BB%D0%B8%D0%BC%D0%BE%D0%B2%D0%B8%D1%87','127da9c688fff01b6ba6b1ff71defcbb',NULL),(115,5,2,114,'https://ru.wikipedia.org/wiki/%D0%90%D0%B4%D0%B0%D1%88%D0%B5%D0%B2%D1%81%D0%BA%D0%B8%D0%B9,_%D0%9A%D0%BE%D0%BD%D1%81%D1%82%D0%B0%D0%BD%D1%82%D0%B8%D0%BD_%D0%98%D0%B3%D0%BD%D0%B0%D1%82%D1%8C%D0%B5%D0%B2%D0%B8%D1%87','8db80f86198d4700186983928b2bb0f2',NULL),(116,5,2,115,'https://ru.wikipedia.org/wiki/%D0%90%D0%B4%D0%B5%D0%BB%D1%8C_%D0%98%D0%BC%D0%B0%D0%BC','bda76415c3d244639547331ed7b5b48a',NULL),(117,5,2,116,'https://ru.wikipedia.org/wiki/%D0%90%D0%B4%D0%B5%D0%BB%D1%8C%D1%88%D1%82%D0%B5%D0%B9%D0%BD,_%D0%9F%D0%BE%D0%BB','34cc2692d73575f27083e08420399df2',NULL),(118,5,2,117,'https://ru.wikipedia.org/wiki/%D0%90%D0%B4%D0%B5%D1%80%D0%BC%D0%B0%D0%BD%D0%B8%D1%81,_%D0%98%D0%BC%D0%B0%D0%BD%D1%82%D1%81','60bcb50828e0a44f5dda0a9000837c29',NULL),(119,5,2,118,'https://ru.wikipedia.org/wiki/%D0%90%D0%B4%D0%B6%D0%B5%D0%BC%D1%8F%D0%BD,_%D0%92%D0%B0%D1%80%D1%82%D0%B0%D0%BD_%D0%9C%D0%BA%D1%80%D1%82%D0%B8%D1%87%D0%B5%D0%B2%D0%B8%D1%87','4abfb9aa98550593e8a969da8a48995a',NULL),(120,5,2,119,'https://ru.wikipedia.org/wiki/%D0%90%D0%B4%D0%B7%D1%83%D0%BC%D0%B0,_%D0%A2%D0%B8%D1%91%D0%BD%D0%BE%D1%81%D1%83%D0%BA%D1%8D','4d70984cc05f0cbc760639adb068afc2',NULL),(121,5,2,120,'https://ru.wikipedia.org/wiki/%D0%90%D0%B4%D0%BB%D0%B5%D1%80,_%D0%AF%D0%BA%D0%BE%D0%B2','79e2c3847c331d5b08ea4d5a7d3f0c7d',NULL),(122,5,2,121,'https://ru.wikipedia.org/wiki/%D0%90%D0%B4%D0%BE%D0%BC%D0%B0%D0%B9%D1%82%D0%B8%D1%81,_%D0%A0%D0%B5%D0%B3%D0%B8%D0%BC%D0%B0%D0%BD%D1%82%D0%B0%D1%81_%D0%92%D0%B0%D0%B9%D1%82%D0%BA%D1%83%D1%81%D0%BE%D0%B2%D0%B8%D1%87','b9b27a7d29bad788dd79199ce0c1caeb',NULL),(123,5,2,122,'https://ru.wikipedia.org/wiki/%D0%90%D0%B4%D0%BE%D1%80%D1%84,_%D0%9C%D0%B0%D1%80%D0%B8%D0%BE','a760863456cf4376f7438f0b50a69647',NULL),(124,5,2,123,'https://ru.wikipedia.org/wiki/%D0%90%D0%B4%D0%BE%D1%81%D0%BA%D0%B8%D0%BD,_%D0%90%D0%BD%D0%B0%D1%82%D0%BE%D0%BB%D0%B8%D0%B9_%D0%9C%D0%B8%D1%85%D0%B0%D0%B9%D0%BB%D0%BE%D0%B2%D0%B8%D1%87','44c3fb7fdd4d1ea797c3a22c6a4078e0',NULL),(125,5,2,124,'https://ru.wikipedia.org/wiki/%D0%90%D0%B4%D0%BE%D1%82%D0%B8,_%D0%A0%D0%B0%D0%B7%D0%B0%D0%B0%D0%BA','4e445fa7a16f50a04bb7cc3a05a58f72',NULL),(126,5,2,125,'https://ru.wikipedia.org/wiki/%D0%90%D0%B4%D1%8B%D0%B3%D1%91%D0%B7%D0%B0%D0%BB%D0%BE%D0%B2,_%D0%A2%D0%B5%D0%BB%D1%8C%D0%BC%D0%B0%D0%BD_%D0%90%D0%B1%D0%B1%D0%B0%D1%81%D0%B3%D1%83%D0%BB%D1%83_%D0%BE%D0%B3%D0%BB%D1%8B','0d5dfb467a46ff2e8429df50147fbcdf',NULL),(127,5,2,126,'https://ru.wikipedia.org/wiki/%D0%90%D0%B7%D0%B0%D1%80%D0%B8%D0%B0,_%D0%A5%D1%8D%D0%BD%D0%BA','1a0896239ec2d5664684ecc475759944',NULL),(128,5,2,127,'https://ru.wikipedia.org/wiki/%D0%90%D0%B7%D0%B0%D1%80%D0%B8%D0%BD,_%D0%90%D0%B7%D0%B0%D1%80%D0%B8%D0%B9_%D0%9C%D0%B8%D1%85%D0%B0%D0%B9%D0%BB%D0%BE%D0%B2%D0%B8%D1%87','ffddb09578c06a86296846c07c6e6613',NULL),(129,5,2,128,'https://ru.wikipedia.org/wiki/%D0%90%D0%B7%D0%B8%D0%B7%D0%B8,_%D0%AD%D0%BD%D1%82%D0%BE%D0%BD%D0%B8','6e47739ee7732caf04a4e6fa69a0d4bd',NULL),(130,5,2,129,'https://ru.wikipedia.org/wiki/%D0%90%D0%B7%D0%B8%D0%B7%D0%BE%D0%B2,_%D0%A2%D1%83%D1%80%D0%B3%D1%83%D0%BD_%D0%A2%D1%83%D1%80%D1%81%D1%83%D0%BD%D0%BE%D0%B2%D0%B8%D1%87','9b1407f33519695ce3213fd4e7214be6',NULL),(131,5,2,130,'https://ru.wikipedia.org/wiki/%D0%90%D0%B7%D0%B8%D0%B7%D0%BE%D0%B2,_%D0%AD%D0%BB%D1%8C%D1%87%D0%B8%D0%BD_%D0%AF%D1%88%D0%B0%D1%80_%D0%BE%D0%B3%D0%BB%D1%8B','db04b1e9d2a622a802da53cd0a0f7d51',NULL),(132,5,2,131,'https://ru.wikipedia.org/wiki/%D0%90%D0%B7%D0%B8%D0%BC%D0%BE%D0%B2,_%D0%A5%D0%B0%D0%BC%D0%B8%D1%82_%D0%9C%D1%83%D1%85%D0%B0%D0%BC%D0%B5%D1%82%D0%BE%D0%B2%D0%B8%D1%87','191bc6b4ecd0fbbb7688fddf12ea94a7',NULL),(133,5,2,132,'https://ru.wikipedia.org/wiki/%D0%90%D0%B7%D0%BD%D0%B0%D0%B2%D1%83%D1%80,_%D0%9C%D0%B8%D1%88%D0%B0','b5b89d7caaabc22c94d1e46a0b016be0',NULL),(134,5,2,133,'https://ru.wikipedia.org/wiki/%D0%90%D0%B7%D0%BE,_%D0%90%D0%BD%D0%B0%D1%82%D0%BE%D0%BB%D0%B8%D0%B9_%D0%93%D0%B5%D0%BE%D1%80%D0%B3%D0%B8%D0%B5%D0%B2%D0%B8%D1%87','42f1acd42999e5c7645f4c178979e071',NULL),(135,5,2,134,'https://ru.wikipedia.org/wiki/%D0%90%D0%B9,_%D0%98%D1%85%D1%81%D0%B0%D0%BD','927b501866b30af662a61ef3987fd47b',NULL),(136,5,2,135,'https://ru.wikipedia.org/wiki/%D0%90%D0%B9%D0%B2%D0%B0%D0%B7%D0%BE%D0%B2,_%D0%90%D0%BB%D0%B5%D0%BA%D1%81%D0%B0%D0%BD%D0%B4%D1%80_%D0%AD%D0%BC%D0%B8%D0%BB%D1%8C%D0%B5%D0%B2%D0%B8%D1%87','33de9d33fc7b2ea1de1e03c3dde74319',NULL),(137,5,2,136,'https://ru.wikipedia.org/wiki/%D0%90%D0%B9%D0%B2%D0%B0%D0%B7%D1%8F%D0%BD,_%D0%91%D0%B0%D0%B3%D0%B4%D0%B0%D1%81%D0%B0%D1%80_%D0%90%D1%80%D1%82%D1%91%D0%BC%D0%BE%D0%B2%D0%B8%D1%87','0b1cf358632f54d076112c8dfdc2646a',NULL),(138,5,2,137,'https://ru.wikipedia.org/wiki/%D0%90%D0%B9%D0%B2%D0%B7,_%D0%91%D1%91%D1%80%D0%BB','24aedf9181c567b9570adadce46a6c65',NULL),(139,5,2,138,'https://ru.wikipedia.org/wiki/%D0%90%D0%B9%D0%B4%D0%B0%D1%80%D0%BE%D0%B2,_%D0%A1%D0%B5%D1%80%D0%B3%D0%B5%D0%B9_%D0%92%D0%B0%D1%81%D0%B8%D0%BB%D1%8C%D0%B5%D0%B2%D0%B8%D1%87','4151d2176227e8cb5c0bdab440d50f92',NULL),(140,5,2,139,'https://ru.wikipedia.org/wiki/%D0%90%D0%B9%D0%B4%D0%BB,_%D0%AD%D1%80%D0%B8%D0%BA','7271a0391b53192c79621d76220a5391',NULL),(141,5,2,140,'https://ru.wikipedia.org/wiki/%D0%90%D0%B9%D0%B5%D0%BB%D0%BB%D0%BE,_%D0%94%D1%8D%D0%BD%D0%BD%D0%B8','28f5af3f8474b6bc606379d46ba2a413',NULL),(142,5,2,141,'https://ru.wikipedia.org/wiki/%D0%90%D0%B9%D0%B7%D0%B5%D0%BA,_%D0%9E%D1%81%D0%BA%D0%B0%D1%80','ad71db8ba51e0d4c9e66f9cb5cfdd262',NULL),(143,5,2,142,'https://ru.wikipedia.org/wiki/%D0%90%D0%B9%D0%B7%D0%B5%D0%BA%D1%81,_%D0%94%D0%B6%D0%B5%D0%B9%D1%81%D0%BE%D0%BD','0d38f2956788129414fa6c9e9b458114',NULL),(144,5,2,143,'https://ru.wikipedia.org/wiki/%D0%90%D0%B9%D0%B7%D0%B5%D0%BD%D0%B1%D0%B5%D1%80%D0%B3,_%D0%94%D0%B6%D0%B5%D1%81%D1%81%D0%B8','b63d0d89ce6bb260f6dc5639d0099d35',NULL),(145,5,2,144,'https://ru.wikipedia.org/wiki/%D0%90%D0%B9%D0%B7%D0%B8%D0%BA%D0%BE%D0%B2%D0%B8%D1%87,_%D0%9C%D0%B0%D1%80%D0%BA_%D0%9B%D1%8C%D0%B2%D0%BE%D0%B2%D0%B8%D1%87','b26de39859c24d146c60dd4493fd3a1f',NULL),(146,5,2,145,'https://ru.wikipedia.org/wiki/%D0%90%D0%B9%D0%B7%D0%BC%D0%B0%D0%BD,_%D0%9D%D0%B8%D0%BA%D0%BE%D0%BB%D0%B0%D0%B9_%D0%A1%D0%BF%D0%B8%D1%80%D0%B8%D0%B4%D0%BE%D0%BD%D0%BE%D0%B2%D0%B8%D1%87','f3f7a641fd99773a4e6cf2cfff2fa9a5',NULL),(147,5,2,146,'https://ru.wikipedia.org/wiki/%D0%90%D0%B9%D0%BC%D0%B0%D0%BD%D0%BE%D0%B2,_%D0%A8%D0%B0%D0%BA%D0%B5%D0%BD_%D0%9A%D0%B5%D0%BD%D0%B6%D0%B5%D1%82%D0%B0%D0%B5%D0%B2%D0%B8%D1%87','cfcaa2c3b9845594144c01b5f4c86e22',NULL),(148,5,2,147,'https://ru.wikipedia.org/wiki/%D0%90%D0%B9%D0%BD%D0%B5%D1%81%D0%BE%D0%BD,_%D0%A0%D0%B0%D0%BB%D1%8C%D1%84','97ac04098dbf4a3c83c609c98dfef110',NULL),(149,5,2,148,'https://ru.wikipedia.org/wiki/%D0%90%D0%B9%D0%BE%D0%B0%D0%B4%D0%B8,_%D0%A0%D0%B8%D1%87%D0%B0%D1%80%D0%B4','b402983f2eb74c98ae66df36d9bea440',NULL),(150,5,2,149,'https://ru.wikipedia.org/wiki/%D0%90%D0%B9%D1%80%D0%BB%D0%B5%D0%BD%D0%B4,_%D0%94%D0%B6%D0%BE%D0%BD_(%D0%B0%D0%BA%D1%82%D1%91%D1%80)','099c2312b9e67b771556a6b9d7b1e38e',NULL),(151,5,2,150,'https://ru.wikipedia.org/wiki/%D0%90%D0%B9%D1%80%D0%BE%D0%BD%D1%81,_%D0%94%D0%B6%D0%B5%D1%80%D0%B5%D0%BC%D0%B8','e8028f0f7c198f3430edb215756924da',NULL),(152,5,2,151,'https://ru.wikipedia.org/wiki/%D0%90%D0%B9%D1%80%D0%BE%D0%BD%D1%81,_%D0%9C%D0%B0%D0%BA%D1%81','b8ed0f2d0a3840ee63eae0ec4fe7c936',NULL),(153,5,2,152,'https://ru.wikipedia.org/wiki/%D0%90%D0%B9%D1%80%D0%BE%D0%BD%D1%81%D0%B0%D0%B9%D0%B4,_%D0%9C%D0%B0%D0%B9%D0%BA%D0%BB','a7fed1554cc3b82104659c7c38154626',NULL),(154,5,2,153,'https://ru.wikipedia.org/wiki/%D0%90%D0%B9%D1%82%D0%BE%D1%80_%D0%9B%D1%83%D0%BD%D0%B0','b9776b0e670c089bbcbe6f870320075a',NULL),(155,5,2,154,'https://ru.wikipedia.org/wiki/%D0%90%D0%B9%D1%85%D0%B3%D0%BE%D1%80%D0%BD,_%D0%92%D0%B5%D1%80%D0%BD%D0%B5%D1%80','8ff4f9008bcd93df20a84b0edf93b77f',NULL),(156,5,2,155,'https://ru.wikipedia.org/wiki/%D0%90%D0%B9%D1%85%D0%B3%D0%BE%D1%80%D0%BD,_%D0%9A%D1%80%D0%B8%D1%81%D1%82%D0%BE%D1%84','982305643dbe4449028484ad34c038a8',NULL),(157,5,2,156,'https://ru.wikipedia.org/wiki/%D0%90%D0%BA%D0%B0%D0%BD%D0%B8%D1%81%D0%B8,_%D0%94%D0%B7%D0%B8%D0%BD','5c2ed24e56f9af5620f688f2175798a3',NULL),(158,5,2,157,'https://ru.wikipedia.org/wiki/%D0%90%D0%BA%D0%B0%D1%80%D1%81%D1%83,_%D0%91%D0%B0%D1%80%D1%8B%D1%88','738dcd72ee79a85b50fb5a600dbf9246',NULL),(159,5,2,158,'https://ru.wikipedia.org/wiki/%D0%90%D0%BA%D0%B0%D1%88%D0%BA%D0%B8%D0%BD,_%D0%92%D1%8F%D1%87%D0%B5%D1%81%D0%BB%D0%B0%D0%B2_%D0%9F%D0%B0%D0%B2%D0%BB%D0%BE%D0%B2%D0%B8%D1%87','f083bff96d91d8ac75a0b2d698eec640',NULL),(160,5,2,159,'https://ru.wikipedia.org/wiki/%D0%90%D0%BA%D0%B4%D0%B5%D0%BD%D0%B8%D0%B7,_%D0%94%D0%B5%D0%BD%D0%B8%D0%B7','b050b0053f62d617d082415e4d836c9f',NULL),(161,5,2,160,'https://ru.wikipedia.org/wiki/%D0%90%D0%BA%D0%B4%D1%8E%D0%BB%D1%8C%D0%B3%D0%B5%D1%80,_%D0%9C%D0%B5%D1%82%D0%B8%D0%BD','8d8114fff7756548a534ae05e74de54a',NULL),(162,5,2,161,'https://ru.wikipedia.org/wiki/%D0%90%D0%BA%D0%B8%D0%BC%D0%BA%D0%B8%D0%BD,_%D0%9F%D0%B0%D0%B2%D0%B5%D0%BB_%D0%92%D0%BB%D0%B0%D0%B4%D0%B8%D0%BC%D0%B8%D1%80%D0%BE%D0%B2%D0%B8%D1%87','a0c065aed60c3e7f5b6bb7c10d4804a0',NULL),(163,5,2,162,'https://ru.wikipedia.org/wiki/%D0%90%D0%BA%D0%B8%D0%BC%D0%BE%D0%B2,_%D0%92%D0%B8%D0%BA%D1%82%D0%BE%D1%80_%D0%90%D0%BA%D0%B8%D0%BC%D0%BE%D0%B2%D0%B8%D1%87','3f44ed6b45ed82ef38e57f2e2b204970',NULL),(164,5,2,163,'https://ru.wikipedia.org/wiki/%D0%90%D0%BA%D0%B8%D0%BD,_%D0%A4%D0%B0%D1%82%D0%B8%D1%85','5740330e83aeab9c27ef769a1a068e4d',NULL),(165,5,2,164,'https://ru.wikipedia.org/wiki/%D0%90%D0%BA%D0%B8%D0%BD%D0%BD%D1%83%D0%BE%D0%B9%D0%B5-%D0%90%D0%B3%D0%B1%D0%B0%D0%B4%D0%B6%D0%B5,_%D0%90%D0%B4%D0%B5%D0%B2%D0%B0%D0%BB%D0%B5','314be10a2abf4ab8109470f09ce1bffb',NULL),(166,5,2,165,'https://ru.wikipedia.org/wiki/%D0%90%D0%BA%D0%BA%D0%B5%D1%80%D0%BC%D0%B0%D0%BD,_%D0%9A%D0%BE%D0%BD%D1%80%D0%B0%D0%B4_%D0%AD%D1%80%D0%BD%D1%81%D1%82','c915e9cbe72d943a62d863b34b59e0d4',NULL),(167,5,2,166,'https://ru.wikipedia.org/wiki/%D0%90%D0%BA%D0%BA%D0%B8%D0%BD%D0%B5%D0%BD%D0%B8_%D0%9D%D0%B0%D0%B3%D0%B0%D1%80%D0%B4%D0%B6%D1%83%D0%BD%D0%B0','d1be4fa351c0cf0c0a0696241b414db2',NULL),(168,5,2,167,'https://ru.wikipedia.org/wiki/%D0%90%D0%BA%D0%BA%D0%B8%D0%BD%D0%B5%D0%BD%D0%B8_%D0%9D%D0%B0%D0%B3%D0%B5%D1%81%D0%B2%D0%B0%D1%80%D0%B0_%D0%A0%D0%B0%D0%BE','9eddba1a2fe4f1c9728d2d531e4fdbe1',NULL),(169,5,2,168,'https://ru.wikipedia.org/wiki/%D0%90%D0%BA%D0%BE%D0%BF%D1%8F%D0%BD,_%D0%90%D0%BC%D0%B0%D1%8F%D0%BA_%D0%90%D1%80%D1%83%D1%82%D1%8E%D0%BD%D0%BE%D0%B2%D0%B8%D1%87','7f2c685f125bd1ea1bdbd36e3cc4a487',NULL),(170,5,2,169,'https://ru.wikipedia.org/wiki/%D0%90%D0%BA%D0%BE%D0%BF%D1%8F%D0%BD,_%D0%90%D1%80%D1%83%D1%82%D1%8E%D0%BD_%D0%90%D0%BC%D0%B0%D1%8F%D0%BA%D0%BE%D0%B2%D0%B8%D1%87','8bd477fcd4161b1620711421a97b5782',NULL),(171,5,2,170,'https://ru.wikipedia.org/wiki/%D0%90%D0%BA%D0%BE%D0%BF%D1%8F%D0%BD,_%D0%A0%D0%BE%D0%B1%D0%B5%D1%80%D1%82_%D0%94%D1%83%D1%80%D0%BC%D0%B8%D1%88%D1%85%D0%B0%D0%BD%D0%BE%D0%B2%D0%B8%D1%87','eede570ad9ec4d65c827159e6d397e81',NULL),(172,5,2,171,'https://ru.wikipedia.org/wiki/%D0%90%D0%BA%D1%80%D0%B0%D1%87%D0%BA%D0%BE%D0%B2,_%D0%98%D0%B3%D0%BD%D0%B0%D1%82%D0%B8%D0%B9_%D0%A0%D0%BE%D0%BC%D0%B0%D0%BD%D0%BE%D0%B2%D0%B8%D1%87','6a8d19b29a6f770db2f8a9b5e2630492',NULL),(173,5,2,172,'https://ru.wikipedia.org/wiki/%D0%90%D0%BA%D1%81%D0%B5%D0%BB%D1%8C_%D1%84%D0%BE%D0%BD_%D0%90%D0%BC%D0%B1%D1%80%D0%B5%D1%81%D1%81%D0%B5%D1%80','492824d85dc753e478c4d2410374ed2e',NULL),(174,5,2,173,'https://ru.wikipedia.org/wiki/%D0%90%D0%BA%D1%81%D1%91%D0%BD%D0%BE%D0%B2,_%D0%91%D1%8D%D0%BD%D0%BE_%D0%9C%D0%B0%D0%BA%D1%81%D0%BE%D0%B2%D0%B8%D1%87','b9d33cefb91cd5564fd9093baaeb6fc3',NULL),(175,5,2,174,'https://ru.wikipedia.org/wiki/%D0%90%D0%BA%D1%81%D1%91%D0%BD%D0%BE%D0%B2,_%D0%92%D1%81%D0%B5%D0%B2%D0%BE%D0%BB%D0%BE%D0%B4_%D0%9D%D0%B8%D0%BA%D0%BE%D0%BB%D0%B0%D0%B5%D0%B2%D0%B8%D1%87','97d2a553ea80349bdd4c7638a0763eda',NULL),(176,5,2,175,'https://ru.wikipedia.org/wiki/%D0%90%D0%BA%D1%83%D0%BB%D0%B8%D1%87,_%D0%9E%D0%BB%D0%B5%D0%B3_%D0%90%D0%BB%D0%B5%D0%BA%D1%81%D0%B0%D0%BD%D0%B4%D1%80%D0%BE%D0%B2%D0%B8%D1%87','e1b0cba5653d3e2ea8f5e99c692f9fc4',NULL),(177,5,2,176,'https://ru.wikipedia.org/wiki/%D0%90%D0%BA%D1%83%D0%BD%D1%8C%D1%8F,_%D0%94%D0%B6%D0%B5%D0%B9%D1%81%D0%BE%D0%BD','d74e6fa1f42ebf4e150f3322e6b8082f',NULL),(178,5,2,177,'https://ru.wikipedia.org/wiki/%D0%90%D0%BA%D1%83%D1%80%D0%B0%D1%82%D0%B5%D1%80%D1%81,_%D0%92%D0%BE%D0%BB%D0%B4%D0%B5%D0%BC%D0%B0%D1%80','f9655fb2cfe7544c7dbc2205a54f9d5f',NULL),(179,5,2,178,'https://ru.wikipedia.org/wiki/%D0%90%D0%BB%D0%B0%D0%B7%D1%80%D0%B0%D0%BA%D0%B8,_%D0%9A%D0%B0%D1%80%D0%BB%D0%BE%D1%81','411d18b3a480e583e4a27cfd64b84929',NULL),(180,5,2,179,'https://ru.wikipedia.org/wiki/%D0%90%D0%BB%D0%B0%D0%B9%D0%BC%D0%BE,_%D0%9C%D0%B0%D1%80%D0%BA','cae8dbd6e9379d8caf5246213d1b8d51',NULL),(181,5,2,180,'https://ru.wikipedia.org/wiki/%D0%90%D0%BB%D0%B0%D0%BC%D0%B3%D0%B8%D1%80_(%D0%B0%D0%BA%D1%82%D1%91%D1%80)','2336287aa7625b5f9ab1a93e699106e3',NULL),(182,5,2,181,'https://ru.wikipedia.org/wiki/%D0%90%D0%BB%D0%B0%D0%BC%D0%BE,_%D0%A0%D0%BE%D0%B1%D0%B5%D1%80%D1%82%D0%BE','e08f1b650740aa6aef922ce02dd43989',NULL),(183,5,2,182,'https://ru.wikipedia.org/wiki/%D0%90%D0%BB%D0%B0%D0%BD_%D0%9A%D1%91%D1%80%D1%82%D0%B8%D1%81','47471bf9feeeb042c720972aadacb700',NULL),(184,5,2,183,'https://ru.wikipedia.org/wiki/%D0%90%D0%BB%D0%B0%D0%BD_%D0%9C%D0%B0%D1%83%D0%B1%D1%80%D1%8D%D0%B9','7b94da21bc245eb0be0b38c2f85d3da5',NULL),(185,5,2,184,'https://ru.wikipedia.org/wiki/%D0%90%D0%BB%D0%B0%D1%81%D0%BA%D0%B8,_%D0%94%D0%B6%D0%BE','202919e8e643fef690a40fd379f749ba',NULL),(186,5,2,185,'https://ru.wikipedia.org/wiki/%D0%90%D0%BB%D0%B1%D0%B0%D1%80%D0%BD,_%D0%94%D0%B5%D0%B9%D0%BC%D0%BE%D0%BD','2ad1cedb9fad2a806aa25746b1fdce65',NULL),(187,5,2,186,'https://ru.wikipedia.org/wiki/%D0%90%D0%BB%D0%B1%D1%83%D0%BB%D0%B5%D1%81%D0%BA%D1%83,_%D0%9C%D0%B8%D1%80%D1%87%D0%B0','53f2ff7b197f3050a8fb7a0c830774c4',NULL),(188,5,2,187,'https://ru.wikipedia.org/wiki/%D0%90%D0%BB%D0%B0%D0%BD_%D0%90%D0%BB%D0%B4%D0%B0','18f4f11cc6bbb51dae0cd2bce5c6a7a5',NULL),(189,5,2,188,'https://ru.wikipedia.org/wiki/%D0%90%D0%BB%D0%B4%D0%BE%D1%88%D0%B8%D0%BD,_%D0%92%D0%B8%D0%BA%D1%82%D0%BE%D1%80_%D0%9F%D0%B0%D0%B2%D0%BB%D0%BE%D0%B2%D0%B8%D1%87','ddf766b39991b8b0bece9afbd9bb26cf',NULL),(190,5,2,189,'https://ru.wikipedia.org/wiki/%D0%90%D0%BB%D0%B5%D0%B9%D0%BD%D0%B8%D0%BA%D0%BE%D0%B2,_%D0%9F%D1%91%D1%82%D1%80_%D0%9C%D0%B0%D1%80%D1%82%D1%8B%D0%BD%D0%BE%D0%B2%D0%B8%D1%87','ac609cf0fdd54f1af5c75aac60c46f13',NULL),(191,5,2,190,'https://ru.wikipedia.org/wiki/%D0%90%D0%BB%D0%B5%D0%BA%D0%BF%D0%B5%D1%80%D0%BE%D0%B2,_%D0%90%D0%BB%D0%B5%D1%81%D0%BA%D0%B5%D1%80_%D0%93%D0%B0%D0%B4%D0%B6%D0%B8_%D0%90%D0%B3%D0%B0_%D0%BE%D0%B3%D0%BB%D1%8B','feb1070cc8547c5c54dfbbda9fe27856',NULL),(192,5,2,191,'https://ru.wikipedia.org/wiki/%D0%90%D0%BB%D0%B5%D0%BA%D0%BF%D0%B5%D1%80%D0%BE%D0%B2,_%D0%A8%D0%B0%D1%85%D0%BC%D0%B0%D1%80_%D0%97%D1%83%D0%BB%D1%8C%D1%84%D1%83%D0%B3%D0%B0%D1%80_%D0%BE%D0%B3%D0%BB%D1%8B','b92985051a8fdf8174a5c077d9e8eb2d',NULL),(193,5,2,192,'https://ru.wikipedia.org/wiki/%D0%90%D0%BB%D0%B5%D0%BA%D1%81%D0%B0%D0%BD%D0%B4%D0%B5%D1%80,_%D0%94%D0%B6%D0%B5%D0%B9%D1%81%D0%BE%D0%BD','a2564c94f6b498865a4d949ea5908fd2',NULL),(194,5,2,193,'https://ru.wikipedia.org/wiki/%D0%90%D0%BB%D0%B5%D0%BA%D1%81%D0%B0%D0%BD%D0%B4%D0%B5%D1%80,_%D0%9E%D0%BB%D0%BB%D0%B8','8c9690846c7a601b2c6c539addb5b967',NULL),(195,5,2,194,'https://ru.wikipedia.org/wiki/%D0%90%D0%BB%D0%B5%D0%BA%D1%81%D0%B0%D0%BD%D0%B4%D0%B5%D1%80,_%D0%9F%D0%B5%D1%82%D0%B5%D1%80','8766c26bd25aceec0b2245e31a7fe6ac',NULL),(196,5,2,195,'https://ru.wikipedia.org/wiki/%D0%90%D0%BB%D0%B5%D0%BA%D1%81%D0%B0%D0%BD%D0%B4%D1%80,_%D0%94%D0%B6%D0%BE%D0%BD_(%D0%B0%D0%BA%D1%82%D1%91%D1%80)','a6f511fc1c21474faba7805e3b2fd58e',NULL),(197,5,2,196,'https://ru.wikipedia.org/wiki/%D0%90%D0%BB%D0%B5%D0%BA%D1%81%D0%B0%D0%BD%D0%B4%D1%80%D0%B8%D0%BD,_%D0%90%D0%BD%D0%B4%D1%80%D0%B5%D0%B9_%D0%90%D0%BB%D0%B5%D0%BA%D1%81%D0%B0%D0%BD%D0%B4%D1%80%D0%BE%D0%B2%D0%B8%D1%87','b402ba0fcdb535edca31e13c0eda51fb',NULL),(198,5,2,197,'https://ru.wikipedia.org/wiki/%D0%90%D0%BB%D0%B5%D0%BA%D1%81%D0%B0%D0%BD%D0%B4%D1%80%D0%BE%D0%B2,_%D0%90%D0%BB%D0%B5%D0%BA%D1%81%D0%B0%D0%BD%D0%B4%D1%80_%D0%9B%D0%B5%D0%BE%D0%BD%D0%B0%D1%80%D0%B4%D0%BE%D0%B2%D0%B8%D1%87','176f1e57c9491d7e9b266209aed13baa',NULL),(199,5,2,198,'https://ru.wikipedia.org/wiki/%D0%90%D0%BB%D0%B5%D0%BA%D1%81%D0%B0%D0%BD%D0%B4%D1%80%D0%BE%D0%B2,_%D0%90%D0%BB%D0%B5%D0%BA%D1%81%D0%B0%D0%BD%D0%B4%D1%80_%D0%A1%D0%B5%D1%80%D0%B3%D0%B5%D0%B5%D0%B2%D0%B8%D1%87_(%D0%B0%D0%BA%D1%82%D1%91%D1%80)','e439611127a2b4d8b2a8fd981468dc61',NULL),(200,5,2,199,'https://ru.wikipedia.org/wiki/%D0%90%D0%BB%D0%B5%D0%BA%D1%81%D0%B0%D0%BD%D0%B4%D1%80%D0%BE%D0%B2,_%D0%91%D0%BE%D1%80%D0%B8%D1%81_%D0%92%D0%BB%D0%B0%D0%B4%D0%B8%D0%BC%D0%B8%D1%80%D0%BE%D0%B2%D0%B8%D1%87','a8eed385ec8f6ca8cf3bafb0e9a9861f',NULL),(201,5,2,200,'https://ru.wikipedia.org/wiki/%D0%90%D0%BB%D0%B5%D0%BA%D1%81%D0%B0%D0%BD%D0%B4%D1%80%D0%BE%D0%B2,_%D0%92%D0%B0%D0%B4%D0%B8%D0%BC_%D0%90%D0%BB%D0%B5%D0%BA%D1%81%D0%B0%D0%BD%D0%B4%D1%80%D0%BE%D0%B2%D0%B8%D1%87_(%D0%B0%D0%BA%D1%82%D1%91%D1%80)','7cb30261fb1cc222b7e2b98d2b46d896',NULL),(202,5,1,1,'https://ru.wikipedia.org/w/index.php?title=%D0%9A%D0%B0%D1%82%D0%B5%D0%B3%D0%BE%D1%80%D0%B8%D1%8F:%D0%90%D0%BA%D1%82%D1%91%D1%80%D1%8B_%D0%BF%D0%BE_%D0%B0%D0%BB%D1%84%D0%B0%D0%B2%D0%B8%D1%82%D1%83&pagefrom=%D0%90%D0%BB%D0%B5%D0%BA%D1%81%D0%B0%D0%BD%D0%B4%D1%80%D0%BE%D0%B2%2C+%D0%93%D1%80%D0%B8%D0%B3%D0%BE%D1%80%D0%B8%D0%B9+%D0%92%D0%B0%D1%81%D0%B8%D0%BB%D1%8C%D0%B5%D0%B2%D0%B8%D1%87+%28%D1%80%D0%B5%D0%B6%D0%B8%D1%81%D1%81%D1%91%D1%80%29#mw-pages','cf24e8c96c149cb232129b8ca1d7e3b4',NULL),(204,4,1,1,'https://www.tripadvisor.ru/SiteIndex','259e648a0b263a265c02b31b0d9afa4b',NULL);

#
# Source for table "link2link"
#

CREATE TABLE `link2link` (
  `Id` int(11) NOT NULL AUTO_INCREMENT,
  `master_link_id` int(11) NOT NULL DEFAULT '0',
  `slave_link_id` int(11) NOT NULL DEFAULT '0',
  PRIMARY KEY (`Id`),
  KEY `master_link_id` (`master_link_id`),
  KEY `slave_link_id` (`slave_link_id`),
  CONSTRAINT `link2link_ibfk_1` FOREIGN KEY (`master_link_id`) REFERENCES `links` (`Id`) ON DELETE CASCADE ON UPDATE CASCADE,
  CONSTRAINT `link2link_ibfk_2` FOREIGN KEY (`slave_link_id`) REFERENCES `links` (`Id`) ON DELETE CASCADE ON UPDATE CASCADE
) ENGINE=InnoDB AUTO_INCREMENT=202 DEFAULT CHARSET=utf8;

#
# Data for table "link2link"
#

REPLACE INTO `link2link` VALUES (1,1,2),(2,1,3),(3,1,4),(4,1,5),(5,1,6),(6,1,7),(7,1,8),(8,1,9),(9,1,10),(10,1,11),(11,1,12),(12,1,13),(13,1,14),(14,1,15),(15,1,16),(16,1,17),(17,1,18),(18,1,19),(19,1,20),(20,1,21),(21,1,22),(22,1,23),(23,1,24),(24,1,25),(25,1,26),(26,1,27),(27,1,28),(28,1,29),(29,1,30),(30,1,31),(31,1,32),(32,1,33),(33,1,34),(34,1,35),(35,1,36),(36,1,37),(37,1,38),(38,1,39),(39,1,40),(40,1,41),(41,1,42),(42,1,43),(43,1,44),(44,1,45),(45,1,46),(46,1,47),(47,1,48),(48,1,49),(49,1,50),(50,1,51),(51,1,52),(52,1,53),(53,1,54),(54,1,55),(55,1,56),(56,1,57),(57,1,58),(58,1,59),(59,1,60),(60,1,61),(61,1,62),(62,1,63),(63,1,64),(64,1,65),(65,1,66),(66,1,67),(67,1,68),(68,1,69),(69,1,70),(70,1,71),(71,1,72),(72,1,73),(73,1,74),(74,1,75),(75,1,76),(76,1,77),(77,1,78),(78,1,79),(79,1,80),(80,1,81),(81,1,82),(82,1,83),(83,1,84),(84,1,85),(85,1,86),(86,1,87),(87,1,88),(88,1,89),(89,1,90),(90,1,91),(91,1,92),(92,1,93),(93,1,94),(94,1,95),(95,1,96),(96,1,97),(97,1,98),(98,1,99),(99,1,100),(100,1,101),(101,1,102),(102,1,103),(103,1,104),(104,1,105),(105,1,106),(106,1,107),(107,1,108),(108,1,109),(109,1,110),(110,1,111),(111,1,112),(112,1,113),(113,1,114),(114,1,115),(115,1,116),(116,1,117),(117,1,118),(118,1,119),(119,1,120),(120,1,121),(121,1,122),(122,1,123),(123,1,124),(124,1,125),(125,1,126),(126,1,127),(127,1,128),(128,1,129),(129,1,130),(130,1,131),(131,1,132),(132,1,133),(133,1,134),(134,1,135),(135,1,136),(136,1,137),(137,1,138),(138,1,139),(139,1,140),(140,1,141),(141,1,142),(142,1,143),(143,1,144),(144,1,145),(145,1,146),(146,1,147),(147,1,148),(148,1,149),(149,1,150),(150,1,151),(151,1,152),(152,1,153),(153,1,154),(154,1,155),(155,1,156),(156,1,157),(157,1,158),(158,1,159),(159,1,160),(160,1,161),(161,1,162),(162,1,163),(163,1,164),(164,1,165),(165,1,166),(166,1,167),(167,1,168),(168,1,169),(169,1,170),(170,1,171),(171,1,172),(172,1,173),(173,1,174),(174,1,175),(175,1,176),(176,1,177),(177,1,178),(178,1,179),(179,1,180),(180,1,181),(181,1,182),(182,1,183),(183,1,184),(184,1,185),(185,1,186),(186,1,187),(187,1,188),(188,1,189),(189,1,190),(190,1,191),(191,1,192),(192,1,193),(193,1,194),(194,1,195),(195,1,196),(196,1,197),(197,1,198),(198,1,199),(199,1,200),(200,1,201),(201,1,202);

#
# Source for table "job_messages"
#

CREATE TABLE `job_messages` (
  `Id` int(11) NOT NULL AUTO_INCREMENT,
  `link_id` int(11) NOT NULL DEFAULT '0',
  `job_node_id` int(11) NOT NULL DEFAULT '0',
  PRIMARY KEY (`Id`),
  KEY `link_id` (`link_id`),
  KEY `job_node_id` (`job_node_id`),
  CONSTRAINT `job_messages_ibfk_1` FOREIGN KEY (`link_id`) REFERENCES `links` (`Id`) ON DELETE CASCADE ON UPDATE CASCADE,
  CONSTRAINT `job_messages_ibfk_2` FOREIGN KEY (`job_node_id`) REFERENCES `job_nodes` (`Id`) ON DELETE CASCADE ON UPDATE CASCADE
) ENGINE=InnoDB DEFAULT CHARSET=utf8;

#
# Data for table "job_messages"
#


#
# Source for table "records"
#

CREATE TABLE `records` (
  `Id` int(11) NOT NULL AUTO_INCREMENT,
  `link_id` int(11) NOT NULL DEFAULT '0',
  `num` int(11) unsigned NOT NULL DEFAULT '1',
  `key` varchar(255) NOT NULL DEFAULT '',
  `value` longtext NOT NULL,
  `value_hash` varchar(255) NOT NULL DEFAULT '',
  PRIMARY KEY (`Id`),
  UNIQUE KEY `record_unq` (`link_id`,`key`,`value_hash`),
  CONSTRAINT `records_ibfk_1` FOREIGN KEY (`link_id`) REFERENCES `links` (`Id`) ON DELETE CASCADE ON UPDATE CASCADE
) ENGINE=InnoDB AUTO_INCREMENT=202 DEFAULT CHARSET=utf8;

#
# Data for table "records"
#

REPLACE INTO `records` VALUES (1,1,1,'ru_name','50 Cent','faba8d4ac1b5880ef64a5de3ea7d1fa9'),(2,1,2,'ru_name','Аав, Тыну','2de0dac88024eedac43e70fb1a6c77ba'),(3,1,3,'ru_name','Аавик, Эвальд','de54c34621f316154f3678fa4c535c51'),(4,1,4,'ru_name','Абаджян, Владимир Амвросьевич','595ac2b2269bbcb326a356d5920cd382'),(5,1,5,'ru_name','Абазопуло, Владимир Константинович','b020e8a40af58110cdf8058e975a5b9c'),(6,1,6,'ru_name','Абазян, Геворг Николаевич','71a8ba154239be37182060d3175b4465'),(7,1,7,'ru_name','Абайдулов, Гали Мягазович','040128ac7e5da715c3b4ce84768aa97f'),(8,1,8,'ru_name','Абакаров, Асхаб Тинамагомедович','e98a276e41ae618cc781536a94c9be72'),(9,1,9,'ru_name','Абалян, Эдуард Гайкович','0de6947a44c08bd7d7f2877c1ddeebdb'),(10,1,10,'ru_name','Абашев, Владимир Владимирович','5e84568b76790e5131b9f547e3d1ed7f'),(11,1,11,'ru_name','Абашидзе, Василий Алексеевич','abbc4d34e62d7b9ef24bb0e89d8a4723'),(12,1,12,'ru_name','Абашидзе, Давид Иванович','c00cab959fca42d7d476c9b03a258f5c'),(13,1,13,'ru_name','Абашидзе, Леван','1ea8c511e232bb5d48ea76d1f4b7eeea'),(14,1,14,'ru_name','Аббасов, Аладдин Аслан оглы','6cc19575a03cf528f5531ede54a01c41'),(15,1,15,'ru_name','Аббасов, Гаджи Ага Муталиб оглы','ae3d3f652d7aaa109a04491028afa976'),(16,1,16,'ru_name','Аббасов, Мирза Али','7f70381ab7b0ea2190c319391e105ba0'),(17,1,17,'ru_name','Абдельмаджид Лахаль','dc0979cec75124fd402d93dd30ccd1e1'),(18,1,18,'ru_name','Абди, Бархад','239113023d2a5406ca21e3bfc279fa64'),(19,1,19,'ru_name','Абдикаримов, Муздыбек','0767337b3e8ab91212cf9b6f9d959a9e'),(20,1,20,'ru_name','Абдраимов, Фархат Нурсултанович','13ed3a4bf72e0d180dce71efced3c8e2'),(21,1,21,'ru_name','Абдрасулов, Курван','b7bf6f318d50d0d69418340f1dd4995c'),(22,1,22,'ru_name','Абдрахимов, Марат Чулпанович','88b7dd9d3db53c2e40a63b048eb8c9a6'),(23,1,23,'ru_name','Абдрахманов, Абдрашит Хакимович','09322c0057c60a6dfb643664dd61f79c'),(24,1,24,'ru_name','Абдукундузов, Мухаммадали','0e766584d436c3cb0e52222fb3f91df2'),(25,1,25,'ru_name','Абдулаев, Анатолий Гафарович','9acb25f468e82de86ab826c8ee3bad0f'),(26,1,26,'ru_name','Абдуллаев, Лютфали Амир оглы','832e0c7788aceb41ba6776a90c361f55'),(27,1,27,'ru_name','Абдулов, Александр Гавриилович','8e666a73b10b167416b5ece2d5c542e9'),(28,1,28,'ru_name','Абдулов, Виталий Зинурович','f0795d202d48d9c10fd35e48dbe3eda1'),(29,1,29,'ru_name','Абдулов, Всеволод Осипович','b5eab24ae5f353fc3f750e12b7b917a2'),(30,1,30,'ru_name','Абдулов, Гавриил Данилович','88c0caed36552da4eef4e06be26a7323'),(31,1,31,'ru_name','Абдулов, Осип Наумович','2dd3c0a388c3f6b57a699600f18504cd'),(32,1,32,'ru_name','Абдулхаликов, Махмуд Абдулхаликович','877e5e10a12b07816b0560b51a100b08'),(33,1,33,'ru_name','Абдульманов, Рим Салимьянович','30cf6befb0f0b4d9c1e989efe534347f'),(34,1,34,'ru_name','Абдурахманов, Осман','9aae0afc9d691efe2923ccae53fd6c70'),(35,1,35,'ru_name','Абдусаламов, Шавкат Фазилович','ad812e30356ee48b780ac48a930932c1'),(36,1,36,'ru_name','Абдыгапаров, Даулет Абдыхалилович','60ad8344cf199edb12362771c770494a'),(37,1,37,'ru_name','Абель, Джейк','0b9fe831c6b8ea8f2838ea13158ba87f'),(38,1,38,'ru_name','Абель, Закари','a0bcf0a51fa18470f60bb3fe1e13f642'),(39,1,39,'ru_name','Абелян, Ованес Артемьевич','f5c14ec0832236d7e8fc8a2fe936c7b2'),(40,1,40,'ru_name','Абжалилов, Халил Галеевич','6fa9004e44c6e6be1110d1e2578bef48'),(41,1,41,'ru_name','Абкарян, Симон','ac3f5673a7b9508f8221391e9ec71a21'),(42,1,42,'ru_name','Аболиньш, Гундарс','4df64115107194ac330cf86f8eee78b7'),(43,1,43,'ru_name','Аболиньш, Таливалдис','117655a479a1f177e20d1d15acf21cd8'),(44,1,44,'ru_name','Абрамов, Анатолий Васильевич','654dc6802e73584f8c6eb730f61d102f'),(45,1,45,'ru_name','Абрамов, Вадим Александрович','b49482e8c5afc9ed4cfc5bc8df328472'),(46,1,46,'ru_name','Абрамов, Валентин Алексеевич','7f10a1df9d1676c701cd37c017e9abb2'),(47,1,47,'ru_name','Абрамов, Пётр Валерьевич','ec773d5b966629b28172ff7b7e3a0710'),(48,1,48,'ru_name','Абрамс, Аарон','7e8d8f8c8e557c0e9671184f87c0f521'),(49,1,49,'ru_name','Абрамс, Джеффри Джейкоб','b4ca325a65f68c785b8ea89dc9e9d4fd'),(50,1,50,'ru_name','Абрамян, Хорен Бабкенович','b88a985187085ba391c5df0c63b57ef8'),(51,1,51,'ru_name','Абрахам, Джон','987c7123ad055b0699893dbe3f1176bd'),(52,1,52,'ru_name','Абрахам, Ф. Мюррей','c48aa67542eebe7dce5ef93eafcf960b'),(53,1,53,'ru_name','Абрахамс, Джон','2abd31de5b80e4fb6b275321a8a9d537'),(54,1,54,'ru_name','Абргам, Йозеф','a99506c901afe8a32a21ec02562394b7'),(55,1,55,'ru_name','Абрикосов, Андрей Львович','c614dd20cadf1528940a4cd39a4601ff'),(56,1,56,'ru_name','Абрикосов, Григорий Андреевич','70073944dce897295b293a9fba80ce5c'),(57,1,57,'ru_name','Абролат, Вернер','df0713e8ae35b1d99a4f2e5e4e3ca24c'),(58,1,58,'ru_name','Абросимов, Владимир Сергеевич','0c47d3faa9f85a8d3ff5c1e918f15d95'),(59,1,59,'ru_name','Аброскин, Сергей Сергеевич','35004423e19078bbadc9ac762c5c8430'),(60,1,60,'ru_name','Абт, Карл Фридрих','14c0f9790b95424a33e597e66efd15fb'),(61,1,61,'ru_name','Абушахманов, Ахтям Ахатович','e8aa7bc1f32cc44cd41a89471d06f526'),(62,1,62,'ru_name','Абэ, Ютака','f3e3126d6ddecc4103f1a9b8bb7134ba'),(63,1,63,'ru_name','Авалиани, Ной Иванович','52f910c14f7681809c7f97d1efd14be4'),(64,1,64,'ru_name','Авалос, Луис','e8c6ede1d23c19fabbaa9b2992d46600'),(65,1,65,'ru_name','Аванди, Мярт','35e7fad2ceb36741534d1755cda11425'),(66,1,66,'ru_name','Авари, Эрик','a36d797d75b0c97d2fb330c58ef0bd9c'),(67,1,67,'ru_name','Авдюшко, Виктор Антонович','9a654e074717b8de7c43650de2cb348d'),(68,1,68,'ru_name','Аведикян, Серж','4b48cb7b15edb5e93be60178a4f8512d'),(69,1,69,'ru_name','Авенс, Харий','6561f890dc86bc4b6dd8f58a49fb9940'),(70,1,70,'ru_name','Аверин, Максим Викторович','b8a6b32385dc3ccb115812b4ca18247c'),(71,1,71,'ru_name','Аверин, Юрий Иванович','e1040f76f81b07057fbee0a54583ee27'),(72,1,72,'ru_name','Аверюшкин, Николай Владимирович','2f72617de2dc94493c301020ec9fdfc2'),(73,1,73,'ru_name','Аветисян, Авет Маркосович','23c829fe49d579b92a91f95c10c6b307'),(74,1,74,'ru_name','Аветян, Григор Карапетович','76a9ea03d02f22386fbdf278b0a75ea9'),(75,1,75,'ru_name','Авилес, Рик','92ae0406796e35e3d7c138f1cf46cb72'),(76,1,76,'ru_name','Авилов, Виктор Васильевич','8a8a89737334664487c0c962f6a1a489'),(77,1,77,'ru_name','Авни, Аки','402bd48ae9ce41b20d68eb0333c336e1'),(78,1,78,'ru_name','Авотс, Энрико','c7b2bb1fbef5b8e167d0975019f4c3ae'),(79,1,79,'ru_name','Аврамов, Иван Иванович','229bc5aae168c4115a216424fb640d97'),(80,1,80,'ru_name','Авшаров, Мухтар Гасан оглу','d1bf3041cda0eb47be64b987e0fc4a89'),(81,1,81,'ru_name','Авшаров, Юрий Михайлович','a605695792b86e66360d933177ff5ff7'),(82,1,82,'ru_name','Ага-Мирзаев, Мухтар Кардашханович','9240681e44879ae5192b80dac71521ef'),(83,1,83,'ru_name','Агаев, Алиага Исмаил оглы','f9f5724a75960ffbc61823a10661e31b'),(84,1,84,'ru_name','Агаев, Октай Бахрам оглы','1fd82dbd7e6b412e70ec6b98540308b9'),(85,1,85,'ru_name','Агамирзян, Рубен Сергеевич','5e9e11ae7d83fbff152a0ad0d395310c'),(86,1,86,'ru_name','Агапов, Иван Валерьевич','97ec54173f68df6ca7446dd9f3ba720a'),(87,1,87,'ru_name','Агар, Джон','e282e9843190038f2659efa6cf3add3f'),(88,1,88,'ru_name','Агафонов, Иван Агеевич','a0d9c6d50a6f28fe9d9549da1908feef'),(89,1,89,'ru_name','Агваанцэрэнгийн Энхтайван','0b63c76bf4e00bb4f7624e36383341e8'),(90,1,90,'ru_name','Агеев, Виктор Иванович (актёр)','2d3601e57808294bdd14fab191afc74c'),(91,1,91,'ru_name','Агеев, Евгений Иванович','73650889d851af5398220eb783218ca8'),(92,1,92,'ru_name','Агеев, Игорь Валентинович','4dafab37e075e1a6ba69f06b802f2299'),(93,1,93,'ru_name','Агеев, Роман Олегович','dcc1fd80e5a0d52bdeb3d01c9881cc38'),(94,1,94,'ru_name','Агзамов, Гани','2263e9f868faa2bb12365af2bf1614a9'),(95,1,95,'ru_name','Агзамов, Юлдаш','087bb85e6aa015a618540258aeaf521b'),(96,1,96,'ru_name','Агопьян, Алексей Мигранович','455f29e5a9fe31ffd55ab41bebb01d43'),(97,1,97,'ru_name','Агранович, Алексей Михайлович','11db415dff6342ca6f52b9c28deb1ebd'),(98,1,98,'ru_name','Агустин Лара','0afe206ee2a330782d0fb68c7af9f87c'),(99,1,99,'ru_name','Адабашьян, Александр Артёмович','b34ef549d1a34cf8881831015f89d0da'),(100,1,100,'ru_name','Адам Ант','6f45cf1e63fa0c4abcd9b0379cfd350b'),(101,1,101,'ru_name','Адамбаев, Нуртас Абаевич','e616e9db3ee53fcda0986c7a38ae9bea'),(102,1,102,'ru_name','Адаме, Альфредо','977164357a9f9f41e8f071295e774b70'),(103,1,103,'ru_name','Адаменко, Григорий Анатольевич','a9af8bde7861e1ef34fb37fdb30da2a6'),(104,1,104,'ru_name','Адамс, Джонатан','4414d505bcc151ba0ebe8d743b9acb58'),(105,1,105,'ru_name','Дон Адамс','651ab71dfa0eaeb682af81162498d608'),(106,1,106,'ru_name','Адамс, Мейсон','8ec3889c4544dbd5d5c70cd4599d8102'),(107,1,107,'ru_name','Адамс, Патрик Джей','5f5263426fbd1e3f2864c55f4b357c56'),(108,1,108,'ru_name','Адамс, Си Джей','603e9c4ed29764c79bfa7eda10b73767'),(109,1,109,'ru_name','Адамтуэйт, Майкл','22d457e45390e3efb825e50ec85ac27b'),(110,1,110,'ru_name','Адамян, Петрос Иеронимович','24b848553db051f30cbcfdfa0315513e'),(111,1,111,'ru_name','Адасинский, Антон Александрович','3afc4df92f1dc679d5396b28bd44d1d5'),(112,1,112,'ru_name','Адашев, Александр Иванович','9ed22f9000b57d5b34fc5c97ca75f547'),(113,1,113,'ru_name','Адашев, Раджаб Халимович','efe4c33c663e2a9aaeaf2066c7088367'),(114,1,114,'ru_name','Адашевский, Константин Игнатьевич','74c04342b56952b3b55868e640eee4c1'),(115,1,115,'ru_name','Адель Имам','f01d792400c68b9c50905ec71524da12'),(116,1,116,'ru_name','Адельштейн, Пол','f3686b48361be15ecb9d9e2c0ef992fb'),(117,1,117,'ru_name','Адерманис, Имантс','841e68e394c94f5fce3d52ba4d6a9f65'),(118,1,118,'ru_name','Аджемян, Вартан Мкртичевич','df0715eb6b507929c6c58860d39f97ae'),(119,1,119,'ru_name','Адзума, Тиёносукэ','80747348d19dd6df06128e8fdb419628'),(120,1,120,'ru_name','Адлер, Яков','b4545e6b27c2018659e83adefb53490e'),(121,1,121,'ru_name','Адомайтис, Регимантас Вайткусович','66ba50ef38050dd21e8854b5012d0972'),(122,1,122,'ru_name','Адорф, Марио','3a125cbede1c25870b0874e716f17d05'),(123,1,123,'ru_name','Адоскин, Анатолий Михайлович','fd160758f0ff7de4c2eb933104eeb0aa'),(124,1,124,'ru_name','Адоти, Разаак','1c86c9e13bce3d0f2a2d1fb635ddfd81'),(125,1,125,'ru_name','Адыгёзалов, Тельман Аббасгулу оглы','6600fac22c5c576124262ec2c9dc7014'),(126,1,126,'ru_name','Азариа, Хэнк','0fbe4d423a4b9d89d4e31203751afdd7'),(127,1,127,'ru_name','Азарин, Азарий Михайлович','7494ee46eceef0e26efab28a3f1525dc'),(128,1,128,'ru_name','Азизи, Энтони','e040bdb57eeed24c74d4af38a6d4b520'),(129,1,129,'ru_name','Азизов, Тургун Турсунович','69649e26eb2fd464689ff064559aaad9'),(130,1,130,'ru_name','Азизов, Эльчин Яшар оглы','d464cb42d724aeb1bbb275cba54d3d59'),(131,1,131,'ru_name','Азимов, Хамит Мухаметович','8907343d0999b8f60b727cb6376073c9'),(132,1,132,'ru_name','Азнавур, Миша','473070085d5bbb5d1ae20e939d3d3213'),(133,1,133,'ru_name','Азо, Анатолий Георгиевич','4ff5ccb537236e7d9de23ebd9135b745'),(134,1,134,'ru_name','Ай, Ихсан','44bb020f20321edc89131d9f1a5c4c9e'),(135,1,135,'ru_name','Айвазов, Александр Эмильевич','20f0a8a88b17c9535abc4a71ecdec756'),(136,1,136,'ru_name','Айвазян, Багдасар Артёмович','e0ac80206c4f0b0a360abdce862ed9d5'),(137,1,137,'ru_name','Айвз, Бёрл','f285d62d398ef89b8495c1f722f1324f'),(138,1,138,'ru_name','Айдаров, Сергей Васильевич','511b4094118588ab20af88035580fcc8'),(139,1,139,'ru_name','Айдл, Эрик','44ef9ba5ee00dd1f4cc55121aa7da2b9'),(140,1,140,'ru_name','Айелло, Дэнни','ee942a9d0e217cd5dd2091aa9457c8a1'),(141,1,141,'ru_name','Айзек, Оскар','739b432652c20390c4ff72f481b00eed'),(142,1,142,'ru_name','Айзекс, Джейсон','fb896b56ce289b1f4876d8d96443d329'),(143,1,143,'ru_name','Айзенберг, Джесси','4651badfdf8b63fb46324c26ec54c52a'),(144,1,144,'ru_name','Айзикович, Марк Львович','80815a63682b21cf78465c93c2108977'),(145,1,145,'ru_name','Айзман, Николай Спиридонович','46122cd2ba64707ea22489fd744b6552'),(146,1,146,'ru_name','Айманов, Шакен Кенжетаевич','804b6552153964830ad54f5a61a77913'),(147,1,147,'ru_name','Айнесон, Ральф','fb584f49312875baf026157257b607c6'),(148,1,148,'ru_name','Айоади, Ричард','883d9d7b94069d7808c2ef5bcd7a471c'),(149,1,149,'ru_name','Айрленд, Джон (актёр)','2356af8bb838c4a73aa6ee4e83ef0115'),(150,1,150,'ru_name','Айронс, Джереми','e9da011565a567f33f84b7e869253e70'),(151,1,151,'ru_name','Айронс, Макс','529638dbfcd681b593c64354f7b7569a'),(152,1,152,'ru_name','Айронсайд, Майкл','cddba145f32ee3ad3e860198ebac58d2'),(153,1,153,'ru_name','Айтор Луна','846b46cf9547bbf3de5f8ee8ab72c885'),(154,1,154,'ru_name','Айхгорн, Вернер','498069f94e08d59ff94275d6f4a2509c'),(155,1,155,'ru_name','Айхгорн, Кристоф','628310aba9ef6d7cb8fce807ce08c6ed'),(156,1,156,'ru_name','Аканиси, Дзин','e5fd4e8d67e26f0aa91532982ce626bc'),(157,1,157,'ru_name','Акарсу, Барыш','ad0eb8122c4b1ae7c6132622c23d1b1a'),(158,1,158,'ru_name','Акашкин, Вячеслав Павлович','290279474b7a02163fa5d12eafb80791'),(159,1,159,'ru_name','Акдениз, Дениз','156d6fe83be6a46db3f53b61b973f00c'),(160,1,160,'ru_name','Акдюльгер, Метин','ca6963c7ce65a49bb311ea613e7a7ffc'),(161,1,161,'ru_name','Акимкин, Павел Владимирович','3d44901cbd9e524bc768e22de2cdce07'),(162,1,162,'ru_name','Акимов, Виктор Акимович','e895ff4f99a6b16aac184cd584ab9a0b'),(163,1,163,'ru_name','Акин, Фатих','60fcd5aba3adbaf2547e5851b57eaad1'),(164,1,164,'ru_name','Акиннуойе-Агбадже, Адевале','716729053d3226a8e1c6d23ed3b95f54'),(165,1,165,'ru_name','Аккерман, Конрад Эрнст','97a5dd5c80a9c5f53a6396558298715b'),(166,1,166,'ru_name','Аккинени Нагарджуна','4c645eebd15fb33dcb750aceeaef8872'),(167,1,167,'ru_name','Аккинени Нагесвара Рао','3106358bba736b415eb9305820e20ea0'),(168,1,168,'ru_name','Акопян, Амаяк Арутюнович','f2d4446d77d9eb2351308ff03109c93e'),(169,1,169,'ru_name','Акопян, Арутюн Амаякович','cc04be151599f02f4529ec1a05cad914'),(170,1,170,'ru_name','Акопян, Роберт Дурмишханович','b2b09e4378c349f36535bedb50a49fc5'),(171,1,171,'ru_name','Акрачков, Игнатий Романович','58de7ceae12fda9a2fbe90c984289d3d'),(172,1,172,'ru_name','Аксель фон Амбрессер','eaf015935deb80d9776ed03ff16bbdb0'),(173,1,173,'ru_name','Аксёнов, Бэно Максович','2b299db00c59613a194e046e6d6f1753'),(174,1,174,'ru_name','Аксёнов, Всеволод Николаевич','0c7938892bee7a8e9f4bdcc36c35c817'),(175,1,175,'ru_name','Акулич, Олег Александрович','775f685e16b67947fc4735d5fd282332'),(176,1,176,'ru_name','Акунья, Джейсон','1a88e3252fd9991dcd0e1b2018a14485'),(177,1,177,'ru_name','Акуратерс, Волдемар','79e4db45af603989b30695e0020f7e45'),(178,1,178,'ru_name','Алазраки, Карлос','de3902ff3a48a8c424733d341309f965'),(179,1,179,'ru_name','Алаймо, Марк','f54173a7e941fe2cb9ec0dc1485b201c'),(180,1,180,'ru_name','Аламгир (актёр)','70dda9aa5d1bca4b358267c5cc02c0fb'),(181,1,181,'ru_name','Аламо, Роберто','d1f81a25a7f771bcf8a297a4bf82a81b'),(182,1,182,'ru_name','Алан Кёртис','e5995287ee270bcd6b025e6e9be5c564'),(183,1,183,'ru_name','Алан Маубрэй','02dc66dbeb99a535b2b62467b7ef15be'),(184,1,184,'ru_name','Аласки, Джо','4ca6b5fc6c51fbb71c2355036834dbb3'),(185,1,185,'ru_name','Албарн, Деймон','dff6bcff16f36f4a123a004fefc19279'),(186,1,186,'ru_name','Албулеску, Мирча','d86737c5fbab28144e0ed68de8d889a2'),(187,1,187,'ru_name','Алан Алда','780a2be447e5588aebe5c15cb66c6a00'),(188,1,188,'ru_name','Алдошин, Виктор Павлович','2f02413d7f6179c1157254a2eb87ab2c'),(189,1,189,'ru_name','Алейников, Пётр Мартынович','f78774476576492e9f64ace680695f1a'),(190,1,190,'ru_name','Алекперов, Алескер Гаджи Ага оглы','34b1b7656e5af71b757cfbb46ff2e645'),(191,1,191,'ru_name','Алекперов, Шахмар Зульфугар оглы','f8586e0648d8ec4e39bce8d39dde77c9'),(192,1,192,'ru_name','Александер, Джейсон','77f7f4efe4eff5f518b075a72c1149f0'),(193,1,193,'ru_name','Александер, Олли','1dbba8faece050f4b9e92be50216a7c1'),(194,1,194,'ru_name','Александер, Петер','734e309072175ae18307c0374dd36f0d'),(195,1,195,'ru_name','Александр, Джон (актёр)','3104bc20ba10cf5308fb076e51d248be'),(196,1,196,'ru_name','Александрин, Андрей Александрович','867dd511c0d225e6ac62c777c4973cd3'),(197,1,197,'ru_name','Александров, Александр Леонардович','29d2dbb9cf7ee9ad50d157979ad18fbd'),(198,1,198,'ru_name','Александров, Александр Сергеевич (актёр)','365525b061a54d80ebeda540ac8d23a1'),(199,1,199,'ru_name','Александров, Борис Владимирович','e6f69f5602d287b09b550fa7a8778aae'),(200,1,200,'ru_name','Александров, Вадим Александрович (актёр)','c2e4ae637bbaf4fd6a3179efeb39dfe1'),(201,2,1,'ru_content','Кёртис Дже́ксон (англ. Curtis Jackson; род. 6 июля 1975, Джамейка, Куинс, Нью-Йорк, США) — американский рэпер, актёр, писатель, боксёрский промоутер и продюсер, известный под сценическим псевдонимом 50 Cent (рус. Фи́фти-Сент), который переводится как «Пятьдесят центов». Известность пришла к нему с выпуском альбомов Get Rich or Die Tryin’ и The Massacre. 50 Cent добился успеха с обоими альбомами, продав более 40 миллионов экземпляров по всему миру.\n\nРождённый в бедном негритянском районе Саут-Джамейка (англ.)русск. (Куинс, Нью-Йорк), Кёртис Джексон в возрасте 12 лет начал торговать кокаином. После того как он бросает торговлю кокаином, чтобы посвятить себя музыкальной карьере, в него стреляют 9 раз в 2000 году. После выхода сборника Guess Who’s Back?, 50 Cent’а замечает Эминем и подписывает с ним контракт в Interscope Records. С помощью Эминема и Dr. Dre, которые продюсировали его, к нему приходит первый главный коммерческий успех: он становится одним из самых продаваемых исполнителей во всём мире.\n\nВ 2003 году он основывает лейбл G-Unit Records, на который подписывает группу G-Unit, а также сольно её участников — Young Buck, Ллойд Бэнкс и Tony Yayo.\n\n50 Cent имел много конфликтов с другими рэперами, включая Ja Rule, Game, Fat Joe и Rick Ross.\n\nДо карьеры\nДетство\n50 Cent вырос в квартале Саут-Джамейка (англ. South Jamaica) района Куинс в Нью-Йорке. Он рос без отца и никогда не видел его, воспитываемый матерью афроамериканского происхождения Сабриной Джексон (англ. Sabrina Jackson), которая родила его в возрасте пятнадцати лет. Сабрина торговала крэком. Основное время 50 Cent проводил с родителями матери, недостаток проводимого с сыном времени она пыталась компенсировать деньгами, как вспоминал Кёртис:\n\n\tКаждый раз когда я её видел, это было что-то новое для меня. Рождество каждый день. Мать рано одела меня в драгоценности.\t\nКогда Кёртису было восемь, кто-то пришёл домой вместе с Сабриной, подсыпал снотворное в её выпивку, закрыл все окна, включил газ и оставил её умирать. Она была найдена несколькими днями позднее. Она умерла в двадцать три года. После её смерти Кёртис переехал в дом к её родителям, с его восемью дядями и тётями. 50 Cent вспоминает:\n\n\tМоя бабушка говорила мне: «Твоя мама не придёт домой. Она не вернётся, чтоб забрать тебя. Сейчас ты должен остаться с нами»\t\nДжексон рос со своим младшим кузеном, Майклом Фрэнсисом (англ. Michael Francis), который заработал кличку 25 Cent. Фрэнсис читал рэп под сценическим псевдонимом «Two Five» (с англ. — «Два пять»).\n\nДжексон увлёкся боксом в возрасте одиннадцати лет. В четырнадцать лет, сосед открывает боксёрский зал для местных детей. Впоследствии 50 Cent вспоминал:\n\n\tКогда я не убивал время в школе, я боксировал в зале или торговал крэком на улице\nОригинальный текст (англ.)  \n\nОн рассказывает: «На ринге во мне был дух соперничества, в хип-хопе этот дух тоже присутствует… Я думаю, что рэперы чувствуют себя подобно боксёрам — словно они чемпионы».\n\nТорговля наркотиками\n29 июля 1994 года Джексон был арестован за помощь в продаже четырёх фиалов с кокаином переодетому полицейскому офицеру. Три недели спустя Кёртис был задержан снова, после обыска его квартиры полицейскими, нашедшими там героин, десять унций крэка и пистолет, за что и был приговорён к трём годам лишения свободы, однако добился условно-досрочного освобождения. Он берёт прозвище 50 Cent как повод для «перемен». Имя было взято у Кельвина Мартина (англ. Kelvin Martin) — бруклинского гангстера 1980-х, известного как «50 Cent». Джексон выбрал это имя,\n\n\tпотому что оно говорит всё, что я хочу сказать. Я — человек того же типа, что и тот 50 Cent — гангстер. Я обеспечиваю себя любыми способами.\t\nМузыкальная карьера\nНачало\n50 Cent начал читать рэп в подвале у друга. Там же он использовал «вертушки» для записи минусовок. В 1996 году друг знакомит его с Jam Master Jay из Run DMC, который организовал свой собственный лейбл Jam Master Jay Records. Это был первый раз, когда Кёртис был в студии. Он учил его считать такты, писать припевы, структурировать песни и делать записи. Первое официальное появление 50 Cent’а было на песне «React» с группой Onyx, которая была выпущена на их альбоме 1998 года — Shut ’Em Down. Он доверял Джэю как наставнику, который помог значительно расширить его возможности. Джэй продюсирует его первый альбом, который всё же не был издан.\n\nВ 1999 году, после того как 50 Cent заканчивает сотрудничество с Джэм Маста Джэем, «платиновые» продюсеры Trackmasters подписывают с Джексоном контракт в Columbia Records. За две недели он пишет и записывает тридцать шесть песен, восемнадцать из которых были включены в его неофициальный альбом Power of the Dollar 2000 года.\n\nПопулярность 50 Cent’а начала расти после успешного сингла «How to Rob», который он написал за полчаса, пока ехал в машине на студию. Песня комично повествует, как Кёртис может ограбить известных артистов. Смысл, скрытый за песней, он объяснял так:\n\n\tНа этом лейбле сотня артистов, ты отделяешься от них и становишься особенным.\t\nРэперы Jay-Z, Big Pun, DMX и группа Wu-Tang Clan откликнулись на песню. Nas, воспринявший эту песню позитивно, пригласил 50 Cent’a в промотур своего четвёртого альбома Nastradamus (англ.)русск.. Песня «How to Rob» должна была выйти одновременно с «Thug Love», исполненной совместно с Destiny’s Child, но за два дня до записи клипа на неё и за несколько недель до выхода собственного альбома 50 Cent был ранен в перестрелке и помещён в госпиталь.\n\nПокушение\n24 апреля 2000 года Кёртис Джексон, сидя в машине около дома своей бабушки в Саут-Джамейке (англ.)русск., подвергся атаке. Преступник действовал быстро и уверенно. Кёртис сидел на заднем сиденье машины своего друга, когда тот выстрелил в него 9 раз. Были серьёзно повреждены рука, бедро, обе ноги, грудь и левая щека. Пуля, попавшая в щёку, задела язык, выбила пару зубов, и чуть было не лишила музыканта голоса. Повреждения были очень серьёзными, и рэперу срочно требовалась госпитализация. Его друзья смогли доставить музыканта в больницу, где 50 Cent сразу сделали операцию. Кёртис пробыл в больнице тринадцать дней.\n\nСам рэпер рассказывает про этот инцидент так:\n\n\tЭто произошло слишком быстро, у меня не было ни единого шанса выйти из этой перестрелки победителем… Я был напуган, я думал: „Вот дерьмо, кто-то выстрелил мне в лицо! Оно горит, горит.“\t\nВ своих мемуарах, From Pieces to Weight: Once upon a Time in Southside Queens 50 Cent пишет:\n\n\tПосле того, как в меня выстрелили в упор девять раз, и я не умер, я стал задумываться о своей цели в жизни… Ведь всего несколькими сантиметрами выше — и я бы погиб.\t\nПервые четыре месяца после покушения 50 Cent передвигался при помощи костылей, а через пять месяцев после выхода из госпиталя он полностью восстановился. После этого он вместе с сыном и своей подругой переехал в горы Поконо (англ.)русск. и с тех пор всегда надевает бронежилет, когда появляется на публике.\n\nColumbia Records, узнав о происшествии, расторгла контракт, испугавшись, что рэпер не сможет продолжить заниматься музыкой. Музыканту вернули его записи и задаток (половину суммы). Таким образом, музыкант получил на руки готовый альбом Power of the Dollar (англ.)русск. и право делать с записями всё, что ему заблагорассудится. Скоро записи попали к пиратам, которые стали продавать диск на каждом углу. Денег это 50 Cent’у не принесло, но зато его заметили благодаря треку «How to Rob», с этого момента все стали говорить о появлении новой звезды в рэп-индустрии.\n\nРасцвет популярности\nВ 2002 году его диск Guess Who’s Back? попадает к Eminem’у через юриста 50 Cent’a, который работал с менеджером Eminem’а. Впечатлённый сборником, Eminem приглашает Кёртиса слетать в Лос-Анджелес, где знакомит его с Dr. Dre. После заключения одномиллионной сделки 50 Cent выпускает микстейп No Mercy, No Fear. В него был включён один новый трек «Wanksta», который вошёл в саундтрек фильма 8 Mile.\n\nВ феврале 2003 года 50 Cent выпустил свой первый коммерческий альбом Get Rich or Die Tryin’. Альбом имел невероятный успех: популярный интернет-портал All Music Guide окрестил его самым громким дебютом десятилетия. Альбом сразу занял первую позицию в Billboard 200, продавшись в количестве 872,000 экземпляров за первые четыре дня. Заглавный сингл «In da Club», который был отмечен журналом The Source за оригинальность и неповторимый стиль звучания, установил рекорд как наиболее прослушиваемый в истории радио. Журнал Billboard назвал «In da Club» песней № 1 по итогам 2003 года в США. Таким образом, рэпер заявил о себе на весь мир.\n\nВ 2003 году Interscope специально для 50 Cent’а основывает новый лейбл G-Unit Records. В него вошли основатели коллектива G-Unit — Lloyd Banks, Tony Yayo и Young Buck. Рэпер The Game покинул группу из-за творческих разногласий и уже состоял в Aftermath Entertainment.\n\nВ марте 2005 года 50 Cent выпускает второй коммерческий альбом The Massacre, который продался в количестве 1,14 миллионов экземпляров за первые четыре дня и продержался на первой позиции в Billboard 200 шесть недель. Кёртис стал первым артистом, чьи три сингла — «Candy Shop», «Disco Inferno» и «How We Do» — одновременно находились в Billboard 200 на протяжении нескольких недель. Rolling Stone писал, что секретное оружие 50 Cent’а, благодаря которому его песни так популярны, — это его голос.\n\nВо время урагана «Катрина», в 2005 году Кёртис поддерживал Джорджа Буша-младшего, после того как Kanye West раскритиковал его за то, что помощь пострадавшим оказывали слишком медленно. 50 Cent говорил, что если бы его криминальное прошлое не препятствовало ему голосовать, он голосовал бы за Буша.\n\nПосле ухода The Game из G-Unit 50 Cent приглашает в коллектив певицу Olivia и ветеранов рэп-индустрии — группу Mobb Deep. Позже к новому лейблу присоединились Spider Loc, 40 Glocc, M.O.P (англ.)русск. и Young Hot Rod (англ.)русск.. Параллельно с работой с музыкантами внутри своей группы он продолжил сотрудничать с исполнителями, которые не входили в G-Unit, например, с Lil Scrappy из BME, с LL Cool J’ем из Def Jam и с Mase из Bad Boy. В сентябре 2007 года выходит третий коммерческий альбом Curtis, который был навеян воспоминаниями о прежней жизни Кёртиса, когда тот ещё не был знаменит, до выхода Get Rich or Die Tryin’. Альбом сразу после своего выхода занял второе место в Billboard 200, продавшись в количестве 691,000 копий. На первом месте в то время был альбом Kanye West’а Graduation, который продался в количестве 957,000 копий. 50 Cent заявил, что если альбом Kanye West’а будет продаваться лучше, чем Curtis, то он прекратит заниматься музыкой. Однако позже 50 Cent опроверг это заявление, также отметив, что за пределами Америки его альбом оказался более продаваемым. В 2007 году 50 Cent был признан журналом Forbes самым богатым человеком в рэп-индустрии после Jay-Z.\n\nВ ноябре 2009 года 50 Cent выпускает свой четвёртый альбом под названием Before I Self Destruct, а также фильм с одноимённым названием.\n\nПредпринимательская деятельность\n50 Cent, помимо своей музыкальной карьеры, активно занимается бизнесом. В ноябре 2003 года он подписывает пятилетний контракт с Reebok, согласно которому Reebok получила право распространять часть кроссовок, выходящих под лейблом G-Unit Clothing Company. Кёртис озвучил главного героя в видеоигре 50 Cent: Bulletproof, которая вышла на PlayStation 2, Xbox и PlayStation Portable, также рэпер озвучил героя в игре 50 Cent: Blood on the Sand, вышедшей в начале 2009 года. Потом он сотрудничал с компанией Glacéau, рекламируя её виноградный энергетический напиток Vitamin Water. В 2007 году «Coca-Cola» купила компанию Glacéau за 4,1 миллиарда долларов. 50 Cent, который имел долю в компании, получил с этой сделки сумму в 100 миллионов долларов.\n\nВ 2005 году 50 Cent озвучил сам себя в эпизоде Pranksta Rap мультсериала «Симпсоны», в котором он с юмором обращает внимание общественности на свои проблемы с законом. В том же году он снялся вместе с Теренсом Ховардом в автобиографическом фильме Разбогатей или умри. Он также снялся в фильме Home of the Brave в роли американского солдата, возвращающегося из Ирака.\n\nНезадолго до съёмок в фильме «Разбогатей или умри» Кёртис выпускает мемуары «From Pieces to Weight: Once upon a Time in Southside Queens». Также он написал книгу The Ski Mask Way. Роман рассказывает о жизни мелкого торговца наркотиками, который решил ограбить своих предпринимателей. В соавторстве с Робертом Грином написал книгу «The 50th Law».\n\nКонфликты с другими исполнителями\nMurder Inc.\nДо подписания контракта с Interscope Records между 50 Cent и рэпером Ja Rule, его лейблом The Inc. Records, был конфликт. По словам 50, его друг украл ювелирные изделия рэпера, а тот обвинил его в подготовке преступления.\n\nАгент службы внутренних доходов под присягой сообщил о связях Murder Inc. с Кеннетом «Supreme» Макгриффом, Нью-Йоркским наркобароном, которого подозревали в причастности к убийству Jam Master Jay и стрельбы в 50. Отрывок из свидетельства:\n\n\tСледствие раскрыло заговор с участием Макгриффа и других в попытке убийства рэп-артиста, который выпускал песни с текстами, где упоминается преступная деятельность Макгриффа. В исполнителя стреляли в 2000 году, но он выжил и после этого отказался сотрудничать с правоохранительными органами по этому вопросу. Сообщения, отправленные на лейбл Murder Inc. указывают на то, что Макгрифф участвует в существующей сговоре с целью убийства этого рэпера и поддерживает связь с сотрудниками Murder Inc.\t\nВ мае 2011 года было подтверждено завершение бифа. Ja Rule заявил: «Все хорошо. Между нами нет бифа. Мы никогда не будем сотрудничать в будущем. Вот такое положение дел. Вы не можете сейчас воевать с кем-то, это как США и другая страна, с которой мы в плохих отношениях. Мы не должны идти на войну, но мы и не друзья».\n\nGame\nВ начале 2005 года 50 Cent развязал вражду с рэпером The Game, несмотря на то, что до релиза дебютного альбома The Game The Documentary они очень тесно сотрудничали. После релиза альбома The Game заявил, что не хочет участвовать во вражде между G-Unit и другими рэперами, и даже стал сотрудничать с теми рэперами, которые были противниками G-Unit. 50 Cent также утверждал, что он написал шесть песен для альбома The Game, но ничего не получил за свои труды. The Game опроверг это заявление.\n\nПозже 50 Cent на радио Hot 97 сказал, что The Game больше не член G-Unit. После этого заявления The Game, который был тоже приглашён на шоу в этот же вечер, но на более раннее время, попытался вместе со своей охраной проникнуть в здание. В здание их не пустили. Раздосадованный рэпер решил выместить ярость на группе мужчин, покидающих здание. Словесная конфронтация переросла в драку, в ходе которой один из охранников рэпера получил огнестрельное ранение в ногу.\n\nНеоднократно ходили слухи о том, что рэперы хотят помириться. Но окончательное примирение произошло после смерти Майкла Джексона. Майкл Джексон перед смертью хотел их помирить, впоследствии The Game сам извинился перед 50 Cent, Lloyd Banks и Tony Yayo. Tony Yayo заявил, что Джексон (50 Cent) или G-Unit не примет его извинения. The Game позже ответил песней «Shake», подшучивая музыкальное видео 50 Cent «Candy Shop», сделанная в стиле 50-х годов. Он также выпустил диссы на Lloyd Banks и Tony Yayo, в котором он говорит: «Я удивлен, что Lloyd Banks и Yayo не сделал дисса Jimmy Iovine». The Game также неуважительно отозвался о G-Unit несколько раз в песне «400 Bars».\n\nВ сентябре 2011 года 50 Cent неуважительно отозвался о Game на песню «Love, Hate, Love», на что Game ответил в своем твиттере, заявив, что он собирается унизить его обратно после того, как его тур будет закончен.\n\nRick Ross\nВ конце января 2009 года Рик Росс начал биф с 50 Cent, добавив в свою песню «Mafia Music» провокационные строки, обвиняющие того в причастности к пожару в доме его бывшей супруги:\n\n\tI love to pay ya bills, can’t wait to pay ya rent\nCurtis Jackson baby mama, I ain’t looking for a cent Burn the house down, you gotta buy another Don’t forget the gas can, jealous, stupid muthafucker\n\n\n50 Cent ответил диссом «Officer Ricky» (также это дисс на Dj khaled & Lil Wayne). Он говорит:\n\n\tScreamin’ boss, ni**a you ain’t a boss,\nPussy ni**a you lost listen officer ross…\n\n\n«Он думает, что это поможет его релизу, — анализирует ситуацию 50 Cent. — И я понимаю это, он получит больше внимания, чем обычно. Но это будет такое внимание, которое сойдёт на нет, после чего и он сам сойдёт на нет». Не остановившись на этом, 50 Cent разыскал экс-супругу своего нового оппонента, мать его сына, и в качестве симметричного ответа выведал у неё следующее: «В месяц он тратит $200 на еду и $300 долларов на одежду, его драгоценности арендованные и возможно фальшивые, его тачки ему не принадлежат», также дама подтвердила слухи по поводу работы офицером в одной из тюрем.\n\nПеред визитом в Венесуэлу Фифти загрузил видео в YouTube под названием «Warning Shot», где предупреждает: «Я разрушу твою жизнь ради развлечений». Кроме того, вышла первая серия мультфильма «Officer Ricky». В начале февраля 50 Cent загрузил на YouTube интервью с Таей, матерью ребёнка Росса. Она подтверждает, что он был сотрудником исправительного учреждения, а его лицо — фейк.\n\nНа альбоме Deeper Than Rap Ross упоминает 50 Cent в «In Cold Blood». В клипе показано похороны Кёртиса. В это время рэпер заявил, что он закончил карьеру Кёртиса.\n\nВ интервью Фифти отметил: «Рик Росс это Альберт с СВ4. Видели фильм? Он Альберт… Трудно представить что-то хуже. Перед вами парень, бывший сотрудник исправительной службы, построил карьеру на написании материала с точки зрения наркоторговца, в частности „Freeway“ Rick Ross».\n\nВ 2012 году на BET Hip Hop Awards артисты лейбла G-Unit Records (Kidd Kidd, Mike Knox, Tony Yayo) и 50 Cent приняли участие в избиении Gunplay, артиста лейбла Росса «Maybach Music Group». Во время драки у Gunplay украли ценную цепь. Через несколько дней 50 Cent посетил боулинг-клуб в Вашингтоне с его украшением.\n\nДискография\nСтудийные альбомы\nGet Rich or Die Tryin’ (2003)\nThe Massacre (2005)\nCurtis (2007)\nBefore I Self Destruct (2009)\nAnimal Ambition (2014)\nБиблиография\n2006 — From Pieces To Weight : Once Upon A Time In Southside Queens (совместно с Kris Ex)\n2007 — Baby Brother (совместно с Noire)\n2007 — Death Before Dishonor (совместно с Nikki Turner)\n2007 — The Ski Mask Way (совместно с K Elliot)\n2007 — Blow (совместно с K’Wan)\n2007 — 50 x 50 (совместно с Noah Callahan-Bever)\n2007 — Derelict (совместно с Relentless Aaron)\n2007 — Harlem Heat (совместно с Mark Anthony)\n2007 — Heaven’s Fury (совместно с Meta Smith)\n2008 — The Diamond District (совместно с Derrick Pledger)\n2009 — The 50th Law (совместно с Робертом Грином)\n2012 — Formula 50\nФильмография\nГод\tФильм\tРоль\tПримечания\n2003\t50 Cent: The New Breed\tКамео\tДокументальный фильм\n2005\tРазбогатей или сдохни\tMarcus\tКино-дебют\n2006\tДом храбрых\tJamal Aiken\t\n2007\tСмерть в эфире\tКамео\t\n2008\tПраво на убийство\tSpider\t\n50 Cent: The Money and the Power\tКамео\tРеалити-шоу\n2009\tУлицы крови\tStan Johnson\t\nПрежде, Чем Я Самоуничтожусь\tClarence\tРежиссёр, продюсер, сценарист\nКрасавцы\tКамео\tОдна серия: «One Car, Two Car, Red Car, Blue Car»\nНаперегонки со смертью\tThigo\t\nCaught in the Crossfire\tTino\tИсполнительный продюсер\n2010\tТринадцать\tJimy\t\nСтвол\tRich\t\nДвенадцать\tLionel\t\nДоброе утро\tКамео\t\n2011\tVengeance\tBlack\t\nBlood Out\tHardwick\t\nРазные вещи\tДеон\tДрама\nПодстава\tSonny\tПродюсер\n2012\tAll Things Fall Apart\tDeon\t\nФрилансеры\tMalo\t\nСтранный Томас\tShamus Cocobolo\t\nМёрзлая земля\tКлейт Джонсон\t\n2013\tПлан побега\tХаш\t\nStarперцы\tкамео\t\n2014 — 2016\tВласть в ночном городе\tКэнан\tтак же исполнительный продюсер\n2015\tЛевша\tДжордан Мэйнс\t\n2015\tШпион\tКамео\t\nОзвучка\nГод\tФильм\tРоль\tПримечания\n2005\tСимпсоны\tСебя\tОдна серия: «Pranksta Rap»\n50 Cent: Bulletproof\tСебя\tКомпьютерная игра\n2009\t50 Cent: Blood on the Sand\tСебя\tКомпьютерная игра\nCall of Duty: Modern Warfare 2\tSoldier\tКомпьютерная игра\n','18fa089bb92f1943fcca3fb6d1232485');

#
# Source for table "test_links"
#

CREATE TABLE `test_links` (
  `Id` int(11) NOT NULL AUTO_INCREMENT,
  `link` text NOT NULL,
  `lev` int(11) NOT NULL DEFAULT '0',
  PRIMARY KEY (`Id`)
) ENGINE=InnoDB AUTO_INCREMENT=6 DEFAULT CHARSET=utf8;

#
# Data for table "test_links"
#

REPLACE INTO `test_links` VALUES (1,'https://ru.wikipedia.org/wiki/50_Cent',1),(2,'https://ru.wikipedia.org/wiki/%D0%90%D1%82%D0%BB%D0%B0%D0%BD%D1%82_(%D1%81%D1%82%D0%B0%D0%B4%D0%B8%D0%BE%D0%BD,_%D0%9D%D0%BE%D0%B2%D0%BE%D0%BF%D0%BE%D0%BB%D0%BE%D1%86%D0%BA)',0),(3,'https://ru.wikipedia.org/wiki/%D0%92%D0%B8%D0%BB%D0%B0_%D0%9A%D0%B0%D0%BF%D0%B0%D0%BD%D0%B5%D0%BC%D0%B0',0),(4,'https://ru.wikipedia.org/wiki/%D0%93%D0%BB%D1%8E%D0%BA%D0%B0%D1%83%D1%84-%D0%9A%D0%B0%D0%BC%D0%BF%D1%84%D0%B1%D0%B0%D0%BD',0),(5,'https://ru.wikipedia.org/wiki/%D0%91%D0%B5%D1%80%D0%BD_%D0%90%D1%80%D0%B5%D0%BD%D0%B0_(%D1%84%D1%83%D1%82%D0%B1%D0%BE%D0%BB%D1%8C%D0%BD%D1%8B%D0%B9_%D1%81%D1%82%D0%B0%D0%B4%D0%B8%D0%BE%D0%BD)',0);

/*!40014 SET FOREIGN_KEY_CHECKS=@OLD_FOREIGN_KEY_CHECKS */;
/*!40014 SET UNIQUE_CHECKS=@OLD_UNIQUE_CHECKS */;
/*!40111 SET SQL_NOTES=@OLD_SQL_NOTES */;
/*!40101 SET SQL_MODE=@OLD_SQL_MODE */;
/*!40101 SET CHARACTER_SET_CLIENT=@OLD_CHARACTER_SET_CLIENT */;
/*!40101 SET CHARACTER_SET_RESULTS=@OLD_CHARACTER_SET_RESULTS */;
/*!40101 SET COLLATION_CONNECTION=@OLD_COLLATION_CONNECTION */;
