# Host: 127.0.0.1  (Version 5.5.23)
# Date: 2017-01-17 18:05:56
# Generator: MySQL-Front 5.4  (Build 4.144) - http://www.mysqlfront.de/

/*!40101 SET NAMES utf8 */;

#
# Structure for table "job_groups"
#

CREATE TABLE `job_groups` (
  `Id` int(11) NOT NULL AUTO_INCREMENT,
  `job_level_id` int(11) DEFAULT NULL,
  `notes` varchar(255) DEFAULT NULL,
  PRIMARY KEY (`Id`),
  KEY `job_level_id` (`job_level_id`),
  CONSTRAINT `job_groups_ibfk_1` FOREIGN KEY (`job_level_id`) REFERENCES `job_levels` (`Id`) ON DELETE CASCADE ON UPDATE CASCADE
) ENGINE=InnoDB AUTO_INCREMENT=14 DEFAULT CHARSET=utf8;

#
# Data for table "job_groups"
#

REPLACE INTO `job_groups` VALUES (1,1,'страна'),(2,2,NULL),(3,3,NULL),(4,3,NULL),(7,6,NULL),(8,6,NULL),(9,7,NULL),(10,7,NULL),(11,8,'актёр'),(12,8,'след стр.'),(13,9,'контент');

#
# Structure for table "job_regexp_type_ref"
#

CREATE TABLE `job_regexp_type_ref` (
  `Id` tinyint(3) NOT NULL DEFAULT '0',
  `refval` varchar(255) NOT NULL DEFAULT '',
  PRIMARY KEY (`Id`)
) ENGINE=InnoDB DEFAULT CHARSET=utf8;

#
# Data for table "job_regexp_type_ref"
#

REPLACE INTO `job_regexp_type_ref` VALUES (1,'accept if match in inside HTML');

#
# Structure for table "job_rules"
#

CREATE TABLE `job_rules` (
  `Id` int(11) NOT NULL AUTO_INCREMENT,
  `group_id` int(11) NOT NULL DEFAULT '0',
  `description` varchar(255) DEFAULT NULL,
  `container_offset` int(3) DEFAULT NULL,
  `critical_type` tinyint(3) DEFAULT NULL,
  PRIMARY KEY (`Id`),
  KEY `group_id` (`group_id`),
  CONSTRAINT `job_rules_ibfk_1` FOREIGN KEY (`group_id`) REFERENCES `job_groups` (`Id`) ON DELETE CASCADE ON UPDATE CASCADE
) ENGINE=InnoDB AUTO_INCREMENT=20 DEFAULT CHARSET=utf8;

#
# Data for table "job_rules"
#

REPLACE INTO `job_rules` VALUES (2,1,'ссылка на страну',2,1),(4,2,'ссылка на раздел Отели',0,2),(8,4,'ссылка на регион',8,1),(9,3,'след страница',0,2),(11,8,'ссылка на отель',9,2),(12,7,'след страница',0,2),(13,10,'альт название',0,0),(14,9,'название',0,2),(15,1,'страна',2,1),(16,11,'актёр ссылка',4,0),(17,11,'актёр имя',4,0),(18,12,'ссылка след стр.',0,0),(19,13,'инфа',0,0);

#
# Structure for table "job_rule_records"
#

CREATE TABLE `job_rule_records` (
  `Id` int(11) NOT NULL AUTO_INCREMENT,
  `job_rule_id` int(11) NOT NULL DEFAULT '0',
  `key` varchar(255) NOT NULL DEFAULT '',
  `type_refid` tinyint(3) NOT NULL DEFAULT '0',
  PRIMARY KEY (`Id`),
  KEY `job_rule_id` (`job_rule_id`),
  CONSTRAINT `job_rule_records_ibfk_1` FOREIGN KEY (`job_rule_id`) REFERENCES `job_rules` (`Id`) ON DELETE CASCADE ON UPDATE CASCADE
) ENGINE=InnoDB AUTO_INCREMENT=8 DEFAULT CHARSET=utf8;

#
# Data for table "job_rule_records"
#

REPLACE INTO `job_rule_records` VALUES (3,13,'alt_title',1),(4,14,'title',1),(5,15,'ru_country',1),(6,17,'actor_name',1),(7,19,'content',2);

#
# Structure for table "job_rule_links"
#

CREATE TABLE `job_rule_links` (
  `Id` int(11) NOT NULL AUTO_INCREMENT,
  `job_rule_id` int(11) NOT NULL DEFAULT '0',
  `level` int(11) NOT NULL DEFAULT '0',
  PRIMARY KEY (`Id`),
  KEY `job_rule_id` (`job_rule_id`),
  CONSTRAINT `job_rule_links_ibfk_1` FOREIGN KEY (`job_rule_id`) REFERENCES `job_rules` (`Id`) ON DELETE CASCADE ON UPDATE CASCADE
) ENGINE=InnoDB AUTO_INCREMENT=17 DEFAULT CHARSET=utf8;

#
# Data for table "job_rule_links"
#

REPLACE INTO `job_rule_links` VALUES (2,2,2),(4,4,3),(8,8,4),(9,9,3),(11,11,5),(12,12,4),(15,16,2),(16,18,1);

#
# Structure for table "job_regexp"
#

CREATE TABLE `job_regexp` (
  `Id` int(11) NOT NULL AUTO_INCREMENT,
  `job_rule_id` int(11) NOT NULL DEFAULT '0',
  `regexp` varchar(255) NOT NULL DEFAULT '',
  `type_refid` tinyint(3) NOT NULL DEFAULT '1',
  PRIMARY KEY (`Id`),
  KEY `job_rule_id` (`job_rule_id`),
  KEY `type_refid` (`type_refid`),
  CONSTRAINT `job_regexp_ibfk_2` FOREIGN KEY (`type_refid`) REFERENCES `job_regexp_type_ref` (`Id`),
  CONSTRAINT `job_regexp_ibfk_1` FOREIGN KEY (`job_rule_id`) REFERENCES `job_rules` (`Id`) ON DELETE CASCADE ON UPDATE CASCADE
) ENGINE=InnoDB AUTO_INCREMENT=8 DEFAULT CHARSET=utf8;

#
# Data for table "job_regexp"
#

REPLACE INTO `job_regexp` VALUES (1,2,'-g(\\d){3,}-',1),(2,4,'/Hotels-',1),(5,9,'-oa(\\d)+-',1),(7,18,'Следующая',1);

#
# Structure for table "job_nodes"
#

CREATE TABLE `job_nodes` (
  `Id` int(11) NOT NULL AUTO_INCREMENT,
  `job_rule_id` int(11) NOT NULL DEFAULT '0',
  `tag` varchar(255) NOT NULL DEFAULT '',
  `index` int(11) NOT NULL DEFAULT '0',
  `tag_id` varchar(255) DEFAULT NULL,
  `class` varchar(255) DEFAULT NULL,
  `name` varchar(255) DEFAULT NULL,
  PRIMARY KEY (`Id`),
  KEY `job_rule_id` (`job_rule_id`),
  CONSTRAINT `job_nodes_ibfk_1` FOREIGN KEY (`job_rule_id`) REFERENCES `job_rules` (`Id`) ON DELETE CASCADE ON UPDATE CASCADE
) ENGINE=InnoDB AUTO_INCREMENT=249 DEFAULT CHARSET=utf8;

#
# Data for table "job_nodes"
#

REPLACE INTO `job_nodes` VALUES (2,2,'HTML',1,NULL,NULL,NULL),(3,2,'BODY',1,NULL,'ltr domn_ru lang_ru long_prices globalNav2011_reset css_commerce_buttons flat_buttons sitewide xo_pin_user_review_to_top track_back',NULL),(4,2,'DIV',3,'PAGE',' non_hotels_like desktop scopedSearch',NULL),(5,2,'DIV',4,'MAINWRAP',' ',NULL),(6,2,'DIV',1,'MAIN','SiteIndex\r\n prodp13n_jfy_overflow_visible\r\n ',NULL),(7,2,'DIV',1,'BODYCON','col poolB adjust_padding new_meta_chevron_v2',NULL),(8,2,'DIV',2,NULL,'sectionCollection',NULL),(9,2,'DIV',1,NULL,'resizingMargins',NULL),(10,2,'DIV',1,'taplc_html_sitemap_payload_0','ppr_rup ppr_priv_html_sitemap_payload',NULL),(11,2,'DIV',1,NULL,'prw_rup prw_links_sitemap_container',NULL),(12,2,'DIV',1,NULL,'world_destinations container',NULL),(13,2,'UL',1,NULL,NULL,NULL),(14,2,'LI',1,NULL,NULL,NULL),(15,2,'A',1,NULL,NULL,NULL),(30,4,'HTML',1,NULL,NULL,NULL),(31,4,'BODY',1,NULL,'ltr domn_ru lang_ru long_prices globalNav2011_reset css_commerce_buttons flat_buttons sitewide xo_pin_user_review_to_top track_back',NULL),(32,4,'DIV',3,'PAGE',' non_hotels_like desktop scopedSearch',NULL),(33,4,'DIV',1,'HEAD','',NULL),(34,4,'DIV',1,NULL,'masthead\r\n masthead_war_dropdown_enabled masthead_notification_enabled\r\n ',NULL),(35,4,'DIV',2,NULL,' tabsBar',NULL),(36,4,'UL',1,NULL,'tabs',NULL),(37,4,'LI',2,NULL,'tabItem hvrIE6',NULL),(38,4,'A',1,NULL,'tabLink pid4965',NULL),(85,8,'HTML',1,NULL,NULL,NULL),(86,8,'BODY',1,NULL,'ltr domn_ru lang_ru long_prices globalNav2011_reset css_commerce_buttons flat_buttons sitewide xo_pin_user_review_to_top track_back',NULL),(87,8,'DIV',3,'PAGE',' hotels_like desktop scopedSearch withMapIcon bg_f8',NULL),(88,8,'DIV',3,'DEALSHOME',NULL,NULL),(89,8,'DIV',1,'MAIN',NULL,NULL),(90,8,'DIV',2,NULL,'maincontent rollup',NULL),(91,8,'DIV',1,'SDTOPDESTCONTENT','topdestinations rollup',NULL),(92,8,'DIV',1,'LOCATION_LIST','deckB',NULL),(93,8,'DIV',1,'BROAD_GRID',NULL,NULL),(94,8,'DIV',1,NULL,'geos_grid',NULL),(95,8,'DIV',1,NULL,'geos_row',NULL),(96,8,'DIV',1,NULL,'geo_wrap',NULL),(97,8,'DIV',1,NULL,'geo_entry',NULL),(98,8,'DIV',1,NULL,'geo_info',NULL),(99,8,'DIV',2,NULL,'geo_name',NULL),(100,8,'A',1,NULL,NULL,NULL),(101,9,'HTML',1,NULL,NULL,NULL),(102,9,'BODY',1,NULL,'ltr domn_ru lang_ru long_prices globalNav2011_reset css_commerce_buttons flat_buttons sitewide xo_pin_user_review_to_top track_back',NULL),(103,9,'DIV',3,'PAGE',' hotels_like desktop scopedSearch withMapIcon bg_f8',NULL),(104,9,'DIV',3,'DEALSHOME',NULL,NULL),(105,9,'DIV',1,'MAIN',NULL,NULL),(106,9,'DIV',2,NULL,'maincontent rollup',NULL),(107,9,'DIV',1,'SDTOPDESTCONTENT','topdestinations rollup',NULL),(108,9,'DIV',2,NULL,'deckTools btm',NULL),(109,9,'DIV',1,NULL,'unified pagination ',NULL),(110,9,'A',1,NULL,'nav next rndBtn ui_button primary taLnk',NULL),(131,11,'HTML',1,NULL,NULL,NULL),(132,11,'BODY',1,NULL,'ltr domn_ru lang_ru long_prices globalNav2011_reset css_commerce_buttons flat_buttons sitewide xo_pin_user_review_to_top track_back',NULL),(133,11,'DIV',3,'PAGE','meta_hotels hotels_like desktop scopedSearch withMapIcon bg_f8',NULL),(134,11,'DIV',6,'MAINWRAP',' hotels_lf_redesign flexChevron ',NULL),(135,11,'DIV',2,'MAIN','Hotels\r\n condense_filters prodp13n_jfy_overflow_visible\r\n ',NULL),(136,11,'DIV',1,'BODYCON','col poolA new_meta_chevron_v2',NULL),(137,11,'DIV',3,NULL,'gridA single_col_hotels txtLnkDropDown ',NULL),(138,11,'DIV',1,NULL,'col balance',NULL),(139,11,'DIV',5,'HAC_RESULTS',NULL,NULL),(140,11,'DIV',2,NULL,'hotels_list_placement',NULL),(141,11,'DIV',1,'taplc_hotels_list_short_cells2_0','ppr_rup ppr_priv_hotels_list_short_cells2',NULL),(142,11,'DIV',1,'ACCOM_OVERVIEW','deckA hacTabLIST shortCells long_prices noDates sbs txtLnkULHover bookingEnabled firstPage ',NULL),(143,11,'DIV',3,'hotel_3259472','listing easyClear p13n_imperfect ',NULL),(144,11,'DIV',1,NULL,'prw_rup prw_meta_short_cell_listing',NULL),(145,11,'DIV',1,NULL,'meta_listing easyClear metaCacheKey msk',NULL),(146,11,'DIV',1,NULL,'metaLocationInfo nonen',NULL),(147,11,'DIV',1,NULL,'property_details easyClear',NULL),(148,11,'DIV',1,NULL,'listing_info popIndexValidation styleguide_ratings',NULL),(149,11,'DIV',1,NULL,'listing_title',NULL),(150,11,'A',1,'property_3259472','property_title ',NULL),(151,12,'HTML',1,NULL,NULL,NULL),(152,12,'BODY',1,NULL,'ltr domn_ru lang_ru long_prices globalNav2011_reset css_commerce_buttons flat_buttons sitewide xo_pin_user_review_to_top track_back',NULL),(153,12,'DIV',3,'PAGE','meta_hotels hotels_like desktop scopedSearch withMapIcon bg_f8',NULL),(154,12,'DIV',6,'MAINWRAP',' hotels_lf_redesign flexChevron ',NULL),(155,12,'DIV',2,'MAIN','Hotels\r\n condense_filters prodp13n_jfy_overflow_visible\r\n ',NULL),(156,12,'DIV',1,'BODYCON','col poolB new_meta_chevron_v2',NULL),(157,12,'DIV',3,NULL,'gridA single_col_hotels txtLnkDropDown ',NULL),(158,12,'DIV',1,NULL,'col balance',NULL),(159,12,'DIV',5,'HAC_RESULTS',NULL,NULL),(160,12,'DIV',2,NULL,'hotels_list_placement',NULL),(161,12,'DIV',1,'taplc_hotels_list_short_cells2_0','ppr_rup ppr_priv_hotels_list_short_cells2',NULL),(162,12,'DIV',1,'ACCOM_OVERVIEW','deckA hacTabLIST shortCells long_prices noDates sbs txtLnkULHover bookingEnabled firstPage ',NULL),(163,12,'DIV',40,NULL,'deckTools easyClear unified_pagination',NULL),(164,12,'DIV',2,NULL,'prw_rup prw_common_standard_pagination',NULL),(165,12,'DIV',1,NULL,'unified pagination standard_pagination',NULL),(166,12,'A',1,NULL,'nav next ui_button primary taLnk',NULL),(167,13,'HTML',1,NULL,NULL,NULL),(168,13,'BODY',1,NULL,' fall_2013_refresh_hr_top css_commerce_buttons ltr domn_ru lang_ru long_prices globalNav2011_reset hr_tabs_placement_test tabs_below_meta hr_tabs content_blocks flat_buttons sitewide xo_pin_user_review_to_top track_back',NULL),(169,13,'DIV',3,'PAGE',' non_hotels_like desktop gutterAd scopedSearch bg_f8',NULL),(170,13,'DIV',5,'taplc_poi_header_0','ppr_rup ppr_priv_poi_header',NULL),(171,13,'DIV',1,NULL,'heading_2014 hr_heading',NULL),(172,13,'DIV',1,NULL,'header_container',NULL),(173,13,'DIV',1,NULL,'full_width',NULL),(174,13,'DIV',1,'HEADING_GROUP','',NULL),(175,13,'DIV',1,NULL,'headingWrapper easyClear ',NULL),(176,13,'DIV',1,NULL,'heading_name_wrapper',NULL),(177,13,'H1',1,'HEADING','heading_name with_alt_title limit_width_800',NULL),(178,13,'SPAN',1,NULL,'altHead',NULL),(179,14,'HTML',1,NULL,NULL,NULL),(180,14,'BODY',1,NULL,' fall_2013_refresh_hr_top css_commerce_buttons ltr domn_ru lang_ru long_prices globalNav2011_reset hr_tabs_placement_test tabs_below_meta hr_tabs content_blocks flat_buttons sitewide xo_pin_user_review_to_top track_back',NULL),(181,14,'DIV',3,'PAGE',' non_hotels_like desktop gutterAd scopedSearch bg_f8',NULL),(182,14,'DIV',5,'taplc_poi_header_0','ppr_rup ppr_priv_poi_header',NULL),(183,14,'DIV',1,NULL,'heading_2014 hr_heading',NULL),(184,14,'DIV',1,NULL,'header_container',NULL),(185,14,'DIV',1,NULL,'full_width',NULL),(186,14,'DIV',1,'HEADING_GROUP','',NULL),(187,14,'DIV',1,NULL,'headingWrapper easyClear ',NULL),(188,14,'DIV',1,NULL,'heading_name_wrapper',NULL),(189,14,'H1',1,'HEADING','heading_name with_alt_title limit_width_800',NULL),(190,15,'HTML',1,NULL,NULL,NULL),(191,15,'BODY',1,NULL,'ltr domn_ru lang_ru long_prices globalNav2011_reset css_commerce_buttons flat_buttons sitewide xo_pin_user_review_to_top track_back',NULL),(192,15,'DIV',3,'PAGE',' non_hotels_like desktop scopedSearch',NULL),(193,15,'DIV',5,'MAINWRAP',' ',NULL),(194,15,'DIV',1,'MAIN','SiteIndex\r\n prodp13n_jfy_overflow_visible\r\n ',NULL),(195,15,'DIV',1,'BODYCON','col poolA adjust_padding new_meta_chevron_v2',NULL),(196,15,'DIV',2,NULL,'sectionCollection',NULL),(197,15,'DIV',1,NULL,'resizingMargins',NULL),(198,15,'DIV',1,'taplc_html_sitemap_payload_0','ppr_rup ppr_priv_html_sitemap_payload',NULL),(199,15,'DIV',1,NULL,'prw_rup prw_links_sitemap_container',NULL),(200,15,'DIV',1,NULL,'world_destinations container',NULL),(201,15,'UL',1,NULL,NULL,NULL),(202,15,'LI',1,NULL,NULL,NULL),(203,15,'A',1,NULL,NULL,NULL),(205,16,'HTML',1,NULL,'client-js ve-available',NULL),(206,16,'BODY',1,NULL,'mediawiki ltr sitedir-ltr mw-hide-empty-elt ns-14 ns-subject page-Категория_Актёры_по_алфавиту rootpage-Категория_Актёры_по_алфавиту skin-vector action-view',NULL),(207,16,'DIV',3,'content','mw-body',NULL),(208,16,'DIV',3,'bodyContent','mw-body-content',NULL),(209,16,'DIV',4,'mw-content-text','mw-content-ltr',NULL),(210,16,'DIV',2,NULL,'mw-category-generated',NULL),(211,16,'DIV',2,'mw-pages',NULL,NULL),(212,16,'DIV',1,NULL,'mw-content-ltr',NULL),(213,16,'DIV',1,NULL,'mw-category',NULL),(214,16,'DIV',1,NULL,'mw-category-group',NULL),(215,16,'UL',1,NULL,NULL,NULL),(216,16,'LI',1,NULL,NULL,NULL),(217,16,'A',1,NULL,NULL,NULL),(218,17,'HTML',1,NULL,'client-js ve-available',NULL),(219,17,'BODY',1,NULL,'mediawiki ltr sitedir-ltr mw-hide-empty-elt ns-14 ns-subject page-Категория_Актёры_по_алфавиту rootpage-Категория_Актёры_по_алфавиту skin-vector action-view',NULL),(220,17,'DIV',3,'content','mw-body',NULL),(221,17,'DIV',3,'bodyContent','mw-body-content',NULL),(222,17,'DIV',4,'mw-content-text','mw-content-ltr',NULL),(223,17,'DIV',2,NULL,'mw-category-generated',NULL),(224,17,'DIV',2,'mw-pages',NULL,NULL),(225,17,'DIV',1,NULL,'mw-content-ltr',NULL),(226,17,'DIV',1,NULL,'mw-category',NULL),(227,17,'DIV',1,NULL,'mw-category-group',NULL),(228,17,'UL',1,NULL,NULL,NULL),(229,17,'LI',1,NULL,NULL,NULL),(230,17,'A',1,NULL,NULL,NULL),(231,18,'HTML',1,NULL,'client-js ve-available',NULL),(232,18,'BODY',1,NULL,'mediawiki ltr sitedir-ltr mw-hide-empty-elt ns-14 ns-subject page-Категория_Актёры_по_алфавиту rootpage-Категория_Актёры_по_алфавиту skin-vector action-view',NULL),(233,18,'DIV',3,'content','mw-body',NULL),(234,18,'DIV',3,'bodyContent','mw-body-content',NULL),(235,18,'DIV',4,'mw-content-text','mw-content-ltr',NULL),(236,18,'DIV',2,NULL,'mw-category-generated',NULL),(237,18,'DIV',2,'mw-pages',NULL,NULL),(238,18,'A',1,NULL,NULL,NULL),(243,19,'HTML',1,NULL,'client-js ve-available',NULL),(244,19,'BODY',1,NULL,'mediawiki ltr sitedir-ltr mw-hide-empty-elt ns-0 ns-subject page-50_Cent rootpage-50_Cent skin-vector action-view',NULL),(245,19,'DIV',3,'content','mw-body',NULL),(246,19,'DIV',3,'bodyContent','mw-body-content',NULL),(247,19,'DIV',4,'mw-content-text','mw-content-ltr',NULL);

#
# Structure for table "job_custom_procs"
#

CREATE TABLE `job_custom_procs` (
  `Id` int(11) NOT NULL AUTO_INCREMENT,
  `job_rule_id` int(10) NOT NULL DEFAULT '0',
  `custom_proc_name` varchar(255) NOT NULL DEFAULT '',
  PRIMARY KEY (`Id`),
  KEY `job_rule_id` (`job_rule_id`),
  CONSTRAINT `job_custom_procs_ibfk_1` FOREIGN KEY (`job_rule_id`) REFERENCES `job_rules` (`Id`) ON DELETE CASCADE ON UPDATE CASCADE
) ENGINE=InnoDB DEFAULT CHARSET=utf8;

#
# Data for table "job_custom_procs"
#

REPLACE INTO `job_custom_procs` VALUES (1,19,'RomanParsers_procWikiContent');

#
# Structure for table "jobs"
#

CREATE TABLE `jobs` (
  `Id` int(11) NOT NULL AUTO_INCREMENT,
  `caption` varchar(255) NOT NULL DEFAULT '',
  `zero_link` text NOT NULL,
  PRIMARY KEY (`Id`)
) ENGINE=InnoDB AUTO_INCREMENT=6 DEFAULT CHARSET=utf8;

#
# Data for table "jobs"
#

REPLACE INTO `jobs` VALUES (4,'TripAdvisor','https://www.tripadvisor.ru/SiteIndex'),(5,'Wiki Actors','https://ru.wikipedia.org/wiki/%D0%9A%D0%B0%D1%82%D0%B5%D0%B3%D0%BE%D1%80%D0%B8%D1%8F:%D0%90%D0%BA%D1%82%D1%91%D1%80%D1%8B_%D0%BF%D0%BE_%D0%B0%D0%BB%D1%84%D0%B0%D0%B2%D0%B8%D1%82%D1%83');

#
# Structure for table "job_levels"
#

CREATE TABLE `job_levels` (
  `Id` int(11) NOT NULL AUTO_INCREMENT,
  `job_id` int(11) NOT NULL DEFAULT '0',
  `level` int(11) NOT NULL DEFAULT '0',
  PRIMARY KEY (`Id`),
  UNIQUE KEY `job_level_unq` (`job_id`,`level`),
  KEY `job_id` (`job_id`),
  CONSTRAINT `job_levels_ibfk_1` FOREIGN KEY (`job_id`) REFERENCES `jobs` (`Id`) ON DELETE CASCADE ON UPDATE CASCADE
) ENGINE=InnoDB AUTO_INCREMENT=10 DEFAULT CHARSET=utf8;

#
# Data for table "job_levels"
#

REPLACE INTO `job_levels` VALUES (1,4,1),(2,4,2),(3,4,3),(6,4,4),(7,4,5),(8,5,1),(9,5,2);

#
# Structure for table "links"
#

CREATE TABLE `links` (
  `Id` int(11) NOT NULL AUTO_INCREMENT,
  `job_id` int(11) NOT NULL DEFAULT '0',
  `level` int(11) NOT NULL DEFAULT '0',
  `num` int(11) NOT NULL DEFAULT '0',
  `link` text NOT NULL,
  `link_hash` varchar(255) NOT NULL DEFAULT '',
  `handled` tinyint(3) DEFAULT NULL,
  PRIMARY KEY (`Id`),
  UNIQUE KEY `link_unq` (`job_id`,`link_hash`,`num`,`level`),
  KEY `job_id` (`job_id`,`handled`),
  CONSTRAINT `links_ibfk_1` FOREIGN KEY (`job_id`) REFERENCES `jobs` (`Id`) ON DELETE CASCADE ON UPDATE CASCADE
) ENGINE=InnoDB AUTO_INCREMENT=7272 DEFAULT CHARSET=utf8;

#
# Data for table "links"
#

REPLACE INTO `links` VALUES (7070,5,1,1,'https://ru.wikipedia.org/wiki/%D0%9A%D0%B0%D1%82%D0%B5%D0%B3%D0%BE%D1%80%D0%B8%D1%8F:%D0%90%D0%BA%D1%82%D1%91%D1%80%D1%8B_%D0%BF%D0%BE_%D0%B0%D0%BB%D1%84%D0%B0%D0%B2%D0%B8%D1%82%D1%83','f518495c4aeb7df47cd2dc0da0f045a2',2),(7071,5,2,1,'https://ru.wikipedia.org/wiki/50_Cent','afb51fefa2a88333e3a25bccc3397086',1),(7072,5,2,2,'https://ru.wikipedia.org/wiki/%D0%90%D0%B0%D0%B2,_%D0%A2%D1%8B%D0%BD%D1%83','dde3799ade225324b10c875917642634',1),(7073,5,2,3,'https://ru.wikipedia.org/wiki/%D0%90%D0%B0%D0%B2%D0%B8%D0%BA,_%D0%AD%D0%B2%D0%B0%D0%BB%D1%8C%D0%B4','d812239076188e7f43fb81f8e843828c',NULL),(7074,5,2,4,'https://ru.wikipedia.org/wiki/%D0%90%D0%B1%D0%B0%D0%B4%D0%B6%D1%8F%D0%BD,_%D0%92%D0%BB%D0%B0%D0%B4%D0%B8%D0%BC%D0%B8%D1%80_%D0%90%D0%BC%D0%B2%D1%80%D0%BE%D1%81%D1%8C%D0%B5%D0%B2%D0%B8%D1%87','538d9a8ec6f378dcda82aa73e8513e13',NULL),(7075,5,2,5,'https://ru.wikipedia.org/wiki/%D0%90%D0%B1%D0%B0%D0%B7%D0%BE%D0%BF%D1%83%D0%BB%D0%BE,_%D0%92%D0%BB%D0%B0%D0%B4%D0%B8%D0%BC%D0%B8%D1%80_%D0%9A%D0%BE%D0%BD%D1%81%D1%82%D0%B0%D0%BD%D1%82%D0%B8%D0%BD%D0%BE%D0%B2%D0%B8%D1%87','2b533980a2e3c3420cc774fe95d56eb7',NULL),(7076,5,2,6,'https://ru.wikipedia.org/wiki/%D0%90%D0%B1%D0%B0%D0%B7%D1%8F%D0%BD,_%D0%93%D0%B5%D0%B2%D0%BE%D1%80%D0%B3_%D0%9D%D0%B8%D0%BA%D0%BE%D0%BB%D0%B0%D0%B5%D0%B2%D0%B8%D1%87','d10bb46e25e3da2db688a067ddf9efbd',NULL),(7077,5,2,7,'https://ru.wikipedia.org/wiki/%D0%90%D0%B1%D0%B0%D0%B9%D0%B4%D1%83%D0%BB%D0%BE%D0%B2,_%D0%93%D0%B0%D0%BB%D0%B8_%D0%9C%D1%8F%D0%B3%D0%B0%D0%B7%D0%BE%D0%B2%D0%B8%D1%87','7c273c8668d0853d3d2f9caa465f63b1',NULL),(7078,5,2,8,'https://ru.wikipedia.org/wiki/%D0%90%D0%B1%D0%B0%D0%BA%D0%B0%D1%80%D0%BE%D0%B2,_%D0%90%D1%81%D1%85%D0%B0%D0%B1_%D0%A2%D0%B8%D0%BD%D0%B0%D0%BC%D0%B0%D0%B3%D0%BE%D0%BC%D0%B5%D0%B4%D0%BE%D0%B2%D0%B8%D1%87','9133d09813ae0a53cff3b19515cfe1f4',NULL),(7079,5,2,9,'https://ru.wikipedia.org/wiki/%D0%90%D0%B1%D0%B0%D0%BB%D1%8F%D0%BD,_%D0%AD%D0%B4%D1%83%D0%B0%D1%80%D0%B4_%D0%93%D0%B0%D0%B9%D0%BA%D0%BE%D0%B2%D0%B8%D1%87','baf0a4f47b44f13af6c5e77f9d734e0f',NULL),(7080,5,2,10,'https://ru.wikipedia.org/wiki/%D0%90%D0%B1%D0%B0%D1%88%D0%B5%D0%B2,_%D0%92%D0%BB%D0%B0%D0%B4%D0%B8%D0%BC%D0%B8%D1%80_%D0%92%D0%BB%D0%B0%D0%B4%D0%B8%D0%BC%D0%B8%D1%80%D0%BE%D0%B2%D0%B8%D1%87','9404c4d1b4a3e80a837a0c7f70b2f2b8',NULL),(7081,5,2,11,'https://ru.wikipedia.org/wiki/%D0%90%D0%B1%D0%B0%D1%88%D0%B8%D0%B4%D0%B7%D0%B5,_%D0%92%D0%B0%D1%81%D0%B8%D0%BB%D0%B8%D0%B9_%D0%90%D0%BB%D0%B5%D0%BA%D1%81%D0%B5%D0%B5%D0%B2%D0%B8%D1%87','615f3ca40fa4a71b927653374918e9af',NULL),(7082,5,2,12,'https://ru.wikipedia.org/wiki/%D0%90%D0%B1%D0%B0%D1%88%D0%B8%D0%B4%D0%B7%D0%B5,_%D0%94%D0%B0%D0%B2%D0%B8%D0%B4_%D0%98%D0%B2%D0%B0%D0%BD%D0%BE%D0%B2%D0%B8%D1%87','9bbe027472ea9214a6981a1b93ff26ab',NULL),(7083,5,2,13,'https://ru.wikipedia.org/wiki/%D0%90%D0%B1%D0%B0%D1%88%D0%B8%D0%B4%D0%B7%D0%B5,_%D0%9B%D0%B5%D0%B2%D0%B0%D0%BD','cd9666b1645e476d58be64d9df951e8c',NULL),(7084,5,2,14,'https://ru.wikipedia.org/wiki/%D0%90%D0%B1%D0%B1%D0%B0%D1%81%D0%BE%D0%B2,_%D0%90%D0%BB%D0%B0%D0%B4%D0%B4%D0%B8%D0%BD_%D0%90%D1%81%D0%BB%D0%B0%D0%BD_%D0%BE%D0%B3%D0%BB%D1%8B','3dc4b765f31ee333ae36e1c539066f89',NULL),(7085,5,2,15,'https://ru.wikipedia.org/wiki/%D0%90%D0%B1%D0%B1%D0%B0%D1%81%D0%BE%D0%B2,_%D0%93%D0%B0%D0%B4%D0%B6%D0%B8_%D0%90%D0%B3%D0%B0_%D0%9C%D1%83%D1%82%D0%B0%D0%BB%D0%B8%D0%B1_%D0%BE%D0%B3%D0%BB%D1%8B','3b987121e0873fdfd4295f33db4919e4',NULL),(7086,5,2,16,'https://ru.wikipedia.org/wiki/%D0%90%D0%B1%D0%B1%D0%B0%D1%81%D0%BE%D0%B2,_%D0%9C%D0%B8%D1%80%D0%B7%D0%B0_%D0%90%D0%BB%D0%B8','1b1250f4e7dde77dcd191511a3495627',NULL),(7087,5,2,17,'https://ru.wikipedia.org/wiki/%D0%90%D0%B1%D0%B4%D0%B5%D0%BB%D1%8C%D0%BC%D0%B0%D0%B4%D0%B6%D0%B8%D0%B4_%D0%9B%D0%B0%D1%85%D0%B0%D0%BB%D1%8C','e78b3fff5cb8112256e5460f13fc3cbc',NULL),(7088,5,2,18,'https://ru.wikipedia.org/wiki/%D0%90%D0%B1%D0%B4%D0%B8,_%D0%91%D0%B0%D1%80%D1%85%D0%B0%D0%B4','58fccc75b95e17f8184c12deeb9eb771',NULL),(7089,5,2,19,'https://ru.wikipedia.org/wiki/%D0%90%D0%B1%D0%B4%D0%B8%D0%BA%D0%B0%D1%80%D0%B8%D0%BC%D0%BE%D0%B2,_%D0%9C%D1%83%D0%B7%D0%B4%D1%8B%D0%B1%D0%B5%D0%BA','6b9312ae3a3c4cba64b2d943822881c4',NULL),(7090,5,2,20,'https://ru.wikipedia.org/wiki/%D0%90%D0%B1%D0%B4%D1%80%D0%B0%D0%B8%D0%BC%D0%BE%D0%B2,_%D0%A4%D0%B0%D1%80%D1%85%D0%B0%D1%82_%D0%9D%D1%83%D1%80%D1%81%D1%83%D0%BB%D1%82%D0%B0%D0%BD%D0%BE%D0%B2%D0%B8%D1%87','ca73739900a0a6ba8f6064e7529f4051',NULL),(7091,5,2,21,'https://ru.wikipedia.org/wiki/%D0%90%D0%B1%D0%B4%D1%80%D0%B0%D1%81%D1%83%D0%BB%D0%BE%D0%B2,_%D0%9A%D1%83%D1%80%D0%B2%D0%B0%D0%BD','af01603c69342b0e628b7bb4120c2e32',NULL),(7092,5,2,22,'https://ru.wikipedia.org/wiki/%D0%90%D0%B1%D0%B4%D1%80%D0%B0%D1%85%D0%B8%D0%BC%D0%BE%D0%B2,_%D0%9C%D0%B0%D1%80%D0%B0%D1%82_%D0%A7%D1%83%D0%BB%D0%BF%D0%B0%D0%BD%D0%BE%D0%B2%D0%B8%D1%87','a110ddc957e74086933b40dc1b5d9928',NULL),(7093,5,2,23,'https://ru.wikipedia.org/wiki/%D0%90%D0%B1%D0%B4%D1%80%D0%B0%D1%85%D0%BC%D0%B0%D0%BD%D0%BE%D0%B2,_%D0%90%D0%B1%D0%B4%D1%80%D0%B0%D1%88%D0%B8%D1%82_%D0%A5%D0%B0%D0%BA%D0%B8%D0%BC%D0%BE%D0%B2%D0%B8%D1%87','ed729df84736b19130d34f0d5c94f7a2',NULL),(7094,5,2,24,'https://ru.wikipedia.org/wiki/%D0%90%D0%B1%D0%B4%D1%83%D0%BA%D1%83%D0%BD%D0%B4%D1%83%D0%B7%D0%BE%D0%B2,_%D0%9C%D1%83%D1%85%D0%B0%D0%BC%D0%BC%D0%B0%D0%B4%D0%B0%D0%BB%D0%B8','d5880d7dfee2d661e317fe8a36301e2b',NULL),(7095,5,2,25,'https://ru.wikipedia.org/wiki/%D0%90%D0%B1%D0%B4%D1%83%D0%BB%D0%B0%D0%B5%D0%B2,_%D0%90%D0%BD%D0%B0%D1%82%D0%BE%D0%BB%D0%B8%D0%B9_%D0%93%D0%B0%D1%84%D0%B0%D1%80%D0%BE%D0%B2%D0%B8%D1%87','12850afd2b7490ee7d297f6079a375ff',NULL),(7096,5,2,26,'https://ru.wikipedia.org/wiki/%D0%90%D0%B1%D0%B4%D1%83%D0%BB%D0%BB%D0%B0%D0%B5%D0%B2,_%D0%9B%D1%8E%D1%82%D1%84%D0%B0%D0%BB%D0%B8_%D0%90%D0%BC%D0%B8%D1%80_%D0%BE%D0%B3%D0%BB%D1%8B','6edea2db3f5f65d45d8061bc18cd7308',NULL),(7097,5,2,27,'https://ru.wikipedia.org/wiki/%D0%90%D0%B1%D0%B4%D1%83%D0%BB%D0%BE%D0%B2,_%D0%90%D0%BB%D0%B5%D0%BA%D1%81%D0%B0%D0%BD%D0%B4%D1%80_%D0%93%D0%B0%D0%B2%D1%80%D0%B8%D0%B8%D0%BB%D0%BE%D0%B2%D0%B8%D1%87','d5059354ec159eddac258ced0f6a4e7e',NULL),(7098,5,2,28,'https://ru.wikipedia.org/wiki/%D0%90%D0%B1%D0%B4%D1%83%D0%BB%D0%BE%D0%B2,_%D0%92%D0%B8%D1%82%D0%B0%D0%BB%D0%B8%D0%B9_%D0%97%D0%B8%D0%BD%D1%83%D1%80%D0%BE%D0%B2%D0%B8%D1%87','e0296af6e223c9ad9283eef3a1244a76',NULL),(7099,5,2,29,'https://ru.wikipedia.org/wiki/%D0%90%D0%B1%D0%B4%D1%83%D0%BB%D0%BE%D0%B2,_%D0%92%D1%81%D0%B5%D0%B2%D0%BE%D0%BB%D0%BE%D0%B4_%D0%9E%D1%81%D0%B8%D0%BF%D0%BE%D0%B2%D0%B8%D1%87','8a7dc8ee1c348da90fc64f4238f6d800',NULL),(7100,5,2,30,'https://ru.wikipedia.org/wiki/%D0%90%D0%B1%D0%B4%D1%83%D0%BB%D0%BE%D0%B2,_%D0%93%D0%B0%D0%B2%D1%80%D0%B8%D0%B8%D0%BB_%D0%94%D0%B0%D0%BD%D0%B8%D0%BB%D0%BE%D0%B2%D0%B8%D1%87','0c37f41267988c99c1760e6234c39582',NULL),(7101,5,2,31,'https://ru.wikipedia.org/wiki/%D0%90%D0%B1%D0%B4%D1%83%D0%BB%D0%BE%D0%B2,_%D0%9E%D1%81%D0%B8%D0%BF_%D0%9D%D0%B0%D1%83%D0%BC%D0%BE%D0%B2%D0%B8%D1%87','51942bf45ea68ff8afd029cedaedf50f',NULL),(7102,5,2,32,'https://ru.wikipedia.org/wiki/%D0%90%D0%B1%D0%B4%D1%83%D0%BB%D1%85%D0%B0%D0%BB%D0%B8%D0%BA%D0%BE%D0%B2,_%D0%9C%D0%B0%D1%85%D0%BC%D1%83%D0%B4_%D0%90%D0%B1%D0%B4%D1%83%D0%BB%D1%85%D0%B0%D0%BB%D0%B8%D0%BA%D0%BE%D0%B2%D0%B8%D1%87','fd8961dcbdddf1f069419999ee58b4da',NULL),(7103,5,2,33,'https://ru.wikipedia.org/wiki/%D0%90%D0%B1%D0%B4%D1%83%D0%BB%D1%8C%D0%BC%D0%B0%D0%BD%D0%BE%D0%B2,_%D0%A0%D0%B8%D0%BC_%D0%A1%D0%B0%D0%BB%D0%B8%D0%BC%D1%8C%D1%8F%D0%BD%D0%BE%D0%B2%D0%B8%D1%87','fbac0c83815c25a69bc5ea05cd6551c1',NULL),(7104,5,2,34,'https://ru.wikipedia.org/wiki/%D0%90%D0%B1%D0%B4%D1%83%D1%80%D0%B0%D1%85%D0%BC%D0%B0%D0%BD%D0%BE%D0%B2,_%D0%9E%D1%81%D0%BC%D0%B0%D0%BD','d68d7ec798d07508d3a282463dc777f7',NULL),(7105,5,2,35,'https://ru.wikipedia.org/wiki/%D0%90%D0%B1%D0%B4%D1%83%D1%81%D0%B0%D0%BB%D0%B0%D0%BC%D0%BE%D0%B2,_%D0%A8%D0%B0%D0%B2%D0%BA%D0%B0%D1%82_%D0%A4%D0%B0%D0%B7%D0%B8%D0%BB%D0%BE%D0%B2%D0%B8%D1%87','7822fcc1a1b44aa3f54dcc17aff5ce32',NULL),(7106,5,2,36,'https://ru.wikipedia.org/wiki/%D0%90%D0%B1%D0%B4%D1%8B%D0%B3%D0%B0%D0%BF%D0%B0%D1%80%D0%BE%D0%B2,_%D0%94%D0%B0%D1%83%D0%BB%D0%B5%D1%82_%D0%90%D0%B1%D0%B4%D1%8B%D1%85%D0%B0%D0%BB%D0%B8%D0%BB%D0%BE%D0%B2%D0%B8%D1%87','246a534eca4985c1f277cff89d278493',NULL),(7107,5,2,37,'https://ru.wikipedia.org/wiki/%D0%90%D0%B1%D0%B5%D0%BB%D1%8C,_%D0%94%D0%B6%D0%B5%D0%B9%D0%BA','fa7a00b85d0dfc56ed2592c5618ca6ed',NULL),(7108,5,2,38,'https://ru.wikipedia.org/wiki/%D0%90%D0%B1%D0%B5%D0%BB%D1%8C,_%D0%97%D0%B0%D0%BA%D0%B0%D1%80%D0%B8','b461f3cdf621960429bd1d7d4908806d',NULL),(7109,5,2,39,'https://ru.wikipedia.org/wiki/%D0%90%D0%B1%D0%B5%D0%BB%D1%8F%D0%BD,_%D0%9E%D0%B2%D0%B0%D0%BD%D0%B5%D1%81_%D0%90%D1%80%D1%82%D0%B5%D0%BC%D1%8C%D0%B5%D0%B2%D0%B8%D1%87','d6bc3077780df74d86cf6b925a1a9817',NULL),(7110,5,2,40,'https://ru.wikipedia.org/wiki/%D0%90%D0%B1%D0%B6%D0%B0%D0%BB%D0%B8%D0%BB%D0%BE%D0%B2,_%D0%A5%D0%B0%D0%BB%D0%B8%D0%BB_%D0%93%D0%B0%D0%BB%D0%B5%D0%B5%D0%B2%D0%B8%D1%87','9e74dea3cf2a7f2f3a452b86f9b872e2',NULL),(7111,5,2,41,'https://ru.wikipedia.org/wiki/%D0%90%D0%B1%D0%BA%D0%B0%D1%80%D1%8F%D0%BD,_%D0%A1%D0%B8%D0%BC%D0%BE%D0%BD','b19bd2da8c68227881cff9592b6dafd0',NULL),(7112,5,2,42,'https://ru.wikipedia.org/wiki/%D0%90%D0%B1%D0%BE%D0%BB%D0%B8%D0%BD%D1%8C%D1%88,_%D0%93%D1%83%D0%BD%D0%B4%D0%B0%D1%80%D1%81','3c0fc289eaa45492e6341a0a7467e872',NULL),(7113,5,2,43,'https://ru.wikipedia.org/wiki/%D0%90%D0%B1%D0%BE%D0%BB%D0%B8%D0%BD%D1%8C%D1%88,_%D0%A2%D0%B0%D0%BB%D0%B8%D0%B2%D0%B0%D0%BB%D0%B4%D0%B8%D1%81','ec1dbd21fefcd7456fe8b71076def2b8',NULL),(7114,5,2,44,'https://ru.wikipedia.org/wiki/%D0%90%D0%B1%D1%80%D0%B0%D0%BC%D0%BE%D0%B2,_%D0%90%D0%BD%D0%B0%D1%82%D0%BE%D0%BB%D0%B8%D0%B9_%D0%92%D0%B0%D1%81%D0%B8%D0%BB%D1%8C%D0%B5%D0%B2%D0%B8%D1%87','1899ce95eb7af266db11ecd0ce663275',NULL),(7115,5,2,45,'https://ru.wikipedia.org/wiki/%D0%90%D0%B1%D1%80%D0%B0%D0%BC%D0%BE%D0%B2,_%D0%92%D0%B0%D0%B4%D0%B8%D0%BC_%D0%90%D0%BB%D0%B5%D0%BA%D1%81%D0%B0%D0%BD%D0%B4%D1%80%D0%BE%D0%B2%D0%B8%D1%87','eb21376ab924fd963e0d0cefb119b352',NULL),(7116,5,2,46,'https://ru.wikipedia.org/wiki/%D0%90%D0%B1%D1%80%D0%B0%D0%BC%D0%BE%D0%B2,_%D0%92%D0%B0%D0%BB%D0%B5%D0%BD%D1%82%D0%B8%D0%BD_%D0%90%D0%BB%D0%B5%D0%BA%D1%81%D0%B5%D0%B5%D0%B2%D0%B8%D1%87','49a752ae7b125e62a9883bd95dbdc981',NULL),(7117,5,2,47,'https://ru.wikipedia.org/wiki/%D0%90%D0%B1%D1%80%D0%B0%D0%BC%D0%BE%D0%B2,_%D0%9F%D1%91%D1%82%D1%80_%D0%92%D0%B0%D0%BB%D0%B5%D1%80%D1%8C%D0%B5%D0%B2%D0%B8%D1%87','4052f2f5b938a80ecd5b9b2ea2994bf5',NULL),(7118,5,2,48,'https://ru.wikipedia.org/wiki/%D0%90%D0%B1%D1%80%D0%B0%D0%BC%D1%81,_%D0%90%D0%B0%D1%80%D0%BE%D0%BD','220757a7246c681dbc7d65a407c0e7eb',NULL),(7119,5,2,49,'https://ru.wikipedia.org/wiki/%D0%90%D0%B1%D1%80%D0%B0%D0%BC%D1%81,_%D0%94%D0%B6%D0%B5%D1%84%D1%84%D1%80%D0%B8_%D0%94%D0%B6%D0%B5%D0%B9%D0%BA%D0%BE%D0%B1','a53d31be2e52ecb7ea3b0ef85f8e76e5',NULL),(7120,5,2,50,'https://ru.wikipedia.org/wiki/%D0%90%D0%B1%D1%80%D0%B0%D0%BC%D1%8F%D0%BD,_%D0%A5%D0%BE%D1%80%D0%B5%D0%BD_%D0%91%D0%B0%D0%B1%D0%BA%D0%B5%D0%BD%D0%BE%D0%B2%D0%B8%D1%87','14fd2392c69b715d116f0362681186e0',NULL),(7121,5,2,51,'https://ru.wikipedia.org/wiki/%D0%90%D0%B1%D1%80%D0%B0%D1%85%D0%B0%D0%BC,_%D0%94%D0%B6%D0%BE%D0%BD','03d1c21e4e6aa6e0efca7a039749d138',NULL),(7122,5,2,52,'https://ru.wikipedia.org/wiki/%D0%90%D0%B1%D1%80%D0%B0%D1%85%D0%B0%D0%BC,_%D0%A4._%D0%9C%D1%8E%D1%80%D1%80%D0%B5%D0%B9','b9ac1d7b076a1f36009778e91c166ebb',NULL),(7123,5,2,53,'https://ru.wikipedia.org/wiki/%D0%90%D0%B1%D1%80%D0%B0%D1%85%D0%B0%D0%BC%D1%81,_%D0%94%D0%B6%D0%BE%D0%BD','9a9d5ea913060a0219bcd54916a21807',NULL),(7124,5,2,54,'https://ru.wikipedia.org/wiki/%D0%90%D0%B1%D1%80%D0%B3%D0%B0%D0%BC,_%D0%99%D0%BE%D0%B7%D0%B5%D1%84','344df19854da09091431ddf3412656da',NULL),(7125,5,2,55,'https://ru.wikipedia.org/wiki/%D0%90%D0%B1%D1%80%D0%B8%D0%BA%D0%BE%D1%81%D0%BE%D0%B2,_%D0%90%D0%BD%D0%B4%D1%80%D0%B5%D0%B9_%D0%9B%D1%8C%D0%B2%D0%BE%D0%B2%D0%B8%D1%87','9f90c3df41672e4cf9812e0b6fa71440',NULL),(7126,5,2,56,'https://ru.wikipedia.org/wiki/%D0%90%D0%B1%D1%80%D0%B8%D0%BA%D0%BE%D1%81%D0%BE%D0%B2,_%D0%93%D1%80%D0%B8%D0%B3%D0%BE%D1%80%D0%B8%D0%B9_%D0%90%D0%BD%D0%B4%D1%80%D0%B5%D0%B5%D0%B2%D0%B8%D1%87','8edcd74c9f14eaede30b7da34ad750da',NULL),(7127,5,2,57,'https://ru.wikipedia.org/wiki/%D0%90%D0%B1%D1%80%D0%BE%D0%BB%D0%B0%D1%82,_%D0%92%D0%B5%D1%80%D0%BD%D0%B5%D1%80','5ad1d589a1165a763880e0a9b51ff2a2',NULL),(7128,5,2,58,'https://ru.wikipedia.org/wiki/%D0%90%D0%B1%D1%80%D0%BE%D1%81%D0%B8%D0%BC%D0%BE%D0%B2,_%D0%92%D0%BB%D0%B0%D0%B4%D0%B8%D0%BC%D0%B8%D1%80_%D0%A1%D0%B5%D1%80%D0%B3%D0%B5%D0%B5%D0%B2%D0%B8%D1%87','de0073f93fd8075cafac74e406ca0b13',NULL),(7129,5,2,59,'https://ru.wikipedia.org/wiki/%D0%90%D0%B1%D1%80%D0%BE%D1%81%D0%BA%D0%B8%D0%BD,_%D0%A1%D0%B5%D1%80%D0%B3%D0%B5%D0%B9_%D0%A1%D0%B5%D1%80%D0%B3%D0%B5%D0%B5%D0%B2%D0%B8%D1%87','7a20897e68006a00beecc50cf2a506b1',NULL),(7130,5,2,60,'https://ru.wikipedia.org/wiki/%D0%90%D0%B1%D1%82,_%D0%9A%D0%B0%D1%80%D0%BB_%D0%A4%D1%80%D0%B8%D0%B4%D1%80%D0%B8%D1%85','6288b9ced792af3d14873f8f12025325',NULL),(7131,5,2,61,'https://ru.wikipedia.org/wiki/%D0%90%D0%B1%D1%83%D1%88%D0%B0%D1%85%D0%BC%D0%B0%D0%BD%D0%BE%D0%B2,_%D0%90%D1%85%D1%82%D1%8F%D0%BC_%D0%90%D1%85%D0%B0%D1%82%D0%BE%D0%B2%D0%B8%D1%87','6961fb84010a6d417c307300d46d2e37',NULL),(7132,5,2,62,'https://ru.wikipedia.org/wiki/%D0%90%D0%B1%D1%8D,_%D0%AE%D1%82%D0%B0%D0%BA%D0%B0','f6287b00fd50196c1a0d5f11fceceaf1',NULL),(7133,5,2,63,'https://ru.wikipedia.org/wiki/%D0%90%D0%B2%D0%B0%D0%BB%D0%B8%D0%B0%D0%BD%D0%B8,_%D0%9D%D0%BE%D0%B9_%D0%98%D0%B2%D0%B0%D0%BD%D0%BE%D0%B2%D0%B8%D1%87','2f65f991425730e5f55860ca1246d34c',NULL),(7134,5,2,64,'https://ru.wikipedia.org/wiki/%D0%90%D0%B2%D0%B0%D0%BB%D0%BE%D1%81,_%D0%9B%D1%83%D0%B8%D1%81','fda764c82c9c0d15011f9edc15d8331c',NULL),(7135,5,2,65,'https://ru.wikipedia.org/wiki/%D0%90%D0%B2%D0%B0%D0%BD%D0%B4%D0%B8,_%D0%9C%D1%8F%D1%80%D1%82','3763574bff958b47a249d94808b6d2ff',NULL),(7136,5,2,66,'https://ru.wikipedia.org/wiki/%D0%90%D0%B2%D0%B0%D1%80%D0%B8,_%D0%AD%D1%80%D0%B8%D0%BA','580a0cbd94b98f04fcf4bb6f373aa1ed',NULL),(7137,5,2,67,'https://ru.wikipedia.org/wiki/%D0%90%D0%B2%D0%B4%D1%8E%D1%88%D0%BA%D0%BE,_%D0%92%D0%B8%D0%BA%D1%82%D0%BE%D1%80_%D0%90%D0%BD%D1%82%D0%BE%D0%BD%D0%BE%D0%B2%D0%B8%D1%87','5b777017df036d525c30cba8741d4c9a',NULL),(7138,5,2,68,'https://ru.wikipedia.org/wiki/%D0%90%D0%B2%D0%B5%D0%B4%D0%B8%D0%BA%D1%8F%D0%BD,_%D0%A1%D0%B5%D1%80%D0%B6','2c7ef171492420257863f90e22efb693',NULL),(7139,5,2,69,'https://ru.wikipedia.org/wiki/%D0%90%D0%B2%D0%B5%D0%BD%D1%81,_%D0%A5%D0%B0%D1%80%D0%B8%D0%B9','d435d3ad7aae280e0a87114c8b3fc171',NULL),(7140,5,2,70,'https://ru.wikipedia.org/wiki/%D0%90%D0%B2%D0%B5%D1%80%D0%B8%D0%BD,_%D0%9C%D0%B0%D0%BA%D1%81%D0%B8%D0%BC_%D0%92%D0%B8%D0%BA%D1%82%D0%BE%D1%80%D0%BE%D0%B2%D0%B8%D1%87','b9777a6f3f53deeb8a655a70f1d0b7f2',NULL),(7141,5,2,71,'https://ru.wikipedia.org/wiki/%D0%90%D0%B2%D0%B5%D1%80%D0%B8%D0%BD,_%D0%AE%D1%80%D0%B8%D0%B9_%D0%98%D0%B2%D0%B0%D0%BD%D0%BE%D0%B2%D0%B8%D1%87','e2c330a20306cc00bc1457a2f5c2ae9a',NULL),(7142,5,2,72,'https://ru.wikipedia.org/wiki/%D0%90%D0%B2%D0%B5%D1%80%D1%8E%D1%88%D0%BA%D0%B8%D0%BD,_%D0%9D%D0%B8%D0%BA%D0%BE%D0%BB%D0%B0%D0%B9_%D0%92%D0%BB%D0%B0%D0%B4%D0%B8%D0%BC%D0%B8%D1%80%D0%BE%D0%B2%D0%B8%D1%87','47e8eab00c7d83d8cf41ea4d96e3917f',NULL),(7143,5,2,73,'https://ru.wikipedia.org/wiki/%D0%90%D0%B2%D0%B5%D1%82%D0%B8%D1%81%D1%8F%D0%BD,_%D0%90%D0%B2%D0%B5%D1%82_%D0%9C%D0%B0%D1%80%D0%BA%D0%BE%D1%81%D0%BE%D0%B2%D0%B8%D1%87','619fc1ee6f0f0a137593347c85c28948',NULL),(7144,5,2,74,'https://ru.wikipedia.org/wiki/%D0%90%D0%B2%D0%B5%D1%82%D1%8F%D0%BD,_%D0%93%D1%80%D0%B8%D0%B3%D0%BE%D1%80_%D0%9A%D0%B0%D1%80%D0%B0%D0%BF%D0%B5%D1%82%D0%BE%D0%B2%D0%B8%D1%87','0c225b4a71ca10565e6bc366e0cf79d0',NULL),(7145,5,2,75,'https://ru.wikipedia.org/wiki/%D0%90%D0%B2%D0%B8%D0%BB%D0%B5%D1%81,_%D0%A0%D0%B8%D0%BA','848b09d26795b84fa7d138511dbec5fe',NULL),(7146,5,2,76,'https://ru.wikipedia.org/wiki/%D0%90%D0%B2%D0%B8%D0%BB%D0%BE%D0%B2,_%D0%92%D0%B8%D0%BA%D1%82%D0%BE%D1%80_%D0%92%D0%B0%D1%81%D0%B8%D0%BB%D1%8C%D0%B5%D0%B2%D0%B8%D1%87','bda9759f7f1c022a2fb471c81e74ca2d',NULL),(7147,5,2,77,'https://ru.wikipedia.org/wiki/%D0%90%D0%B2%D0%BD%D0%B8,_%D0%90%D0%BA%D0%B8','ea8ce1e57be181fe79bdc4d2e6c17d2d',NULL),(7148,5,2,78,'https://ru.wikipedia.org/wiki/%D0%90%D0%B2%D0%BE%D1%82%D1%81,_%D0%AD%D0%BD%D1%80%D0%B8%D0%BA%D0%BE','da8266d02c7902c9d172ee1d2b180ae1',NULL),(7149,5,2,79,'https://ru.wikipedia.org/wiki/%D0%90%D0%B2%D1%80%D0%B0%D0%BC%D0%BE%D0%B2,_%D0%98%D0%B2%D0%B0%D0%BD_%D0%98%D0%B2%D0%B0%D0%BD%D0%BE%D0%B2%D0%B8%D1%87','491b19dbe16db3e53326c65019cd0092',NULL),(7150,5,2,80,'https://ru.wikipedia.org/wiki/%D0%90%D0%B2%D1%88%D0%B0%D1%80%D0%BE%D0%B2,_%D0%9C%D1%83%D1%85%D1%82%D0%B0%D1%80_%D0%93%D0%B0%D1%81%D0%B0%D0%BD_%D0%BE%D0%B3%D0%BB%D1%83','84a3987a76d9d527dca6e55babcccd8a',NULL),(7151,5,2,81,'https://ru.wikipedia.org/wiki/%D0%90%D0%B2%D1%88%D0%B0%D1%80%D0%BE%D0%B2,_%D0%AE%D1%80%D0%B8%D0%B9_%D0%9C%D0%B8%D1%85%D0%B0%D0%B9%D0%BB%D0%BE%D0%B2%D0%B8%D1%87','45d7df0e7f03117d2396d7646ce7b254',NULL),(7152,5,2,82,'https://ru.wikipedia.org/wiki/%D0%90%D0%B3%D0%B0-%D0%9C%D0%B8%D1%80%D0%B7%D0%B0%D0%B5%D0%B2,_%D0%9C%D1%83%D1%85%D1%82%D0%B0%D1%80_%D0%9A%D0%B0%D1%80%D0%B4%D0%B0%D1%88%D1%85%D0%B0%D0%BD%D0%BE%D0%B2%D0%B8%D1%87','7423fd3863ddf3ea27152cea99579c3a',NULL),(7153,5,2,83,'https://ru.wikipedia.org/wiki/%D0%90%D0%B3%D0%B0%D0%B5%D0%B2,_%D0%90%D0%BB%D0%B8%D0%B0%D0%B3%D0%B0_%D0%98%D1%81%D0%BC%D0%B0%D0%B8%D0%BB_%D0%BE%D0%B3%D0%BB%D1%8B','39474a5bb565312233701912cb8eb681',NULL),(7154,5,2,84,'https://ru.wikipedia.org/wiki/%D0%90%D0%B3%D0%B0%D0%B5%D0%B2,_%D0%9E%D0%BA%D1%82%D0%B0%D0%B9_%D0%91%D0%B0%D1%85%D1%80%D0%B0%D0%BC_%D0%BE%D0%B3%D0%BB%D1%8B','2d1c21d633dc93428df240c505b0d26a',NULL),(7155,5,2,85,'https://ru.wikipedia.org/wiki/%D0%90%D0%B3%D0%B0%D0%BC%D0%B8%D1%80%D0%B7%D1%8F%D0%BD,_%D0%A0%D1%83%D0%B1%D0%B5%D0%BD_%D0%A1%D0%B5%D1%80%D0%B3%D0%B5%D0%B5%D0%B2%D0%B8%D1%87','bbfceda6fc3336b434eb54be8378608f',NULL),(7156,5,2,86,'https://ru.wikipedia.org/wiki/%D0%90%D0%B3%D0%B0%D0%BF%D0%BE%D0%B2,_%D0%98%D0%B2%D0%B0%D0%BD_%D0%92%D0%B0%D0%BB%D0%B5%D1%80%D1%8C%D0%B5%D0%B2%D0%B8%D1%87','c683eab9b0c1bfd8176876bcca64eaee',NULL),(7157,5,2,87,'https://ru.wikipedia.org/wiki/%D0%90%D0%B3%D0%B0%D1%80,_%D0%94%D0%B6%D0%BE%D0%BD','7ef67f64f6379864c5f42e2c8b212f80',NULL),(7158,5,2,88,'https://ru.wikipedia.org/wiki/%D0%90%D0%B3%D0%B0%D1%84%D0%BE%D0%BD%D0%BE%D0%B2,_%D0%98%D0%B2%D0%B0%D0%BD_%D0%90%D0%B3%D0%B5%D0%B5%D0%B2%D0%B8%D1%87','18cca856c5a30faf457b1a555351ea0f',NULL),(7159,5,2,89,'https://ru.wikipedia.org/wiki/%D0%90%D0%B3%D0%B2%D0%B0%D0%B0%D0%BD%D1%86%D1%8D%D1%80%D1%8D%D0%BD%D0%B3%D0%B8%D0%B9%D0%BD_%D0%AD%D0%BD%D1%85%D1%82%D0%B0%D0%B9%D0%B2%D0%B0%D0%BD','d13b11fe3e7c3bb6cf76ffe950aad5fb',NULL),(7160,5,2,90,'https://ru.wikipedia.org/wiki/%D0%90%D0%B3%D0%B5%D0%B5%D0%B2,_%D0%92%D0%B8%D0%BA%D1%82%D0%BE%D1%80_%D0%98%D0%B2%D0%B0%D0%BD%D0%BE%D0%B2%D0%B8%D1%87_(%D0%B0%D0%BA%D1%82%D1%91%D1%80)','3a542f443a55dd31eb2ef9a1c8dcdf75',NULL),(7161,5,2,91,'https://ru.wikipedia.org/wiki/%D0%90%D0%B3%D0%B5%D0%B5%D0%B2,_%D0%95%D0%B2%D0%B3%D0%B5%D0%BD%D0%B8%D0%B9_%D0%98%D0%B2%D0%B0%D0%BD%D0%BE%D0%B2%D0%B8%D1%87','eda5b5e44140e42ecdb11d093ea3644c',NULL),(7162,5,2,92,'https://ru.wikipedia.org/wiki/%D0%90%D0%B3%D0%B5%D0%B5%D0%B2,_%D0%98%D0%B3%D0%BE%D1%80%D1%8C_%D0%92%D0%B0%D0%BB%D0%B5%D0%BD%D1%82%D0%B8%D0%BD%D0%BE%D0%B2%D0%B8%D1%87','df961e6936662ac685d9d41de2157ff0',NULL),(7163,5,2,93,'https://ru.wikipedia.org/wiki/%D0%90%D0%B3%D0%B5%D0%B5%D0%B2,_%D0%A0%D0%BE%D0%BC%D0%B0%D0%BD_%D0%9E%D0%BB%D0%B5%D0%B3%D0%BE%D0%B2%D0%B8%D1%87','fa805788d4d0931a5c2502a2158ee24a',NULL),(7164,5,2,94,'https://ru.wikipedia.org/wiki/%D0%90%D0%B3%D0%B7%D0%B0%D0%BC%D0%BE%D0%B2,_%D0%AE%D0%BB%D0%B4%D0%B0%D1%88','69680e7ff777d7b318995b9a30cf6517',NULL),(7165,5,2,95,'https://ru.wikipedia.org/wiki/%D0%90%D0%B3%D0%BE%D0%BF%D1%8C%D1%8F%D0%BD,_%D0%90%D0%BB%D0%B5%D0%BA%D1%81%D0%B5%D0%B9_%D0%9C%D0%B8%D0%B3%D1%80%D0%B0%D0%BD%D0%BE%D0%B2%D0%B8%D1%87','ccbb70b2b7f7c7581233d9b6747fdd7a',NULL),(7166,5,2,96,'https://ru.wikipedia.org/wiki/%D0%90%D0%B3%D1%80%D0%B0%D0%BD%D0%BE%D0%B2%D0%B8%D1%87,_%D0%90%D0%BB%D0%B5%D0%BA%D1%81%D0%B5%D0%B9_%D0%9C%D0%B8%D1%85%D0%B0%D0%B9%D0%BB%D0%BE%D0%B2%D0%B8%D1%87','d6c793eed4fc8e5795fd127b8c8dce2a',NULL),(7167,5,2,97,'https://ru.wikipedia.org/wiki/%D0%90%D0%B3%D1%83%D1%81%D1%82%D0%B8%D0%BD_%D0%9B%D0%B0%D1%80%D0%B0','6a00bc7f8ff4c678e9a5d2215f7102e7',NULL),(7168,5,2,98,'https://ru.wikipedia.org/wiki/%D0%90%D0%B4%D0%B0%D0%B1%D0%B0%D1%88%D1%8C%D1%8F%D0%BD,_%D0%90%D0%BB%D0%B5%D0%BA%D1%81%D0%B0%D0%BD%D0%B4%D1%80_%D0%90%D1%80%D1%82%D1%91%D0%BC%D0%BE%D0%B2%D0%B8%D1%87','806a649a2687d22f3260ac9034a4a671',NULL),(7169,5,2,99,'https://ru.wikipedia.org/wiki/%D0%90%D0%B4%D0%B0%D0%BC_%D0%90%D0%BD%D1%82','dec92d2bdda94996f985ad3cc64faeef',NULL),(7170,5,2,100,'https://ru.wikipedia.org/wiki/%D0%90%D0%B4%D0%B0%D0%BC%D0%B1%D0%B0%D0%B5%D0%B2,_%D0%9D%D1%83%D1%80%D1%82%D0%B0%D1%81_%D0%90%D0%B1%D0%B0%D0%B5%D0%B2%D0%B8%D1%87','056bc802973c876791cfa6f4c26c067b',NULL),(7171,5,2,101,'https://ru.wikipedia.org/wiki/%D0%90%D0%B4%D0%B0%D0%BC%D0%B5,_%D0%90%D0%BB%D1%8C%D1%84%D1%80%D0%B5%D0%B4%D0%BE','891c976010c8c45aebf8cc409603fa3e',NULL),(7172,5,2,102,'https://ru.wikipedia.org/wiki/%D0%90%D0%B4%D0%B0%D0%BC%D0%B5%D0%BD%D0%BA%D0%BE,_%D0%93%D1%80%D0%B8%D0%B3%D0%BE%D1%80%D0%B8%D0%B9_%D0%90%D0%BD%D0%B0%D1%82%D0%BE%D0%BB%D1%8C%D0%B5%D0%B2%D0%B8%D1%87','2bbdbb56be118f58213ae5bd61112875',NULL),(7173,5,2,103,'https://ru.wikipedia.org/wiki/%D0%90%D0%B4%D0%B0%D0%BC%D1%81,_%D0%94%D0%B6%D0%BE%D0%BD%D0%B0%D1%82%D0%B0%D0%BD','61a422e55125114c09f6a7b802124206',NULL),(7174,5,2,104,'https://ru.wikipedia.org/wiki/%D0%94%D0%BE%D0%BD_%D0%90%D0%B4%D0%B0%D0%BC%D1%81','7f59a60d67cb4497d8f20284b240a29b',NULL),(7175,5,2,105,'https://ru.wikipedia.org/wiki/%D0%90%D0%B4%D0%B0%D0%BC%D1%81,_%D0%9C%D0%B5%D0%B9%D1%81%D0%BE%D0%BD','337a11dfddfa71d3ea5699f257c5c66e',NULL),(7176,5,2,106,'https://ru.wikipedia.org/wiki/%D0%90%D0%B4%D0%B0%D0%BC%D1%81,_%D0%9F%D0%B0%D1%82%D1%80%D0%B8%D0%BA_%D0%94%D0%B6%D0%B5%D0%B9','d07b6ad0ecb3f4704bfe55cbfbe7ac14',NULL),(7177,5,2,107,'https://ru.wikipedia.org/wiki/%D0%90%D0%B4%D0%B0%D0%BC%D1%81,_%D0%A1%D0%B8_%D0%94%D0%B6%D0%B5%D0%B9','4514c9e2da144e4ff8afa7d2fc2388a1',NULL),(7178,5,2,108,'https://ru.wikipedia.org/wiki/%D0%90%D0%B4%D0%B0%D0%BC%D1%82%D1%83%D1%8D%D0%B9%D1%82,_%D0%9C%D0%B0%D0%B9%D0%BA%D0%BB','9bff5c83bbe5df9f87ad234e49895d13',NULL),(7179,5,2,109,'https://ru.wikipedia.org/wiki/%D0%90%D0%B4%D0%B0%D0%BC%D1%8F%D0%BD,_%D0%9F%D0%B5%D1%82%D1%80%D0%BE%D1%81_%D0%98%D0%B5%D1%80%D0%BE%D0%BD%D0%B8%D0%BC%D0%BE%D0%B2%D0%B8%D1%87','b64eadf1dfa0f00e3c9fdc0e23617188',NULL),(7180,5,2,110,'https://ru.wikipedia.org/wiki/%D0%90%D0%B4%D0%B0%D1%81%D0%B8%D0%BD%D1%81%D0%BA%D0%B8%D0%B9,_%D0%90%D0%BD%D1%82%D0%BE%D0%BD_%D0%90%D0%BB%D0%B5%D0%BA%D1%81%D0%B0%D0%BD%D0%B4%D1%80%D0%BE%D0%B2%D0%B8%D1%87','aeab1165c866d0ef8005f84203b1aa3e',NULL),(7181,5,2,111,'https://ru.wikipedia.org/wiki/%D0%90%D0%B4%D0%B0%D1%88%D0%B5%D0%B2,_%D0%90%D0%BB%D0%B5%D0%BA%D1%81%D0%B0%D0%BD%D0%B4%D1%80_%D0%98%D0%B2%D0%B0%D0%BD%D0%BE%D0%B2%D0%B8%D1%87','71f3611c1721915a420cb666d03f1b81',NULL),(7182,5,2,112,'https://ru.wikipedia.org/wiki/%D0%90%D0%B4%D0%B0%D1%88%D0%B5%D0%B2,_%D0%A0%D0%B0%D0%B4%D0%B6%D0%B0%D0%B1_%D0%A5%D0%B0%D0%BB%D0%B8%D0%BC%D0%BE%D0%B2%D0%B8%D1%87','127da9c688fff01b6ba6b1ff71defcbb',NULL),(7183,5,2,113,'https://ru.wikipedia.org/wiki/%D0%90%D0%B4%D0%B0%D1%88%D0%B5%D0%B2%D1%81%D0%BA%D0%B8%D0%B9,_%D0%9A%D0%BE%D0%BD%D1%81%D1%82%D0%B0%D0%BD%D1%82%D0%B8%D0%BD_%D0%98%D0%B3%D0%BD%D0%B0%D1%82%D1%8C%D0%B5%D0%B2%D0%B8%D1%87','8db80f86198d4700186983928b2bb0f2',NULL),(7184,5,2,114,'https://ru.wikipedia.org/wiki/%D0%90%D0%B4%D0%B5%D0%BB%D1%8C_%D0%98%D0%BC%D0%B0%D0%BC','bda76415c3d244639547331ed7b5b48a',NULL),(7185,5,2,115,'https://ru.wikipedia.org/wiki/%D0%90%D0%B4%D0%B5%D0%BB%D1%8C%D1%88%D1%82%D0%B5%D0%B9%D0%BD,_%D0%9F%D0%BE%D0%BB','34cc2692d73575f27083e08420399df2',NULL),(7186,5,2,116,'https://ru.wikipedia.org/wiki/%D0%90%D0%B4%D0%B5%D1%80%D0%BC%D0%B0%D0%BD%D0%B8%D1%81,_%D0%98%D0%BC%D0%B0%D0%BD%D1%82%D1%81','60bcb50828e0a44f5dda0a9000837c29',NULL),(7187,5,2,117,'https://ru.wikipedia.org/wiki/%D0%90%D0%B4%D0%B6%D0%B5%D0%BC%D1%8F%D0%BD,_%D0%92%D0%B0%D1%80%D1%82%D0%B0%D0%BD_%D0%9C%D0%BA%D1%80%D1%82%D0%B8%D1%87%D0%B5%D0%B2%D0%B8%D1%87','4abfb9aa98550593e8a969da8a48995a',NULL),(7188,5,2,118,'https://ru.wikipedia.org/wiki/%D0%90%D0%B4%D0%B7%D1%83%D0%BC%D0%B0,_%D0%A2%D0%B8%D1%91%D0%BD%D0%BE%D1%81%D1%83%D0%BA%D1%8D','4d70984cc05f0cbc760639adb068afc2',NULL),(7189,5,2,119,'https://ru.wikipedia.org/wiki/%D0%90%D0%B4%D0%BB%D0%B5%D1%80,_%D0%AF%D0%BA%D0%BE%D0%B2','79e2c3847c331d5b08ea4d5a7d3f0c7d',NULL),(7190,5,2,120,'https://ru.wikipedia.org/wiki/%D0%90%D0%B4%D0%BE%D0%BC%D0%B0%D0%B9%D1%82%D0%B8%D1%81,_%D0%A0%D0%B5%D0%B3%D0%B8%D0%BC%D0%B0%D0%BD%D1%82%D0%B0%D1%81_%D0%92%D0%B0%D0%B9%D1%82%D0%BA%D1%83%D1%81%D0%BE%D0%B2%D0%B8%D1%87','b9b27a7d29bad788dd79199ce0c1caeb',NULL),(7191,5,2,121,'https://ru.wikipedia.org/wiki/%D0%90%D0%B4%D0%BE%D1%80%D1%84,_%D0%9C%D0%B0%D1%80%D0%B8%D0%BE','a760863456cf4376f7438f0b50a69647',NULL),(7192,5,2,122,'https://ru.wikipedia.org/wiki/%D0%90%D0%B4%D0%BE%D1%81%D0%BA%D0%B8%D0%BD,_%D0%90%D0%BD%D0%B0%D1%82%D0%BE%D0%BB%D0%B8%D0%B9_%D0%9C%D0%B8%D1%85%D0%B0%D0%B9%D0%BB%D0%BE%D0%B2%D0%B8%D1%87','44c3fb7fdd4d1ea797c3a22c6a4078e0',NULL),(7193,5,2,123,'https://ru.wikipedia.org/wiki/%D0%90%D0%B4%D0%BE%D1%82%D0%B8,_%D0%A0%D0%B0%D0%B7%D0%B0%D0%B0%D0%BA','4e445fa7a16f50a04bb7cc3a05a58f72',NULL),(7194,5,2,124,'https://ru.wikipedia.org/wiki/%D0%90%D0%B4%D1%8B%D0%B3%D1%91%D0%B7%D0%B0%D0%BB%D0%BE%D0%B2,_%D0%A2%D0%B5%D0%BB%D1%8C%D0%BC%D0%B0%D0%BD_%D0%90%D0%B1%D0%B1%D0%B0%D1%81%D0%B3%D1%83%D0%BB%D1%83_%D0%BE%D0%B3%D0%BB%D1%8B','0d5dfb467a46ff2e8429df50147fbcdf',NULL),(7195,5,2,125,'https://ru.wikipedia.org/wiki/%D0%90%D0%B7%D0%B0%D1%80%D0%B8%D0%B0,_%D0%A5%D1%8D%D0%BD%D0%BA','1a0896239ec2d5664684ecc475759944',NULL),(7196,5,2,126,'https://ru.wikipedia.org/wiki/%D0%90%D0%B7%D0%B0%D1%80%D0%B8%D0%BD,_%D0%90%D0%B7%D0%B0%D1%80%D0%B8%D0%B9_%D0%9C%D0%B8%D1%85%D0%B0%D0%B9%D0%BB%D0%BE%D0%B2%D0%B8%D1%87','ffddb09578c06a86296846c07c6e6613',NULL),(7197,5,2,127,'https://ru.wikipedia.org/wiki/%D0%90%D0%B7%D0%B8%D0%B7%D0%B8,_%D0%AD%D0%BD%D1%82%D0%BE%D0%BD%D0%B8','6e47739ee7732caf04a4e6fa69a0d4bd',NULL),(7198,5,2,128,'https://ru.wikipedia.org/wiki/%D0%90%D0%B7%D0%B8%D0%B7%D0%BE%D0%B2,_%D0%A2%D1%83%D1%80%D0%B3%D1%83%D0%BD_%D0%A2%D1%83%D1%80%D1%81%D1%83%D0%BD%D0%BE%D0%B2%D0%B8%D1%87','9b1407f33519695ce3213fd4e7214be6',NULL),(7199,5,2,129,'https://ru.wikipedia.org/wiki/%D0%90%D0%B7%D0%B8%D0%B7%D0%BE%D0%B2,_%D0%AD%D0%BB%D1%8C%D1%87%D0%B8%D0%BD_%D0%AF%D1%88%D0%B0%D1%80_%D0%BE%D0%B3%D0%BB%D1%8B','db04b1e9d2a622a802da53cd0a0f7d51',NULL),(7200,5,2,130,'https://ru.wikipedia.org/wiki/%D0%90%D0%B7%D0%B8%D0%BC%D0%BE%D0%B2,_%D0%A5%D0%B0%D0%BC%D0%B8%D1%82_%D0%9C%D1%83%D1%85%D0%B0%D0%BC%D0%B5%D1%82%D0%BE%D0%B2%D0%B8%D1%87','191bc6b4ecd0fbbb7688fddf12ea94a7',NULL),(7201,5,2,131,'https://ru.wikipedia.org/wiki/%D0%90%D0%B7%D0%BD%D0%B0%D0%B2%D1%83%D1%80,_%D0%9C%D0%B8%D1%88%D0%B0','b5b89d7caaabc22c94d1e46a0b016be0',NULL),(7202,5,2,132,'https://ru.wikipedia.org/wiki/%D0%90%D0%B7%D0%BE,_%D0%90%D0%BD%D0%B0%D1%82%D0%BE%D0%BB%D0%B8%D0%B9_%D0%93%D0%B5%D0%BE%D1%80%D0%B3%D0%B8%D0%B5%D0%B2%D0%B8%D1%87','42f1acd42999e5c7645f4c178979e071',NULL),(7203,5,2,133,'https://ru.wikipedia.org/wiki/%D0%90%D0%B9,_%D0%98%D1%85%D1%81%D0%B0%D0%BD','927b501866b30af662a61ef3987fd47b',NULL),(7204,5,2,134,'https://ru.wikipedia.org/wiki/%D0%90%D0%B9%D0%B2%D0%B0%D0%B7%D0%BE%D0%B2,_%D0%90%D0%BB%D0%B5%D0%BA%D1%81%D0%B0%D0%BD%D0%B4%D1%80_%D0%AD%D0%BC%D0%B8%D0%BB%D1%8C%D0%B5%D0%B2%D0%B8%D1%87','33de9d33fc7b2ea1de1e03c3dde74319',NULL),(7205,5,2,135,'https://ru.wikipedia.org/wiki/%D0%90%D0%B9%D0%B2%D0%B0%D0%B7%D1%8F%D0%BD,_%D0%91%D0%B0%D0%B3%D0%B4%D0%B0%D1%81%D0%B0%D1%80_%D0%90%D1%80%D1%82%D1%91%D0%BC%D0%BE%D0%B2%D0%B8%D1%87','0b1cf358632f54d076112c8dfdc2646a',NULL),(7206,5,2,136,'https://ru.wikipedia.org/wiki/%D0%90%D0%B9%D0%B2%D0%B7,_%D0%91%D1%91%D1%80%D0%BB','24aedf9181c567b9570adadce46a6c65',NULL),(7207,5,2,137,'https://ru.wikipedia.org/wiki/%D0%90%D0%B9%D0%B4%D0%B0%D1%80%D0%BE%D0%B2,_%D0%A1%D0%B5%D1%80%D0%B3%D0%B5%D0%B9_%D0%92%D0%B0%D1%81%D0%B8%D0%BB%D1%8C%D0%B5%D0%B2%D0%B8%D1%87','4151d2176227e8cb5c0bdab440d50f92',NULL),(7208,5,2,138,'https://ru.wikipedia.org/wiki/%D0%90%D0%B9%D0%B4%D0%BB,_%D0%AD%D1%80%D0%B8%D0%BA','7271a0391b53192c79621d76220a5391',NULL),(7209,5,2,139,'https://ru.wikipedia.org/wiki/%D0%90%D0%B9%D0%B5%D0%BB%D0%BB%D0%BE,_%D0%94%D1%8D%D0%BD%D0%BD%D0%B8','28f5af3f8474b6bc606379d46ba2a413',NULL),(7210,5,2,140,'https://ru.wikipedia.org/wiki/%D0%90%D0%B9%D0%B7%D0%B5%D0%BA,_%D0%9E%D1%81%D0%BA%D0%B0%D1%80','ad71db8ba51e0d4c9e66f9cb5cfdd262',NULL),(7211,5,2,141,'https://ru.wikipedia.org/wiki/%D0%90%D0%B9%D0%B7%D0%B5%D0%BA%D1%81,_%D0%94%D0%B6%D0%B5%D0%B9%D1%81%D0%BE%D0%BD','0d38f2956788129414fa6c9e9b458114',NULL),(7212,5,2,142,'https://ru.wikipedia.org/wiki/%D0%90%D0%B9%D0%B7%D0%B5%D0%BD%D0%B1%D0%B5%D1%80%D0%B3,_%D0%94%D0%B6%D0%B5%D1%81%D1%81%D0%B8','b63d0d89ce6bb260f6dc5639d0099d35',NULL),(7213,5,2,143,'https://ru.wikipedia.org/wiki/%D0%90%D0%B9%D0%B7%D0%B8%D0%BA%D0%BE%D0%B2%D0%B8%D1%87,_%D0%9C%D0%B0%D1%80%D0%BA_%D0%9B%D1%8C%D0%B2%D0%BE%D0%B2%D0%B8%D1%87','b26de39859c24d146c60dd4493fd3a1f',NULL),(7214,5,2,144,'https://ru.wikipedia.org/wiki/%D0%90%D0%B9%D0%B7%D0%BC%D0%B0%D0%BD,_%D0%9D%D0%B8%D0%BA%D0%BE%D0%BB%D0%B0%D0%B9_%D0%A1%D0%BF%D0%B8%D1%80%D0%B8%D0%B4%D0%BE%D0%BD%D0%BE%D0%B2%D0%B8%D1%87','f3f7a641fd99773a4e6cf2cfff2fa9a5',NULL),(7215,5,2,145,'https://ru.wikipedia.org/wiki/%D0%90%D0%B9%D0%BC%D0%B0%D0%BD%D0%BE%D0%B2,_%D0%A8%D0%B0%D0%BA%D0%B5%D0%BD_%D0%9A%D0%B5%D0%BD%D0%B6%D0%B5%D1%82%D0%B0%D0%B5%D0%B2%D0%B8%D1%87','cfcaa2c3b9845594144c01b5f4c86e22',NULL),(7216,5,2,146,'https://ru.wikipedia.org/wiki/%D0%90%D0%B9%D0%BD%D0%B5%D1%81%D0%BE%D0%BD,_%D0%A0%D0%B0%D0%BB%D1%8C%D1%84','97ac04098dbf4a3c83c609c98dfef110',NULL),(7217,5,2,147,'https://ru.wikipedia.org/wiki/%D0%90%D0%B9%D0%BE%D0%B0%D0%B4%D0%B8,_%D0%A0%D0%B8%D1%87%D0%B0%D1%80%D0%B4','b402983f2eb74c98ae66df36d9bea440',NULL),(7218,5,2,148,'https://ru.wikipedia.org/wiki/%D0%90%D0%B9%D1%80%D0%BB%D0%B5%D0%BD%D0%B4,_%D0%94%D0%B6%D0%BE%D0%BD_(%D0%B0%D0%BA%D1%82%D1%91%D1%80)','099c2312b9e67b771556a6b9d7b1e38e',NULL),(7219,5,2,149,'https://ru.wikipedia.org/wiki/%D0%90%D0%B9%D1%80%D0%BE%D0%BD%D1%81,_%D0%94%D0%B6%D0%B5%D1%80%D0%B5%D0%BC%D0%B8','e8028f0f7c198f3430edb215756924da',NULL),(7220,5,2,150,'https://ru.wikipedia.org/wiki/%D0%90%D0%B9%D1%80%D0%BE%D0%BD%D1%81,_%D0%9C%D0%B0%D0%BA%D1%81','b8ed0f2d0a3840ee63eae0ec4fe7c936',NULL),(7221,5,2,151,'https://ru.wikipedia.org/wiki/%D0%90%D0%B9%D1%80%D0%BE%D0%BD%D1%81%D0%B0%D0%B9%D0%B4,_%D0%9C%D0%B0%D0%B9%D0%BA%D0%BB','a7fed1554cc3b82104659c7c38154626',NULL),(7222,5,2,152,'https://ru.wikipedia.org/wiki/%D0%90%D0%B9%D1%82%D0%BE%D1%80_%D0%9B%D1%83%D0%BD%D0%B0','b9776b0e670c089bbcbe6f870320075a',NULL),(7223,5,2,153,'https://ru.wikipedia.org/wiki/%D0%90%D0%B9%D1%85%D0%B3%D0%BE%D1%80%D0%BD,_%D0%92%D0%B5%D1%80%D0%BD%D0%B5%D1%80','8ff4f9008bcd93df20a84b0edf93b77f',NULL),(7224,5,2,154,'https://ru.wikipedia.org/wiki/%D0%90%D0%B9%D1%85%D0%B3%D0%BE%D1%80%D0%BD,_%D0%9A%D1%80%D0%B8%D1%81%D1%82%D0%BE%D1%84','982305643dbe4449028484ad34c038a8',NULL),(7225,5,2,155,'https://ru.wikipedia.org/wiki/%D0%90%D0%BA%D0%B0%D0%BD%D0%B8%D1%81%D0%B8,_%D0%94%D0%B7%D0%B8%D0%BD','5c2ed24e56f9af5620f688f2175798a3',NULL),(7226,5,2,156,'https://ru.wikipedia.org/wiki/%D0%90%D0%BA%D0%B0%D1%80%D1%81%D1%83,_%D0%91%D0%B0%D1%80%D1%8B%D1%88','738dcd72ee79a85b50fb5a600dbf9246',NULL),(7227,5,2,157,'https://ru.wikipedia.org/wiki/%D0%90%D0%BA%D0%B0%D1%88%D0%BA%D0%B8%D0%BD,_%D0%92%D1%8F%D1%87%D0%B5%D1%81%D0%BB%D0%B0%D0%B2_%D0%9F%D0%B0%D0%B2%D0%BB%D0%BE%D0%B2%D0%B8%D1%87','f083bff96d91d8ac75a0b2d698eec640',NULL),(7228,5,2,158,'https://ru.wikipedia.org/wiki/%D0%90%D0%BA%D0%B4%D0%B5%D0%BD%D0%B8%D0%B7,_%D0%94%D0%B5%D0%BD%D0%B8%D0%B7','b050b0053f62d617d082415e4d836c9f',NULL),(7229,5,2,159,'https://ru.wikipedia.org/wiki/%D0%90%D0%BA%D0%B8%D0%BC%D0%BA%D0%B8%D0%BD,_%D0%9F%D0%B0%D0%B2%D0%B5%D0%BB_%D0%92%D0%BB%D0%B0%D0%B4%D0%B8%D0%BC%D0%B8%D1%80%D0%BE%D0%B2%D0%B8%D1%87','a0c065aed60c3e7f5b6bb7c10d4804a0',NULL),(7230,5,2,160,'https://ru.wikipedia.org/wiki/%D0%90%D0%BA%D0%B8%D0%BC%D0%BE%D0%B2,_%D0%92%D0%B8%D0%BA%D1%82%D0%BE%D1%80_%D0%90%D0%BA%D0%B8%D0%BC%D0%BE%D0%B2%D0%B8%D1%87','3f44ed6b45ed82ef38e57f2e2b204970',NULL),(7231,5,2,161,'https://ru.wikipedia.org/wiki/%D0%90%D0%BA%D0%B8%D0%BD,_%D0%A4%D0%B0%D1%82%D0%B8%D1%85','5740330e83aeab9c27ef769a1a068e4d',NULL),(7232,5,2,162,'https://ru.wikipedia.org/wiki/%D0%90%D0%BA%D0%B8%D0%BD%D0%BD%D1%83%D0%BE%D0%B9%D0%B5-%D0%90%D0%B3%D0%B1%D0%B0%D0%B4%D0%B6%D0%B5,_%D0%90%D0%B4%D0%B5%D0%B2%D0%B0%D0%BB%D0%B5','314be10a2abf4ab8109470f09ce1bffb',NULL),(7233,5,2,163,'https://ru.wikipedia.org/wiki/%D0%90%D0%BA%D0%BA%D0%B5%D1%80%D0%BC%D0%B0%D0%BD,_%D0%9A%D0%BE%D0%BD%D1%80%D0%B0%D0%B4_%D0%AD%D1%80%D0%BD%D1%81%D1%82','c915e9cbe72d943a62d863b34b59e0d4',NULL),(7234,5,2,164,'https://ru.wikipedia.org/wiki/%D0%90%D0%BA%D0%BA%D0%B8%D0%BD%D0%B5%D0%BD%D0%B8_%D0%9D%D0%B0%D0%B3%D0%B5%D1%81%D0%B2%D0%B0%D1%80%D0%B0_%D0%A0%D0%B0%D0%BE','9eddba1a2fe4f1c9728d2d531e4fdbe1',NULL),(7235,5,2,165,'https://ru.wikipedia.org/wiki/%D0%90%D0%BA%D0%BE%D0%BF%D1%8F%D0%BD,_%D0%90%D0%BC%D0%B0%D1%8F%D0%BA_%D0%90%D1%80%D1%83%D1%82%D1%8E%D0%BD%D0%BE%D0%B2%D0%B8%D1%87','7f2c685f125bd1ea1bdbd36e3cc4a487',NULL),(7236,5,2,166,'https://ru.wikipedia.org/wiki/%D0%90%D0%BA%D0%BE%D0%BF%D1%8F%D0%BD,_%D0%90%D1%80%D1%83%D1%82%D1%8E%D0%BD_%D0%90%D0%BC%D0%B0%D1%8F%D0%BA%D0%BE%D0%B2%D0%B8%D1%87','8bd477fcd4161b1620711421a97b5782',NULL),(7237,5,2,167,'https://ru.wikipedia.org/wiki/%D0%90%D0%BA%D0%BE%D0%BF%D1%8F%D0%BD,_%D0%A0%D0%BE%D0%B1%D0%B5%D1%80%D1%82_%D0%94%D1%83%D1%80%D0%BC%D0%B8%D1%88%D1%85%D0%B0%D0%BD%D0%BE%D0%B2%D0%B8%D1%87','eede570ad9ec4d65c827159e6d397e81',NULL),(7238,5,2,168,'https://ru.wikipedia.org/wiki/%D0%90%D0%BA%D1%80%D0%B0%D1%87%D0%BA%D0%BE%D0%B2,_%D0%98%D0%B3%D0%BD%D0%B0%D1%82%D0%B8%D0%B9_%D0%A0%D0%BE%D0%BC%D0%B0%D0%BD%D0%BE%D0%B2%D0%B8%D1%87','6a8d19b29a6f770db2f8a9b5e2630492',NULL),(7239,5,2,169,'https://ru.wikipedia.org/wiki/%D0%90%D0%BA%D1%81%D0%B5%D0%BB%D1%8C_%D1%84%D0%BE%D0%BD_%D0%90%D0%BC%D0%B1%D1%80%D0%B5%D1%81%D1%81%D0%B5%D1%80','492824d85dc753e478c4d2410374ed2e',NULL),(7240,5,2,170,'https://ru.wikipedia.org/wiki/%D0%90%D0%BA%D1%81%D1%91%D0%BD%D0%BE%D0%B2,_%D0%91%D1%8D%D0%BD%D0%BE_%D0%9C%D0%B0%D0%BA%D1%81%D0%BE%D0%B2%D0%B8%D1%87','b9d33cefb91cd5564fd9093baaeb6fc3',NULL),(7241,5,2,171,'https://ru.wikipedia.org/wiki/%D0%90%D0%BA%D1%81%D1%91%D0%BD%D0%BE%D0%B2,_%D0%92%D1%81%D0%B5%D0%B2%D0%BE%D0%BB%D0%BE%D0%B4_%D0%9D%D0%B8%D0%BA%D0%BE%D0%BB%D0%B0%D0%B5%D0%B2%D0%B8%D1%87','97d2a553ea80349bdd4c7638a0763eda',NULL),(7242,5,2,172,'https://ru.wikipedia.org/wiki/%D0%90%D0%BA%D1%83%D0%BB%D0%B8%D1%87,_%D0%9E%D0%BB%D0%B5%D0%B3_%D0%90%D0%BB%D0%B5%D0%BA%D1%81%D0%B0%D0%BD%D0%B4%D1%80%D0%BE%D0%B2%D0%B8%D1%87','e1b0cba5653d3e2ea8f5e99c692f9fc4',NULL),(7243,5,2,173,'https://ru.wikipedia.org/wiki/%D0%90%D0%BA%D1%83%D0%BD%D1%8C%D1%8F,_%D0%94%D0%B6%D0%B5%D0%B9%D1%81%D0%BE%D0%BD','d74e6fa1f42ebf4e150f3322e6b8082f',NULL),(7244,5,2,174,'https://ru.wikipedia.org/wiki/%D0%90%D0%BA%D1%83%D1%80%D0%B0%D1%82%D0%B5%D1%80%D1%81,_%D0%92%D0%BE%D0%BB%D0%B4%D0%B5%D0%BC%D0%B0%D1%80','f9655fb2cfe7544c7dbc2205a54f9d5f',NULL),(7245,5,2,175,'https://ru.wikipedia.org/wiki/%D0%90%D0%BB%D0%B0%D0%B7%D1%80%D0%B0%D0%BA%D0%B8,_%D0%9A%D0%B0%D1%80%D0%BB%D0%BE%D1%81','411d18b3a480e583e4a27cfd64b84929',NULL),(7246,5,2,176,'https://ru.wikipedia.org/wiki/%D0%90%D0%BB%D0%B0%D0%B9%D0%BC%D0%BE,_%D0%9C%D0%B0%D1%80%D0%BA','cae8dbd6e9379d8caf5246213d1b8d51',NULL),(7247,5,2,177,'https://ru.wikipedia.org/wiki/%D0%90%D0%BB%D0%B0%D0%BC%D0%B3%D0%B8%D1%80_(%D0%B0%D0%BA%D1%82%D1%91%D1%80)','2336287aa7625b5f9ab1a93e699106e3',NULL),(7248,5,2,178,'https://ru.wikipedia.org/wiki/%D0%90%D0%BB%D0%B0%D0%BC%D0%BE,_%D0%A0%D0%BE%D0%B1%D0%B5%D1%80%D1%82%D0%BE','e08f1b650740aa6aef922ce02dd43989',NULL),(7249,5,2,179,'https://ru.wikipedia.org/wiki/%D0%90%D0%BB%D0%B0%D0%BD_%D0%9A%D1%91%D1%80%D1%82%D0%B8%D1%81','47471bf9feeeb042c720972aadacb700',NULL),(7250,5,2,180,'https://ru.wikipedia.org/wiki/%D0%90%D0%BB%D0%B0%D0%BD_%D0%9C%D0%B0%D1%83%D0%B1%D1%80%D1%8D%D0%B9','7b94da21bc245eb0be0b38c2f85d3da5',NULL),(7251,5,2,181,'https://ru.wikipedia.org/wiki/%D0%90%D0%BB%D0%B0%D1%81%D0%BA%D0%B8,_%D0%94%D0%B6%D0%BE','202919e8e643fef690a40fd379f749ba',NULL),(7252,5,2,182,'https://ru.wikipedia.org/wiki/%D0%90%D0%BB%D0%B1%D0%B0%D1%80%D0%BD,_%D0%94%D0%B5%D0%B9%D0%BC%D0%BE%D0%BD','2ad1cedb9fad2a806aa25746b1fdce65',NULL),(7253,5,2,183,'https://ru.wikipedia.org/wiki/%D0%90%D0%BB%D0%B1%D1%83%D0%BB%D0%B5%D1%81%D0%BA%D1%83,_%D0%9C%D0%B8%D1%80%D1%87%D0%B0','53f2ff7b197f3050a8fb7a0c830774c4',NULL),(7254,5,2,184,'https://ru.wikipedia.org/wiki/%D0%90%D0%BB%D0%B0%D0%BD_%D0%90%D0%BB%D0%B4%D0%B0','18f4f11cc6bbb51dae0cd2bce5c6a7a5',NULL),(7255,5,2,185,'https://ru.wikipedia.org/wiki/%D0%90%D0%BB%D0%B4%D0%BE%D1%88%D0%B8%D0%BD,_%D0%92%D0%B8%D0%BA%D1%82%D0%BE%D1%80_%D0%9F%D0%B0%D0%B2%D0%BB%D0%BE%D0%B2%D0%B8%D1%87','ddf766b39991b8b0bece9afbd9bb26cf',NULL),(7256,5,2,186,'https://ru.wikipedia.org/wiki/%D0%90%D0%BB%D0%B5%D0%B9%D0%BD%D0%B8%D0%BA%D0%BE%D0%B2,_%D0%9F%D1%91%D1%82%D1%80_%D0%9C%D0%B0%D1%80%D1%82%D1%8B%D0%BD%D0%BE%D0%B2%D0%B8%D1%87','ac609cf0fdd54f1af5c75aac60c46f13',NULL),(7257,5,2,187,'https://ru.wikipedia.org/wiki/%D0%90%D0%BB%D0%B5%D0%BA%D0%BF%D0%B5%D1%80%D0%BE%D0%B2,_%D0%90%D0%BB%D0%B5%D1%81%D0%BA%D0%B5%D1%80_%D0%93%D0%B0%D0%B4%D0%B6%D0%B8_%D0%90%D0%B3%D0%B0_%D0%BE%D0%B3%D0%BB%D1%8B','feb1070cc8547c5c54dfbbda9fe27856',NULL),(7258,5,2,188,'https://ru.wikipedia.org/wiki/%D0%90%D0%BB%D0%B5%D0%BA%D0%BF%D0%B5%D1%80%D0%BE%D0%B2,_%D0%A8%D0%B0%D1%85%D0%BC%D0%B0%D1%80_%D0%97%D1%83%D0%BB%D1%8C%D1%84%D1%83%D0%B3%D0%B0%D1%80_%D0%BE%D0%B3%D0%BB%D1%8B','b92985051a8fdf8174a5c077d9e8eb2d',NULL),(7259,5,2,189,'https://ru.wikipedia.org/wiki/%D0%90%D0%BB%D0%B5%D0%BA%D1%81%D0%B0%D0%BD%D0%B4%D0%B5%D1%80,_%D0%94%D0%B6%D0%B5%D0%B9%D1%81%D0%BE%D0%BD','a2564c94f6b498865a4d949ea5908fd2',NULL),(7260,5,2,190,'https://ru.wikipedia.org/wiki/%D0%90%D0%BB%D0%B5%D0%BA%D1%81%D0%B0%D0%BD%D0%B4%D0%B5%D1%80,_%D0%9E%D0%BB%D0%BB%D0%B8','8c9690846c7a601b2c6c539addb5b967',NULL),(7261,5,2,191,'https://ru.wikipedia.org/wiki/%D0%90%D0%BB%D0%B5%D0%BA%D1%81%D0%B0%D0%BD%D0%B4%D0%B5%D1%80,_%D0%9F%D0%B5%D1%82%D0%B5%D1%80','8766c26bd25aceec0b2245e31a7fe6ac',NULL),(7262,5,2,192,'https://ru.wikipedia.org/wiki/%D0%90%D0%BB%D0%B5%D0%BA%D1%81%D0%B0%D0%BD%D0%B4%D1%80,_%D0%94%D0%B6%D0%BE%D0%BD_(%D0%B0%D0%BA%D1%82%D1%91%D1%80)','a6f511fc1c21474faba7805e3b2fd58e',NULL),(7263,5,2,193,'https://ru.wikipedia.org/wiki/%D0%90%D0%BB%D0%B5%D0%BA%D1%81%D0%B0%D0%BD%D0%B4%D1%80%D0%B8%D0%BD,_%D0%90%D0%BD%D0%B4%D1%80%D0%B5%D0%B9_%D0%90%D0%BB%D0%B5%D0%BA%D1%81%D0%B0%D0%BD%D0%B4%D1%80%D0%BE%D0%B2%D0%B8%D1%87','b402ba0fcdb535edca31e13c0eda51fb',NULL),(7264,5,2,194,'https://ru.wikipedia.org/wiki/%D0%90%D0%BB%D0%B5%D0%BA%D1%81%D0%B0%D0%BD%D0%B4%D1%80%D0%BE%D0%B2,_%D0%90%D0%BB%D0%B5%D0%BA%D1%81%D0%B0%D0%BD%D0%B4%D1%80_%D0%9B%D0%B5%D0%BE%D0%BD%D0%B0%D1%80%D0%B4%D0%BE%D0%B2%D0%B8%D1%87','176f1e57c9491d7e9b266209aed13baa',NULL),(7265,5,2,195,'https://ru.wikipedia.org/wiki/%D0%90%D0%BB%D0%B5%D0%BA%D1%81%D0%B0%D0%BD%D0%B4%D1%80%D0%BE%D0%B2,_%D0%90%D0%BB%D0%B5%D0%BA%D1%81%D0%B0%D0%BD%D0%B4%D1%80_%D0%A1%D0%B5%D1%80%D0%B3%D0%B5%D0%B5%D0%B2%D0%B8%D1%87_(%D0%B0%D0%BA%D1%82%D1%91%D1%80)','e439611127a2b4d8b2a8fd981468dc61',NULL),(7266,5,2,196,'https://ru.wikipedia.org/wiki/%D0%90%D0%BB%D0%B5%D0%BA%D1%81%D0%B0%D0%BD%D0%B4%D1%80%D0%BE%D0%B2,_%D0%91%D0%BE%D1%80%D0%B8%D1%81_%D0%92%D0%BB%D0%B0%D0%B4%D0%B8%D0%BC%D0%B8%D1%80%D0%BE%D0%B2%D0%B8%D1%87','a8eed385ec8f6ca8cf3bafb0e9a9861f',NULL),(7267,5,2,197,'https://ru.wikipedia.org/wiki/%D0%90%D0%BB%D0%B5%D0%BA%D1%81%D0%B0%D0%BD%D0%B4%D1%80%D0%BE%D0%B2,_%D0%92%D0%B0%D0%B4%D0%B8%D0%BC_%D0%90%D0%BB%D0%B5%D0%BA%D1%81%D0%B0%D0%BD%D0%B4%D1%80%D0%BE%D0%B2%D0%B8%D1%87_(%D0%B0%D0%BA%D1%82%D1%91%D1%80)','7cb30261fb1cc222b7e2b98d2b46d896',NULL),(7268,5,2,198,'https://ru.wikipedia.org/wiki/%D0%90%D0%BB%D0%B5%D0%BA%D1%81%D0%B0%D0%BD%D0%B4%D1%80%D0%BE%D0%B2,_%D0%93%D1%80%D0%B8%D0%B3%D0%BE%D1%80%D0%B8%D0%B9_%D0%92%D0%B0%D1%81%D0%B8%D0%BB%D1%8C%D0%B5%D0%B2%D0%B8%D1%87_(%D1%80%D0%B5%D0%B6%D0%B8%D1%81%D1%81%D1%91%D1%80)','4b82873cea85e62147dff9416f20ada7',NULL),(7269,5,2,199,'https://ru.wikipedia.org/wiki/%D0%90%D0%BB%D0%B5%D0%BA%D1%81%D0%B0%D0%BD%D0%B4%D1%80%D0%BE%D0%B2,_%D0%9D%D0%B8%D0%BA%D0%BE%D0%BB%D0%B0%D0%B9_%D0%93%D1%80%D0%B8%D0%B3%D0%BE%D1%80%D1%8C%D0%B5%D0%B2%D0%B8%D1%87_(%D0%B0%D0%BA%D1%82%D1%91%D1%80)','4214ff51103c791eb88d81fc970e6094',NULL),(7270,5,2,200,'https://ru.wikipedia.org/wiki/%D0%90%D0%BB%D0%B5%D0%BA%D1%81%D0%B5%D0%B5%D0%B2,_%D0%90%D0%BB%D0%B5%D0%BA%D1%81%D0%B5%D0%B9_%D0%92%D0%B8%D1%82%D0%B0%D0%BB%D1%8C%D0%B5%D0%B2%D0%B8%D1%87','05c329c9510faa1b4ecdb434b3a2abb8',NULL),(7271,5,1,1,'https://ru.wikipedia.org/w/index.php?title=%D0%9A%D0%B0%D1%82%D0%B5%D0%B3%D0%BE%D1%80%D0%B8%D1%8F:%D0%90%D0%BA%D1%82%D1%91%D1%80%D1%8B_%D0%BF%D0%BE_%D0%B0%D0%BB%D1%84%D0%B0%D0%B2%D0%B8%D1%82%D1%83&pagefrom=%D0%90%D0%BB%D0%B5%D0%BA%D1%81%D0%B5%D0%B5%D0%B2%2C+%D0%90%D0%BB%D0%B5%D0%BA%D1%81%D0%B5%D0%B9+%D0%9F%D0%B5%D1%82%D1%80%D0%BE%D0%B2%D0%B8%D1%87+%28%D0%B0%D0%BA%D1%82%D1%91%D1%80%29#mw-pages','45837c5b29bf572a1377623d9baddd62',NULL);

#
# Structure for table "link2link"
#

CREATE TABLE `link2link` (
  `Id` int(11) NOT NULL AUTO_INCREMENT,
  `master_link_id` int(11) NOT NULL DEFAULT '0',
  `slave_link_id` int(11) NOT NULL DEFAULT '0',
  PRIMARY KEY (`Id`),
  KEY `master_link_id` (`master_link_id`),
  KEY `slave_link_id` (`slave_link_id`),
  CONSTRAINT `link2link_ibfk_2` FOREIGN KEY (`slave_link_id`) REFERENCES `links` (`Id`) ON DELETE CASCADE ON UPDATE CASCADE,
  CONSTRAINT `link2link_ibfk_1` FOREIGN KEY (`master_link_id`) REFERENCES `links` (`Id`) ON DELETE CASCADE ON UPDATE CASCADE
) ENGINE=InnoDB AUTO_INCREMENT=6195 DEFAULT CHARSET=utf8;

#
# Data for table "link2link"
#

REPLACE INTO `link2link` VALUES (5994,7070,7071),(5995,7070,7072),(5996,7070,7073),(5997,7070,7074),(5998,7070,7075),(5999,7070,7076),(6000,7070,7077),(6001,7070,7078),(6002,7070,7079),(6003,7070,7080),(6004,7070,7081),(6005,7070,7082),(6006,7070,7083),(6007,7070,7084),(6008,7070,7085),(6009,7070,7086),(6010,7070,7087),(6011,7070,7088),(6012,7070,7089),(6013,7070,7090),(6014,7070,7091),(6015,7070,7092),(6016,7070,7093),(6017,7070,7094),(6018,7070,7095),(6019,7070,7096),(6020,7070,7097),(6021,7070,7098),(6022,7070,7099),(6023,7070,7100),(6024,7070,7101),(6025,7070,7102),(6026,7070,7103),(6027,7070,7104),(6028,7070,7105),(6029,7070,7106),(6030,7070,7107),(6031,7070,7108),(6032,7070,7109),(6033,7070,7110),(6034,7070,7111),(6035,7070,7112),(6036,7070,7113),(6037,7070,7114),(6038,7070,7115),(6039,7070,7116),(6040,7070,7117),(6041,7070,7118),(6042,7070,7119),(6043,7070,7120),(6044,7070,7121),(6045,7070,7122),(6046,7070,7123),(6047,7070,7124),(6048,7070,7125),(6049,7070,7126),(6050,7070,7127),(6051,7070,7128),(6052,7070,7129),(6053,7070,7130),(6054,7070,7131),(6055,7070,7132),(6056,7070,7133),(6057,7070,7134),(6058,7070,7135),(6059,7070,7136),(6060,7070,7137),(6061,7070,7138),(6062,7070,7139),(6063,7070,7140),(6064,7070,7141),(6065,7070,7142),(6066,7070,7143),(6067,7070,7144),(6068,7070,7145),(6069,7070,7146),(6070,7070,7147),(6071,7070,7148),(6072,7070,7149),(6073,7070,7150),(6074,7070,7151),(6075,7070,7152),(6076,7070,7153),(6077,7070,7154),(6078,7070,7155),(6079,7070,7156),(6080,7070,7157),(6081,7070,7158),(6082,7070,7159),(6083,7070,7160),(6084,7070,7161),(6085,7070,7162),(6086,7070,7163),(6087,7070,7164),(6088,7070,7165),(6089,7070,7166),(6090,7070,7167),(6091,7070,7168),(6092,7070,7169),(6093,7070,7170),(6094,7070,7171),(6095,7070,7172),(6096,7070,7173),(6097,7070,7174),(6098,7070,7175),(6099,7070,7176),(6100,7070,7177),(6101,7070,7178),(6102,7070,7179),(6103,7070,7180),(6104,7070,7181),(6105,7070,7182),(6106,7070,7183),(6107,7070,7184),(6108,7070,7185),(6109,7070,7186),(6110,7070,7187),(6111,7070,7188),(6112,7070,7189),(6113,7070,7190),(6114,7070,7191),(6115,7070,7192),(6116,7070,7193),(6117,7070,7194),(6118,7070,7195),(6119,7070,7196),(6120,7070,7197),(6121,7070,7198),(6122,7070,7199),(6123,7070,7200),(6124,7070,7201),(6125,7070,7202),(6126,7070,7203),(6127,7070,7204),(6128,7070,7205),(6129,7070,7206),(6130,7070,7207),(6131,7070,7208),(6132,7070,7209),(6133,7070,7210),(6134,7070,7211),(6135,7070,7212),(6136,7070,7213),(6137,7070,7214),(6138,7070,7215),(6139,7070,7216),(6140,7070,7217),(6141,7070,7218),(6142,7070,7219),(6143,7070,7220),(6144,7070,7221),(6145,7070,7222),(6146,7070,7223),(6147,7070,7224),(6148,7070,7225),(6149,7070,7226),(6150,7070,7227),(6151,7070,7228),(6152,7070,7229),(6153,7070,7230),(6154,7070,7231),(6155,7070,7232),(6156,7070,7233),(6157,7070,7234),(6158,7070,7235),(6159,7070,7236),(6160,7070,7237),(6161,7070,7238),(6162,7070,7239),(6163,7070,7240),(6164,7070,7241),(6165,7070,7242),(6166,7070,7243),(6167,7070,7244),(6168,7070,7245),(6169,7070,7246),(6170,7070,7247),(6171,7070,7248),(6172,7070,7249),(6173,7070,7250),(6174,7070,7251),(6175,7070,7252),(6176,7070,7253),(6177,7070,7254),(6178,7070,7255),(6179,7070,7256),(6180,7070,7257),(6181,7070,7258),(6182,7070,7259),(6183,7070,7260),(6184,7070,7261),(6185,7070,7262),(6186,7070,7263),(6187,7070,7264),(6188,7070,7265),(6189,7070,7266),(6190,7070,7267),(6191,7070,7268),(6192,7070,7269),(6193,7070,7270),(6194,7070,7271);

#
# Structure for table "job_messages"
#

CREATE TABLE `job_messages` (
  `Id` int(11) NOT NULL AUTO_INCREMENT,
  `link_id` int(11) NOT NULL DEFAULT '0',
  `job_node_id` int(11) NOT NULL DEFAULT '0',
  PRIMARY KEY (`Id`),
  KEY `link_id` (`link_id`),
  KEY `job_node_id` (`job_node_id`),
  CONSTRAINT `job_messages_ibfk_1` FOREIGN KEY (`link_id`) REFERENCES `links` (`Id`) ON DELETE CASCADE ON UPDATE CASCADE,
  CONSTRAINT `job_messages_ibfk_2` FOREIGN KEY (`job_node_id`) REFERENCES `job_nodes` (`Id`) ON DELETE CASCADE ON UPDATE CASCADE
) ENGINE=InnoDB DEFAULT CHARSET=utf8;

#
# Data for table "job_messages"
#


#
# Structure for table "records"
#

CREATE TABLE `records` (
  `Id` int(11) NOT NULL AUTO_INCREMENT,
  `link_id` int(11) NOT NULL DEFAULT '0',
  `num` int(11) unsigned NOT NULL DEFAULT '1',
  `key` varchar(255) NOT NULL DEFAULT '',
  `value` longtext NOT NULL,
  `value_hash` varchar(255) NOT NULL DEFAULT '',
  PRIMARY KEY (`Id`),
  UNIQUE KEY `record_unq` (`link_id`,`num`,`key`,`value_hash`),
  CONSTRAINT `records_ibfk_1` FOREIGN KEY (`link_id`) REFERENCES `links` (`Id`) ON DELETE CASCADE ON UPDATE CASCADE
) ENGINE=InnoDB AUTO_INCREMENT=11020 DEFAULT CHARSET=utf8;

#
# Data for table "records"
#

REPLACE INTO `records` VALUES (10820,7070,1,'actor_name','50 Cent','faba8d4ac1b5880ef64a5de3ea7d1fa9'),(10821,7070,2,'actor_name','Аав, Тыну','2de0dac88024eedac43e70fb1a6c77ba'),(10822,7070,3,'actor_name','Аавик, Эвальд','de54c34621f316154f3678fa4c535c51'),(10823,7070,4,'actor_name','Абаджян, Владимир Амвросьевич','595ac2b2269bbcb326a356d5920cd382'),(10824,7070,5,'actor_name','Абазопуло, Владимир Константинович','b020e8a40af58110cdf8058e975a5b9c'),(10825,7070,6,'actor_name','Абазян, Геворг Николаевич','71a8ba154239be37182060d3175b4465'),(10826,7070,7,'actor_name','Абайдулов, Гали Мягазович','040128ac7e5da715c3b4ce84768aa97f'),(10827,7070,8,'actor_name','Абакаров, Асхаб Тинамагомедович','e98a276e41ae618cc781536a94c9be72'),(10828,7070,9,'actor_name','Абалян, Эдуард Гайкович','0de6947a44c08bd7d7f2877c1ddeebdb'),(10829,7070,10,'actor_name','Абашев, Владимир Владимирович','5e84568b76790e5131b9f547e3d1ed7f'),(10830,7070,11,'actor_name','Абашидзе, Василий Алексеевич','abbc4d34e62d7b9ef24bb0e89d8a4723'),(10831,7070,12,'actor_name','Абашидзе, Давид Иванович','c00cab959fca42d7d476c9b03a258f5c'),(10832,7070,13,'actor_name','Абашидзе, Леван','1ea8c511e232bb5d48ea76d1f4b7eeea'),(10833,7070,14,'actor_name','Аббасов, Аладдин Аслан оглы','6cc19575a03cf528f5531ede54a01c41'),(10834,7070,15,'actor_name','Аббасов, Гаджи Ага Муталиб оглы','ae3d3f652d7aaa109a04491028afa976'),(10835,7070,16,'actor_name','Аббасов, Мирза Али','7f70381ab7b0ea2190c319391e105ba0'),(10836,7070,17,'actor_name','Абдельмаджид Лахаль','dc0979cec75124fd402d93dd30ccd1e1'),(10837,7070,18,'actor_name','Абди, Бархад','239113023d2a5406ca21e3bfc279fa64'),(10838,7070,19,'actor_name','Абдикаримов, Муздыбек','0767337b3e8ab91212cf9b6f9d959a9e'),(10839,7070,20,'actor_name','Абдраимов, Фархат Нурсултанович','13ed3a4bf72e0d180dce71efced3c8e2'),(10840,7070,21,'actor_name','Абдрасулов, Курван','b7bf6f318d50d0d69418340f1dd4995c'),(10841,7070,22,'actor_name','Абдрахимов, Марат Чулпанович','88b7dd9d3db53c2e40a63b048eb8c9a6'),(10842,7070,23,'actor_name','Абдрахманов, Абдрашит Хакимович','09322c0057c60a6dfb643664dd61f79c'),(10843,7070,24,'actor_name','Абдукундузов, Мухаммадали','0e766584d436c3cb0e52222fb3f91df2'),(10844,7070,25,'actor_name','Абдулаев, Анатолий Гафарович','9acb25f468e82de86ab826c8ee3bad0f'),(10845,7070,26,'actor_name','Абдуллаев, Лютфали Амир оглы','832e0c7788aceb41ba6776a90c361f55'),(10846,7070,27,'actor_name','Абдулов, Александр Гавриилович','8e666a73b10b167416b5ece2d5c542e9'),(10847,7070,28,'actor_name','Абдулов, Виталий Зинурович','f0795d202d48d9c10fd35e48dbe3eda1'),(10848,7070,29,'actor_name','Абдулов, Всеволод Осипович','b5eab24ae5f353fc3f750e12b7b917a2'),(10849,7070,30,'actor_name','Абдулов, Гавриил Данилович','88c0caed36552da4eef4e06be26a7323'),(10850,7070,31,'actor_name','Абдулов, Осип Наумович','2dd3c0a388c3f6b57a699600f18504cd'),(10851,7070,32,'actor_name','Абдулхаликов, Махмуд Абдулхаликович','877e5e10a12b07816b0560b51a100b08'),(10852,7070,33,'actor_name','Абдульманов, Рим Салимьянович','30cf6befb0f0b4d9c1e989efe534347f'),(10853,7070,34,'actor_name','Абдурахманов, Осман','9aae0afc9d691efe2923ccae53fd6c70'),(10854,7070,35,'actor_name','Абдусаламов, Шавкат Фазилович','ad812e30356ee48b780ac48a930932c1'),(10855,7070,36,'actor_name','Абдыгапаров, Даулет Абдыхалилович','60ad8344cf199edb12362771c770494a'),(10856,7070,37,'actor_name','Абель, Джейк','0b9fe831c6b8ea8f2838ea13158ba87f'),(10857,7070,38,'actor_name','Абель, Закари','a0bcf0a51fa18470f60bb3fe1e13f642'),(10858,7070,39,'actor_name','Абелян, Ованес Артемьевич','f5c14ec0832236d7e8fc8a2fe936c7b2'),(10859,7070,40,'actor_name','Абжалилов, Халил Галеевич','6fa9004e44c6e6be1110d1e2578bef48'),(10860,7070,41,'actor_name','Абкарян, Симон','ac3f5673a7b9508f8221391e9ec71a21'),(10861,7070,42,'actor_name','Аболиньш, Гундарс','4df64115107194ac330cf86f8eee78b7'),(10862,7070,43,'actor_name','Аболиньш, Таливалдис','117655a479a1f177e20d1d15acf21cd8'),(10863,7070,44,'actor_name','Абрамов, Анатолий Васильевич','654dc6802e73584f8c6eb730f61d102f'),(10864,7070,45,'actor_name','Абрамов, Вадим Александрович','b49482e8c5afc9ed4cfc5bc8df328472'),(10865,7070,46,'actor_name','Абрамов, Валентин Алексеевич','7f10a1df9d1676c701cd37c017e9abb2'),(10866,7070,47,'actor_name','Абрамов, Пётр Валерьевич','ec773d5b966629b28172ff7b7e3a0710'),(10867,7070,48,'actor_name','Абрамс, Аарон','7e8d8f8c8e557c0e9671184f87c0f521'),(10868,7070,49,'actor_name','Абрамс, Джеффри Джейкоб','b4ca325a65f68c785b8ea89dc9e9d4fd'),(10869,7070,50,'actor_name','Абрамян, Хорен Бабкенович','b88a985187085ba391c5df0c63b57ef8'),(10870,7070,51,'actor_name','Абрахам, Джон','987c7123ad055b0699893dbe3f1176bd'),(10871,7070,52,'actor_name','Абрахам, Ф. Мюррей','c48aa67542eebe7dce5ef93eafcf960b'),(10872,7070,53,'actor_name','Абрахамс, Джон','2abd31de5b80e4fb6b275321a8a9d537'),(10873,7070,54,'actor_name','Абргам, Йозеф','a99506c901afe8a32a21ec02562394b7'),(10874,7070,55,'actor_name','Абрикосов, Андрей Львович','c614dd20cadf1528940a4cd39a4601ff'),(10875,7070,56,'actor_name','Абрикосов, Григорий Андреевич','70073944dce897295b293a9fba80ce5c'),(10876,7070,57,'actor_name','Абролат, Вернер','df0713e8ae35b1d99a4f2e5e4e3ca24c'),(10877,7070,58,'actor_name','Абросимов, Владимир Сергеевич','0c47d3faa9f85a8d3ff5c1e918f15d95'),(10878,7070,59,'actor_name','Аброскин, Сергей Сергеевич','35004423e19078bbadc9ac762c5c8430'),(10879,7070,60,'actor_name','Абт, Карл Фридрих','14c0f9790b95424a33e597e66efd15fb'),(10880,7070,61,'actor_name','Абушахманов, Ахтям Ахатович','e8aa7bc1f32cc44cd41a89471d06f526'),(10881,7070,62,'actor_name','Абэ, Ютака','f3e3126d6ddecc4103f1a9b8bb7134ba'),(10882,7070,63,'actor_name','Авалиани, Ной Иванович','52f910c14f7681809c7f97d1efd14be4'),(10883,7070,64,'actor_name','Авалос, Луис','e8c6ede1d23c19fabbaa9b2992d46600'),(10884,7070,65,'actor_name','Аванди, Мярт','35e7fad2ceb36741534d1755cda11425'),(10885,7070,66,'actor_name','Авари, Эрик','a36d797d75b0c97d2fb330c58ef0bd9c'),(10886,7070,67,'actor_name','Авдюшко, Виктор Антонович','9a654e074717b8de7c43650de2cb348d'),(10887,7070,68,'actor_name','Аведикян, Серж','4b48cb7b15edb5e93be60178a4f8512d'),(10888,7070,69,'actor_name','Авенс, Харий','6561f890dc86bc4b6dd8f58a49fb9940'),(10889,7070,70,'actor_name','Аверин, Максим Викторович','b8a6b32385dc3ccb115812b4ca18247c'),(10890,7070,71,'actor_name','Аверин, Юрий Иванович','e1040f76f81b07057fbee0a54583ee27'),(10891,7070,72,'actor_name','Аверюшкин, Николай Владимирович','2f72617de2dc94493c301020ec9fdfc2'),(10892,7070,73,'actor_name','Аветисян, Авет Маркосович','23c829fe49d579b92a91f95c10c6b307'),(10893,7070,74,'actor_name','Аветян, Григор Карапетович','76a9ea03d02f22386fbdf278b0a75ea9'),(10894,7070,75,'actor_name','Авилес, Рик','92ae0406796e35e3d7c138f1cf46cb72'),(10895,7070,76,'actor_name','Авилов, Виктор Васильевич','8a8a89737334664487c0c962f6a1a489'),(10896,7070,77,'actor_name','Авни, Аки','402bd48ae9ce41b20d68eb0333c336e1'),(10897,7070,78,'actor_name','Авотс, Энрико','c7b2bb1fbef5b8e167d0975019f4c3ae'),(10898,7070,79,'actor_name','Аврамов, Иван Иванович','229bc5aae168c4115a216424fb640d97'),(10899,7070,80,'actor_name','Авшаров, Мухтар Гасан оглу','d1bf3041cda0eb47be64b987e0fc4a89'),(10900,7070,81,'actor_name','Авшаров, Юрий Михайлович','a605695792b86e66360d933177ff5ff7'),(10901,7070,82,'actor_name','Ага-Мирзаев, Мухтар Кардашханович','9240681e44879ae5192b80dac71521ef'),(10902,7070,83,'actor_name','Агаев, Алиага Исмаил оглы','f9f5724a75960ffbc61823a10661e31b'),(10903,7070,84,'actor_name','Агаев, Октай Бахрам оглы','1fd82dbd7e6b412e70ec6b98540308b9'),(10904,7070,85,'actor_name','Агамирзян, Рубен Сергеевич','5e9e11ae7d83fbff152a0ad0d395310c'),(10905,7070,86,'actor_name','Агапов, Иван Валерьевич','97ec54173f68df6ca7446dd9f3ba720a'),(10906,7070,87,'actor_name','Агар, Джон','e282e9843190038f2659efa6cf3add3f'),(10907,7070,88,'actor_name','Агафонов, Иван Агеевич','a0d9c6d50a6f28fe9d9549da1908feef'),(10908,7070,89,'actor_name','Агваанцэрэнгийн Энхтайван','0b63c76bf4e00bb4f7624e36383341e8'),(10909,7070,90,'actor_name','Агеев, Виктор Иванович (актёр)','2d3601e57808294bdd14fab191afc74c'),(10910,7070,91,'actor_name','Агеев, Евгений Иванович','73650889d851af5398220eb783218ca8'),(10911,7070,92,'actor_name','Агеев, Игорь Валентинович','4dafab37e075e1a6ba69f06b802f2299'),(10912,7070,93,'actor_name','Агеев, Роман Олегович','dcc1fd80e5a0d52bdeb3d01c9881cc38'),(10913,7070,94,'actor_name','Агзамов, Юлдаш','087bb85e6aa015a618540258aeaf521b'),(10914,7070,95,'actor_name','Агопьян, Алексей Мигранович','455f29e5a9fe31ffd55ab41bebb01d43'),(10915,7070,96,'actor_name','Агранович, Алексей Михайлович','11db415dff6342ca6f52b9c28deb1ebd'),(10916,7070,97,'actor_name','Агустин Лара','0afe206ee2a330782d0fb68c7af9f87c'),(10917,7070,98,'actor_name','Адабашьян, Александр Артёмович','b34ef549d1a34cf8881831015f89d0da'),(10918,7070,99,'actor_name','Адам Ант','6f45cf1e63fa0c4abcd9b0379cfd350b'),(10919,7070,100,'actor_name','Адамбаев, Нуртас Абаевич','e616e9db3ee53fcda0986c7a38ae9bea'),(10920,7070,101,'actor_name','Адаме, Альфредо','977164357a9f9f41e8f071295e774b70'),(10921,7070,102,'actor_name','Адаменко, Григорий Анатольевич','a9af8bde7861e1ef34fb37fdb30da2a6'),(10922,7070,103,'actor_name','Адамс, Джонатан','4414d505bcc151ba0ebe8d743b9acb58'),(10923,7070,104,'actor_name','Дон Адамс','651ab71dfa0eaeb682af81162498d608'),(10924,7070,105,'actor_name','Адамс, Мейсон','8ec3889c4544dbd5d5c70cd4599d8102'),(10925,7070,106,'actor_name','Адамс, Патрик Джей','5f5263426fbd1e3f2864c55f4b357c56'),(10926,7070,107,'actor_name','Адамс, Си Джей','603e9c4ed29764c79bfa7eda10b73767'),(10927,7070,108,'actor_name','Адамтуэйт, Майкл','22d457e45390e3efb825e50ec85ac27b'),(10928,7070,109,'actor_name','Адамян, Петрос Иеронимович','24b848553db051f30cbcfdfa0315513e'),(10929,7070,110,'actor_name','Адасинский, Антон Александрович','3afc4df92f1dc679d5396b28bd44d1d5'),(10930,7070,111,'actor_name','Адашев, Александр Иванович','9ed22f9000b57d5b34fc5c97ca75f547'),(10931,7070,112,'actor_name','Адашев, Раджаб Халимович','efe4c33c663e2a9aaeaf2066c7088367'),(10932,7070,113,'actor_name','Адашевский, Константин Игнатьевич','74c04342b56952b3b55868e640eee4c1'),(10933,7070,114,'actor_name','Адель Имам','f01d792400c68b9c50905ec71524da12'),(10934,7070,115,'actor_name','Адельштейн, Пол','f3686b48361be15ecb9d9e2c0ef992fb'),(10935,7070,116,'actor_name','Адерманис, Имантс','841e68e394c94f5fce3d52ba4d6a9f65'),(10936,7070,117,'actor_name','Аджемян, Вартан Мкртичевич','df0715eb6b507929c6c58860d39f97ae'),(10937,7070,118,'actor_name','Адзума, Тиёносукэ','80747348d19dd6df06128e8fdb419628'),(10938,7070,119,'actor_name','Адлер, Яков','b4545e6b27c2018659e83adefb53490e'),(10939,7070,120,'actor_name','Адомайтис, Регимантас Вайткусович','66ba50ef38050dd21e8854b5012d0972'),(10940,7070,121,'actor_name','Адорф, Марио','3a125cbede1c25870b0874e716f17d05'),(10941,7070,122,'actor_name','Адоскин, Анатолий Михайлович','fd160758f0ff7de4c2eb933104eeb0aa'),(10942,7070,123,'actor_name','Адоти, Разаак','1c86c9e13bce3d0f2a2d1fb635ddfd81'),(10943,7070,124,'actor_name','Адыгёзалов, Тельман Аббасгулу оглы','6600fac22c5c576124262ec2c9dc7014'),(10944,7070,125,'actor_name','Азариа, Хэнк','0fbe4d423a4b9d89d4e31203751afdd7'),(10945,7070,126,'actor_name','Азарин, Азарий Михайлович','7494ee46eceef0e26efab28a3f1525dc'),(10946,7070,127,'actor_name','Азизи, Энтони','e040bdb57eeed24c74d4af38a6d4b520'),(10947,7070,128,'actor_name','Азизов, Тургун Турсунович','69649e26eb2fd464689ff064559aaad9'),(10948,7070,129,'actor_name','Азизов, Эльчин Яшар оглы','d464cb42d724aeb1bbb275cba54d3d59'),(10949,7070,130,'actor_name','Азимов, Хамит Мухаметович','8907343d0999b8f60b727cb6376073c9'),(10950,7070,131,'actor_name','Азнавур, Миша','473070085d5bbb5d1ae20e939d3d3213'),(10951,7070,132,'actor_name','Азо, Анатолий Георгиевич','4ff5ccb537236e7d9de23ebd9135b745'),(10952,7070,133,'actor_name','Ай, Ихсан','44bb020f20321edc89131d9f1a5c4c9e'),(10953,7070,134,'actor_name','Айвазов, Александр Эмильевич','20f0a8a88b17c9535abc4a71ecdec756'),(10954,7070,135,'actor_name','Айвазян, Багдасар Артёмович','e0ac80206c4f0b0a360abdce862ed9d5'),(10955,7070,136,'actor_name','Айвз, Бёрл','f285d62d398ef89b8495c1f722f1324f'),(10956,7070,137,'actor_name','Айдаров, Сергей Васильевич','511b4094118588ab20af88035580fcc8'),(10957,7070,138,'actor_name','Айдл, Эрик','44ef9ba5ee00dd1f4cc55121aa7da2b9'),(10958,7070,139,'actor_name','Айелло, Дэнни','ee942a9d0e217cd5dd2091aa9457c8a1'),(10959,7070,140,'actor_name','Айзек, Оскар','739b432652c20390c4ff72f481b00eed'),(10960,7070,141,'actor_name','Айзекс, Джейсон','fb896b56ce289b1f4876d8d96443d329'),(10961,7070,142,'actor_name','Айзенберг, Джесси','4651badfdf8b63fb46324c26ec54c52a'),(10962,7070,143,'actor_name','Айзикович, Марк Львович','80815a63682b21cf78465c93c2108977'),(10963,7070,144,'actor_name','Айзман, Николай Спиридонович','46122cd2ba64707ea22489fd744b6552'),(10964,7070,145,'actor_name','Айманов, Шакен Кенжетаевич','804b6552153964830ad54f5a61a77913'),(10965,7070,146,'actor_name','Айнесон, Ральф','fb584f49312875baf026157257b607c6'),(10966,7070,147,'actor_name','Айоади, Ричард','883d9d7b94069d7808c2ef5bcd7a471c'),(10967,7070,148,'actor_name','Айрленд, Джон (актёр)','2356af8bb838c4a73aa6ee4e83ef0115'),(10968,7070,149,'actor_name','Айронс, Джереми','e9da011565a567f33f84b7e869253e70'),(10969,7070,150,'actor_name','Айронс, Макс','529638dbfcd681b593c64354f7b7569a'),(10970,7070,151,'actor_name','Айронсайд, Майкл','cddba145f32ee3ad3e860198ebac58d2'),(10971,7070,152,'actor_name','Айтор Луна','846b46cf9547bbf3de5f8ee8ab72c885'),(10972,7070,153,'actor_name','Айхгорн, Вернер','498069f94e08d59ff94275d6f4a2509c'),(10973,7070,154,'actor_name','Айхгорн, Кристоф','628310aba9ef6d7cb8fce807ce08c6ed'),(10974,7070,155,'actor_name','Аканиси, Дзин','e5fd4e8d67e26f0aa91532982ce626bc'),(10975,7070,156,'actor_name','Акарсу, Барыш','ad0eb8122c4b1ae7c6132622c23d1b1a'),(10976,7070,157,'actor_name','Акашкин, Вячеслав Павлович','290279474b7a02163fa5d12eafb80791'),(10977,7070,158,'actor_name','Акдениз, Дениз','156d6fe83be6a46db3f53b61b973f00c'),(10978,7070,159,'actor_name','Акимкин, Павел Владимирович','3d44901cbd9e524bc768e22de2cdce07'),(10979,7070,160,'actor_name','Акимов, Виктор Акимович','e895ff4f99a6b16aac184cd584ab9a0b'),(10980,7070,161,'actor_name','Акин, Фатих','60fcd5aba3adbaf2547e5851b57eaad1'),(10981,7070,162,'actor_name','Акиннуойе-Агбадже, Адевале','716729053d3226a8e1c6d23ed3b95f54'),(10982,7070,163,'actor_name','Аккерман, Конрад Эрнст','97a5dd5c80a9c5f53a6396558298715b'),(10983,7070,164,'actor_name','Аккинени Нагесвара Рао','3106358bba736b415eb9305820e20ea0'),(10984,7070,165,'actor_name','Акопян, Амаяк Арутюнович','f2d4446d77d9eb2351308ff03109c93e'),(10985,7070,166,'actor_name','Акопян, Арутюн Амаякович','cc04be151599f02f4529ec1a05cad914'),(10986,7070,167,'actor_name','Акопян, Роберт Дурмишханович','b2b09e4378c349f36535bedb50a49fc5'),(10987,7070,168,'actor_name','Акрачков, Игнатий Романович','58de7ceae12fda9a2fbe90c984289d3d'),(10988,7070,169,'actor_name','Аксель фон Амбрессер','eaf015935deb80d9776ed03ff16bbdb0'),(10989,7070,170,'actor_name','Аксёнов, Бэно Максович','2b299db00c59613a194e046e6d6f1753'),(10990,7070,171,'actor_name','Аксёнов, Всеволод Николаевич','0c7938892bee7a8e9f4bdcc36c35c817'),(10991,7070,172,'actor_name','Акулич, Олег Александрович','775f685e16b67947fc4735d5fd282332'),(10992,7070,173,'actor_name','Акунья, Джейсон','1a88e3252fd9991dcd0e1b2018a14485'),(10993,7070,174,'actor_name','Акуратерс, Волдемар','79e4db45af603989b30695e0020f7e45'),(10994,7070,175,'actor_name','Алазраки, Карлос','de3902ff3a48a8c424733d341309f965'),(10995,7070,176,'actor_name','Алаймо, Марк','f54173a7e941fe2cb9ec0dc1485b201c'),(10996,7070,177,'actor_name','Аламгир (актёр)','70dda9aa5d1bca4b358267c5cc02c0fb'),(10997,7070,178,'actor_name','Аламо, Роберто','d1f81a25a7f771bcf8a297a4bf82a81b'),(10998,7070,179,'actor_name','Алан Кёртис','e5995287ee270bcd6b025e6e9be5c564'),(10999,7070,180,'actor_name','Алан Маубрэй','02dc66dbeb99a535b2b62467b7ef15be'),(11000,7070,181,'actor_name','Аласки, Джо','4ca6b5fc6c51fbb71c2355036834dbb3'),(11001,7070,182,'actor_name','Албарн, Деймон','dff6bcff16f36f4a123a004fefc19279'),(11002,7070,183,'actor_name','Албулеску, Мирча','d86737c5fbab28144e0ed68de8d889a2'),(11003,7070,184,'actor_name','Алан Алда','780a2be447e5588aebe5c15cb66c6a00'),(11004,7070,185,'actor_name','Алдошин, Виктор Павлович','2f02413d7f6179c1157254a2eb87ab2c'),(11005,7070,186,'actor_name','Алейников, Пётр Мартынович','f78774476576492e9f64ace680695f1a'),(11006,7070,187,'actor_name','Алекперов, Алескер Гаджи Ага оглы','34b1b7656e5af71b757cfbb46ff2e645'),(11007,7070,188,'actor_name','Алекперов, Шахмар Зульфугар оглы','f8586e0648d8ec4e39bce8d39dde77c9'),(11008,7070,189,'actor_name','Александер, Джейсон','77f7f4efe4eff5f518b075a72c1149f0'),(11009,7070,190,'actor_name','Александер, Олли','1dbba8faece050f4b9e92be50216a7c1'),(11010,7070,191,'actor_name','Александер, Петер','734e309072175ae18307c0374dd36f0d'),(11011,7070,192,'actor_name','Александр, Джон (актёр)','3104bc20ba10cf5308fb076e51d248be'),(11012,7070,193,'actor_name','Александрин, Андрей Александрович','867dd511c0d225e6ac62c777c4973cd3'),(11013,7070,194,'actor_name','Александров, Александр Леонардович','29d2dbb9cf7ee9ad50d157979ad18fbd'),(11014,7070,195,'actor_name','Александров, Александр Сергеевич (актёр)','365525b061a54d80ebeda540ac8d23a1'),(11015,7070,196,'actor_name','Александров, Борис Владимирович','e6f69f5602d287b09b550fa7a8778aae'),(11016,7070,197,'actor_name','Александров, Вадим Александрович (актёр)','c2e4ae637bbaf4fd6a3179efeb39dfe1'),(11017,7070,198,'actor_name','Александров, Григорий Васильевич (режиссёр)','0041ca78a2cbbde37ef18e6eb3706b0b'),(11018,7070,199,'actor_name','Александров, Николай Григорьевич (актёр)','bbf1e38fe99dd02f3bbfb8e43f1c77fe'),(11019,7070,200,'actor_name','Алексеев, Алексей Витальевич','056f5b38fd95cc434b37610f7199b314');
