# Host: localhost  (Version 5.5.29)
# Date: 2017-01-09 07:43:18
# Generator: MySQL-Front 5.4  (Build 4.111) - http://www.mysqlfront.de/

/*!40101 SET NAMES utf8 */;

#
# Structure for table "job_nodes"
#

CREATE TABLE `job_nodes` (
  `Id` int(11) NOT NULL AUTO_INCREMENT,
  `job_rule_id` int(11) NOT NULL DEFAULT '0',
  `tag` varchar(255) NOT NULL DEFAULT '',
  `index` int(11) NOT NULL DEFAULT '0',
  `tag_id` varchar(255) DEFAULT NULL,
  `class` varchar(255) DEFAULT NULL,
  `name` varchar(255) DEFAULT NULL,
  PRIMARY KEY (`Id`),
  KEY `job_rule_id` (`job_rule_id`),
  CONSTRAINT `job_nodes_ibfk_1` FOREIGN KEY (`job_rule_id`) REFERENCES `job_rules` (`Id`) ON DELETE CASCADE ON UPDATE CASCADE
) ENGINE=InnoDB AUTO_INCREMENT=65 DEFAULT CHARSET=utf8;

#
# Data for table "job_nodes"
#

REPLACE INTO `job_nodes` VALUES (2,2,'HTML',1,NULL,NULL,NULL),(3,2,'BODY',1,NULL,'ltr domn_ru lang_ru long_prices globalNav2011_reset css_commerce_buttons flat_buttons sitewide xo_pin_user_review_to_top track_back',NULL),(4,2,'DIV',3,'PAGE',' non_hotels_like desktop scopedSearch',NULL),(5,2,'DIV',4,'MAINWRAP',' ',NULL),(6,2,'DIV',1,'MAIN','SiteIndex\r\n prodp13n_jfy_overflow_visible\r\n ',NULL),(7,2,'DIV',1,'BODYCON','col poolB adjust_padding new_meta_chevron_v2',NULL),(8,2,'DIV',2,NULL,'sectionCollection',NULL),(9,2,'DIV',1,NULL,'resizingMargins',NULL),(10,2,'DIV',1,'taplc_html_sitemap_payload_0','ppr_rup ppr_priv_html_sitemap_payload',NULL),(11,2,'DIV',1,NULL,'prw_rup prw_links_sitemap_container',NULL),(12,2,'DIV',1,NULL,'world_destinations container',NULL),(13,2,'UL',1,NULL,NULL,NULL),(14,2,'LI',1,NULL,NULL,NULL),(15,2,'A',1,NULL,NULL,NULL),(30,4,'HTML',1,NULL,NULL,NULL),(31,4,'BODY',1,NULL,'ltr domn_ru lang_ru long_prices globalNav2011_reset css_commerce_buttons flat_buttons sitewide xo_pin_user_review_to_top track_back',NULL),(32,4,'DIV',3,'PAGE',' non_hotels_like desktop scopedSearch',NULL),(33,4,'DIV',1,'HEAD','',NULL),(34,4,'DIV',1,NULL,'masthead\r\n masthead_war_dropdown_enabled masthead_notification_enabled\r\n ',NULL),(35,4,'DIV',2,NULL,' tabsBar',NULL),(36,4,'UL',1,NULL,'tabs',NULL),(37,4,'LI',2,NULL,'tabItem hvrIE6',NULL),(38,4,'A',1,NULL,'tabLink pid4965',NULL),(39,5,'HTML',1,NULL,NULL,NULL),(40,5,'BODY',1,NULL,'ltr domn_ru lang_ru long_prices globalNav2011_reset css_commerce_buttons flat_buttons sitewide xo_pin_user_review_to_top track_back',NULL),(41,5,'DIV',3,'PAGE',' hotels_like desktop scopedSearch withMapIcon bg_f8',NULL),(42,5,'DIV',3,'DEALSHOME',NULL,NULL),(43,5,'DIV',1,'MAIN',NULL,NULL),(44,5,'DIV',2,NULL,'maincontent rollup',NULL),(45,5,'DIV',1,'SDTOPDESTCONTENT','topdestinations rollup',NULL),(46,5,'DIV',1,'LOCATION_LIST','deckB',NULL),(47,5,'DIV',1,'BROAD_GRID',NULL,NULL),(48,5,'DIV',1,NULL,'geos_grid',NULL),(49,5,'DIV',1,NULL,'geos_row',NULL),(50,5,'DIV',1,NULL,'geo_wrap',NULL),(51,5,'DIV',1,NULL,'geo_entry',NULL),(52,5,'DIV',1,NULL,'geo_info',NULL),(53,5,'DIV',2,NULL,'geo_name',NULL),(54,5,'A',1,NULL,NULL,NULL),(55,6,'HTML',1,NULL,NULL,NULL),(56,6,'BODY',1,NULL,'ltr domn_ru lang_ru long_prices globalNav2011_reset css_commerce_buttons flat_buttons sitewide xo_pin_user_review_to_top track_back',NULL),(57,6,'DIV',3,'PAGE',' hotels_like desktop scopedSearch withMapIcon bg_f8',NULL),(58,6,'DIV',3,'DEALSHOME',NULL,NULL),(59,6,'DIV',1,'MAIN',NULL,NULL),(60,6,'DIV',2,NULL,'maincontent rollup',NULL),(61,6,'DIV',1,'SDTOPDESTCONTENT','topdestinations rollup',NULL),(62,6,'DIV',2,NULL,'deckTools btm',NULL),(63,6,'DIV',1,NULL,'unified pagination ',NULL),(64,6,'A',1,NULL,'nav next rndBtn ui_button primary taLnk',NULL);

#
# Structure for table "jobs"
#

CREATE TABLE `jobs` (
  `Id` int(11) NOT NULL AUTO_INCREMENT,
  `caption` varchar(255) NOT NULL DEFAULT '',
  `zero_link` text NOT NULL,
  PRIMARY KEY (`Id`)
) ENGINE=InnoDB AUTO_INCREMENT=5 DEFAULT CHARSET=utf8;

#
# Data for table "jobs"
#

REPLACE INTO `jobs` VALUES (4,'TripAdvisor','https://www.tripadvisor.ru/SiteIndex');

#
# Structure for table "job_levels"
#

CREATE TABLE `job_levels` (
  `Id` int(11) NOT NULL AUTO_INCREMENT,
  `job_id` int(11) NOT NULL DEFAULT '0',
  `level` int(11) NOT NULL DEFAULT '0',
  PRIMARY KEY (`Id`),
  UNIQUE KEY `job_level_unq` (`job_id`,`level`),
  KEY `job_id` (`job_id`),
  CONSTRAINT `job_levels_ibfk_1` FOREIGN KEY (`job_id`) REFERENCES `jobs` (`Id`) ON DELETE CASCADE ON UPDATE CASCADE
) ENGINE=InnoDB AUTO_INCREMENT=2 DEFAULT CHARSET=utf8;

#
# Data for table "job_levels"
#

REPLACE INTO `job_levels` VALUES (1,4,1),(2,4,2),(3,4,3);

#
# Structure for table "job_rules"
#

CREATE TABLE `job_rules` (
  `Id` int(11) NOT NULL AUTO_INCREMENT,
  `job_level_id` int(11) NOT NULL DEFAULT '0',
  `container_offset` int(3) DEFAULT NULL,
  PRIMARY KEY (`Id`),
  KEY `job_level_id` (`job_level_id`),
  CONSTRAINT `job_rules_ibfk_1` FOREIGN KEY (`job_level_id`) REFERENCES `job_levels` (`Id`) ON DELETE CASCADE ON UPDATE CASCADE
) ENGINE=InnoDB AUTO_INCREMENT=4 DEFAULT CHARSET=utf8;

#
# Data for table "job_rules"
#

REPLACE INTO `job_rules` VALUES (2,1,2),(4,2,0),(5,3,6),(6,3,0);

#
# Structure for table "job_regexp"
#

CREATE TABLE `job_regexp` (
  `Id` int(11) NOT NULL AUTO_INCREMENT,
  `job_rule_id` int(11) NOT NULL DEFAULT '0',
  `regexp` varchar(255) NOT NULL DEFAULT '',
  PRIMARY KEY (`Id`),
  KEY `job_rule_id` (`job_rule_id`),
  CONSTRAINT `job_regexp_ibfk_1` FOREIGN KEY (`job_rule_id`) REFERENCES `job_rules` (`Id`) ON DELETE CASCADE ON UPDATE CASCADE
) ENGINE=InnoDB DEFAULT CHARSET=utf8;

#
# Data for table "job_regexp"
#

REPLACE INTO `job_regexp` VALUES (1,2,'-g(\\d){3,}-'),(2,4,'/Hotels-'),(3,5,'/Hotels-g(\\d){3,}-'),(4,6,'-oa(\\d){2,}-');

#
# Structure for table "job_rule_links"
#

CREATE TABLE `job_rule_links` (
  `Id` int(11) NOT NULL AUTO_INCREMENT,
  `job_rule_id` int(11) NOT NULL DEFAULT '0',
  `level` int(11) NOT NULL DEFAULT '0',
  PRIMARY KEY (`Id`),
  KEY `job_rule_id` (`job_rule_id`),
  CONSTRAINT `job_rule_links_ibfk_1` FOREIGN KEY (`job_rule_id`) REFERENCES `job_rules` (`Id`) ON DELETE CASCADE ON UPDATE CASCADE
) ENGINE=InnoDB AUTO_INCREMENT=3 DEFAULT CHARSET=utf8;

#
# Data for table "job_rule_links"
#

REPLACE INTO `job_rule_links` VALUES (2,2,2),(4,4,3),(5,5,4),(6,6,3);

#
# Structure for table "job_rule_records"
#

CREATE TABLE `job_rule_records` (
  `Id` int(11) NOT NULL AUTO_INCREMENT,
  `job_rule_id` int(11) NOT NULL DEFAULT '0',
  `key` varchar(255) NOT NULL DEFAULT '',
  PRIMARY KEY (`Id`),
  KEY `job_rule_id` (`job_rule_id`),
  CONSTRAINT `job_rule_records_ibfk_1` FOREIGN KEY (`job_rule_id`) REFERENCES `job_rules` (`Id`) ON DELETE CASCADE ON UPDATE CASCADE
) ENGINE=InnoDB AUTO_INCREMENT=3 DEFAULT CHARSET=utf8;

#
# Data for table "job_rule_records"
#

REPLACE INTO `job_rule_records` VALUES (2,2,'');

#
# Structure for table "links"
#

CREATE TABLE `links` (
  `Id` int(11) NOT NULL AUTO_INCREMENT,
  `job_id` int(11) NOT NULL DEFAULT '0',
  `level` int(11) NOT NULL DEFAULT '0',
  `link` text NOT NULL,
  `link_hash` varchar(255) NOT NULL DEFAULT '',
  `handled` tinyint(3) DEFAULT NULL,
  PRIMARY KEY (`Id`),
  UNIQUE KEY `link_unq` (`job_id`,`link_hash`),
  KEY `job_id` (`job_id`,`handled`),
  CONSTRAINT `links_ibfk_1` FOREIGN KEY (`job_id`) REFERENCES `jobs` (`Id`) ON DELETE CASCADE ON UPDATE CASCADE
) ENGINE=InnoDB AUTO_INCREMENT=2 DEFAULT CHARSET=utf8;

#
# Data for table "links"
#

REPLACE INTO `links` VALUES (926,4,1,'https://www.tripadvisor.ru/SiteIndex','259e648a0b263a265c02b31b0d9afa4b',1),(927,4,2,'https://www.tripadvisor.ru/SiteIndex-g1778095-Aboa.html','eced66c97d52e7f8c3c4d0dd16a46a58',2),(928,4,2,'https://www.tripadvisor.ru/SiteIndex-g1504599-Mawson.html','e63125dfbf555184db47de1e033abb0a',2),(929,4,2,'https://www.tripadvisor.ru/SiteIndex-g255055-Australia.html','97a8cc44b1a63e752d0b38b38e5e33f0',2),(930,4,2,'https://www.tripadvisor.ru/SiteIndex-g190410-Austria.html','d20f9ed058b087b0fc73a20994a5accb',2),(931,4,2,'https://www.tripadvisor.ru/SiteIndex-g293933-Azerbaijan.html','00ce9a7e6909431310fcdfa50e129068',2),(932,4,2,'https://www.tripadvisor.ru/SiteIndex-g294445-Albania.html','5c5810ba92114a6ec89dc0827537fc85',NULL),(933,4,2,'https://www.tripadvisor.ru/SiteIndex-g293717-Algeria.html','c73fbfa382924631ff0aade0db4f2215',NULL),(934,4,2,'https://www.tripadvisor.ru/SiteIndex-g60665-American_Samoa.html','d005abeccb2c045f87caee57a7a9eee6',NULL),(935,4,2,'https://www.tripadvisor.ru/SiteIndex-g293762-Angola.html','764ddea38e002487c0691b4dfbb4a1b2',NULL),(936,4,2,'https://www.tripadvisor.ru/SiteIndex-g190391-Andorra.html','15e975c90ec8e6cef4010d3d3671c2bb',NULL),(937,4,2,'https://www.tripadvisor.ru/SiteIndex-g660183-Antarctic_Peninsula.html','be44ad2c80f7f80ccbda5ab07119a761',NULL),(938,4,2,'https://www.tripadvisor.ru/SiteIndex-g294266-Argentina.html','be6a642ab5a248db1773115537c75e09',NULL),(939,4,2,'https://www.tripadvisor.ru/SiteIndex-g293931-Armenia.html','388525cdd2e6646369c7e586da5ca2ba',NULL),(940,4,2,'https://www.tripadvisor.ru/SiteIndex-g60666-Johnston_Atoll.html','ccd46052f13d51ebf5485d81e2f32b2e',NULL),(941,4,2,'https://www.tripadvisor.ru/SiteIndex-g659499-Afghanistan.html','309428cef726b04ac2415f748ab06d8c',NULL),(942,4,2,'https://www.tripadvisor.ru/SiteIndex-g293935-Bangladesh.html','a3d66b76a84f99c2627e0f187a53b96c',NULL),(943,4,2,'https://www.tripadvisor.ru/SiteIndex-g293996-Bahrain.html','1d02d8e4270619a3ac525ffddc7b3c16',NULL),(944,4,2,'https://www.tripadvisor.ru/SiteIndex-g294447-Belarus.html','c5ac82bd1f92345a1b0ca0cb821e4875',NULL),(945,4,2,'https://www.tripadvisor.ru/SiteIndex-g291959-Belize.html','c1981fffe1f4684bcc541487281ea371',NULL),(946,4,2,'https://www.tripadvisor.ru/SiteIndex-g188634-Belgium.html','09dda4858ba6fbea5612bd7bd3a03fac',NULL),(947,4,2,'https://www.tripadvisor.ru/SiteIndex-g293764-Benin.html','1a81778912be516dae5134a7617c66d3',NULL),(948,4,2,'https://www.tripadvisor.ru/SiteIndex-g294451-Bulgaria.html','e46d8ee503f675181ea9f4e600d00d73',NULL),(949,4,2,'https://www.tripadvisor.ru/SiteIndex-g294071-Bolivia.html','29476a557a6bd350127724817a8a723a',NULL),(950,4,2,'https://www.tripadvisor.ru/SiteIndex-g294449-Bosnia_and_Herzegovina.html','39d05e4b370281e9e4c1fbbf46cbd516',NULL),(951,4,2,'https://www.tripadvisor.ru/SiteIndex-g293766-Botswana.html','dd23663806c52d2f55ee8549d88b876b',NULL),(952,4,2,'https://www.tripadvisor.ru/SiteIndex-g294280-Brazil.html','ec0af71a8f4c0407fc731f263ae45e2c',NULL),(953,4,2,'https://www.tripadvisor.ru/SiteIndex-g670819-Indian_Ocean.html','57c3846d67c4f51bf5f3c91658a11b7f',NULL),(954,4,2,'https://www.tripadvisor.ru/SiteIndex-g293937-Brunei_Darussalam.html','20ee35007c2c8b3461a7de9c75de99fb',NULL),(955,4,2,'https://www.tripadvisor.ru/SiteIndex-g293768-Burkina_Faso.html','9821845bd4cc55d887fa63005c6efd42',NULL),(956,4,2,'https://www.tripadvisor.ru/SiteIndex-g293770-Burundi.html','f37f4a1c8399a36b044203cc526b86d2',NULL),(957,4,2,'https://www.tripadvisor.ru/SiteIndex-g293844-Bhutan.html','adeed2bc34406036c4f8702011d1ccdc',NULL),(958,4,2,'https://www.tripadvisor.ru/SiteIndex-g294143-Vanuatu.html','9d09531184ac6cc669b640bdb21f5931',NULL),(959,4,2,'https://www.tripadvisor.ru/SiteIndex-g186216-United_Kingdom.html','cb27eb134c8f1b036d324c3c6293bc97',NULL),(960,4,2,'https://www.tripadvisor.ru/SiteIndex-g274881-Hungary.html','8b1e34138355ae05092491ddf7649aba',NULL),(961,4,2,'https://www.tripadvisor.ru/SiteIndex-g294324-Venezuela.html','a0e8e3470143665c2cc3c87181be73cc',NULL),(962,4,2,'https://www.tripadvisor.ru/SiteIndex-g295117-East_Timor.html','300b5d15c88bcebb93e767f297bbb74f',NULL),(963,4,2,'https://www.tripadvisor.ru/SiteIndex-g293921-Vietnam.html','72e60eba565f551ab1aaa811191c3897',NULL),(964,4,2,'https://www.tripadvisor.ru/SiteIndex-g293792-Gabon.html','c9967737922e412343a0a21ba847d150',NULL),(965,4,2,'https://www.tripadvisor.ru/SiteIndex-g294077-Guyana.html','4bcfd8a4c924d3e8d0bd17718160548e',NULL),(966,4,2,'https://www.tripadvisor.ru/SiteIndex-g293794-Gambia.html','0a9f83e924a00b7506cf9090eacefe78',NULL),(967,4,2,'https://www.tripadvisor.ru/SiteIndex-g293796-Ghana.html','87eab84caad5fa802e85d3e57a9cf41e',NULL),(968,4,2,'https://www.tripadvisor.ru/SiteIndex-g292002-Guatemala.html','30251c8c531fad08bc47409bf2674654',NULL),(969,4,2,'https://www.tripadvisor.ru/SiteIndex-g293798-Guinea.html','b03bdb4ad8183d2365afa8dc1260c77f',NULL),(970,4,2,'https://www.tripadvisor.ru/SiteIndex-g293800-Guinea_Bissau.html','5f8ae628b680c7fa2e7b95958d17e8e1',NULL),(971,4,2,'https://www.tripadvisor.ru/SiteIndex-g187275-Germany.html','3fe4317471aac073d16cde93b11bd3e0',NULL),(972,4,2,'https://www.tripadvisor.ru/SiteIndex-g187510-Gibraltar.html','cf42a7c2d280609869be2a92dc28b4c5',NULL),(973,4,2,'https://www.tripadvisor.ru/SiteIndex-g1389503-Golan_Heights.html','d9dac1b59bfc7addeaa7594b91df7a86',NULL),(974,4,2,'https://www.tripadvisor.ru/SiteIndex-g292016-Honduras.html','5de6826f4836150db6f394caca735445',NULL),(975,4,2,'https://www.tripadvisor.ru/SiteIndex-g295111-Greenland.html','7600ffd0d304cecb34c2140a79924a23',NULL),(976,4,2,'https://www.tripadvisor.ru/SiteIndex-g189398-Greece.html','ecaf1e6b2cb60ce72bb11031ac5d2bc2',NULL),(977,4,2,'https://www.tripadvisor.ru/SiteIndex-g294194-Georgia.html','0d9b6c3ab88b383c387a68821cb4d29f',NULL),(978,4,2,'https://www.tripadvisor.ru/SiteIndex-g189512-Denmark.html','d7794ff20ca3c02e9325f47bd028fbc3',NULL),(979,4,2,'https://www.tripadvisor.ru/SiteIndex-g294186-Democratic_Republic_of_the_Congo.html','29948b6bc8cb0d5de1235e8d93e4cab6',NULL),(980,4,2,'https://www.tripadvisor.ru/SiteIndex-g294441-Sao_Tome_and_Principe.html','304d8aeae9b3c1064e7760d76dcf27f4',NULL),(981,4,2,'https://www.tripadvisor.ru/SiteIndex-g293786-Djibouti.html','b1670601f44779379d8fcff01d0cec69',NULL),(982,4,2,'https://www.tripadvisor.ru/SiteIndex-g294200-Egypt.html','f2c4c8e29eea2c6fcd3ebbc7d696cee8',NULL),(983,4,2,'https://www.tripadvisor.ru/SiteIndex-g293842-Zambia.html','ed45ccceb567cbc9d6c9058410807d91',NULL),(984,4,2,'https://www.tripadvisor.ru/SiteIndex-g295118-Western_Sahara.html','787e3bc5e77dcaa3b983220e29eb24bd',NULL),(985,4,2,'https://www.tripadvisor.ru/SiteIndex-g660378-Palestinian_Territories.html','5dde2cbb1d8ee0d2140f33b90d065f80',NULL),(986,4,2,'https://www.tripadvisor.ru/SiteIndex-g1808587-Princess_Elizabeth_Land.html','09e1bf136c865bad3cd6e61db3e71d58',NULL),(987,4,2,'https://www.tripadvisor.ru/SiteIndex-g293759-Zimbabwe.html','e4985df7adc1042a7fbbd3c491438e27',NULL),(988,4,2,'https://www.tripadvisor.ru/SiteIndex-g293977-Israel.html','6734c614804407777ef8a97ce74d23f8',NULL),(989,4,2,'https://www.tripadvisor.ru/SiteIndex-g1207796-Ile_Juan_da_Nova.html','1bbce25e8ca0fe7e974a3e7f1e44844b',NULL),(990,4,2,'https://www.tripadvisor.ru/SiteIndex-g1207794-Ile_Europa.html','fde26c1924ad117ec91a6017552b8447',NULL),(991,4,2,'https://www.tripadvisor.ru/SiteIndex-g293860-India.html','cc5f4bd9d503fb75f60c5f7303446b72',NULL),(992,4,2,'https://www.tripadvisor.ru/SiteIndex-g294225-Indonesia.html','a36274376e4a06ad0e08c8c74fa451c0',NULL),(993,4,2,'https://www.tripadvisor.ru/SiteIndex-g293985-Jordan.html','01395ca21d94bb834afe8496cf3ea948',NULL),(994,4,2,'https://www.tripadvisor.ru/SiteIndex-g294000-Iraq.html','80ba493995205fe2090cdf8a70e560cb',NULL),(995,4,2,'https://www.tripadvisor.ru/SiteIndex-g293998-Iran.html','1fd5b3398494187f9da9909177a623ac',NULL),(996,4,2,'https://www.tripadvisor.ru/SiteIndex-g186591-Ireland.html','4c7eacdfc1392088b26e00931764a8dc',NULL),(997,4,2,'https://www.tripadvisor.ru/SiteIndex-g189952-Iceland.html','2ee7aabb1608968ca621f460db5bd94c',NULL),(998,4,2,'https://www.tripadvisor.ru/SiteIndex-g187427-Spain.html','ba844c8886c7f965f7015261e58e9062',NULL),(999,4,2,'https://www.tripadvisor.ru/SiteIndex-g187768-Italy.html','ed99bfc9486699568f62e017a449e130',NULL),(1000,4,2,'https://www.tripadvisor.ru/SiteIndex-g294014-Yemen.html','919f6196d8a4a0f0b9c7f81e142f4d87',NULL),(1001,4,2,'https://www.tripadvisor.ru/SiteIndex-g293774-Cape_Verde.html','d28800b33d25a053df624cceb04c156c',NULL),(1002,4,2,'https://www.tripadvisor.ru/SiteIndex-g293943-Kazakhstan.html','314ea233fd2894ceda792b53a456eeae',NULL),(1003,4,2,'https://www.tripadvisor.ru/SiteIndex-g293939-Cambodia.html','250f56fd944c4e77c026e01dffd5d443',NULL),(1004,4,2,'https://www.tripadvisor.ru/SiteIndex-g293772-Cameroon.html','43ef5da028ed4e397ec9cb9bf2988594',NULL),(1005,4,2,'https://www.tripadvisor.ru/SiteIndex-g153339-Canada.html','b1bbdfa8ee144abb9f39acb9de66771c',NULL),(1006,4,2,'https://www.tripadvisor.ru/SiteIndex-g147237-Caribbean.html','f337073e43bf965d229c19b946470c31',NULL),(1007,4,2,'https://www.tripadvisor.ru/SiteIndex-g294008-Qatar.html','cf2b1338be55839600e24cd427a12092',NULL),(1008,4,2,'https://www.tripadvisor.ru/SiteIndex-g294206-Kenya.html','5b33d18d5cd68c7c8544844662d8e346',NULL),(1009,4,2,'https://www.tripadvisor.ru/SiteIndex-g190372-Cyprus.html','0e627d9a4f3f29d28f639c9b751db807',NULL),(1010,4,2,'https://www.tripadvisor.ru/SiteIndex-g293947-Kyrgyzstan.html','d46bc0113f611509e0f33475429fe825',NULL),(1011,4,2,'https://www.tripadvisor.ru/SiteIndex-g294211-China.html','2d28a9ea2bb4a74bab98750622faced8',NULL),(1012,4,2,'https://www.tripadvisor.ru/SiteIndex-g294073-Colombia.html','3e0a0c7f3ce25f923cae24f6c79bc4b3',NULL),(1013,4,2,'https://www.tripadvisor.ru/SiteIndex-g294435-Comoros.html','317c42315d5c0e95ffad3ca021c21fe5',NULL),(1014,4,2,'https://www.tripadvisor.ru/SiteIndex-g304082-Kosovo.html','86575b232d3e551a0b784d3a7f28a0ad',NULL),(1015,4,2,'https://www.tripadvisor.ru/SiteIndex-g291982-Costa_Rica.html','2f48a4df39dcc9738831192967aa35f0',NULL),(1016,4,2,'https://www.tripadvisor.ru/SiteIndex-g294192-Cote_d_Ivoire.html','e6bfc16028c19c51b4761fdf67f8d122',NULL),(1017,4,2,'https://www.tripadvisor.ru/SiteIndex-g313972-Crimea.html','21e6722e5423fa72894cda1c866439fa',NULL),(1018,4,2,'https://www.tripadvisor.ru/SiteIndex-g294002-Kuwait.html','eb3085f54381a12b2e201f2e20dacebb',NULL),(1019,4,2,'https://www.tripadvisor.ru/SiteIndex-g293949-Laos.html','b8887ffaeb785312c2503e3f6b2c9076',NULL),(1020,4,2,'https://www.tripadvisor.ru/SiteIndex-g274960-Latvia.html','8705b898b9c9142281ccc5aadcd8e54f',NULL),(1021,4,2,'https://www.tripadvisor.ru/SiteIndex-g293802-Lesotho.html','1744aa272d6014365ee22010f16d08ce',NULL),(1022,4,2,'https://www.tripadvisor.ru/SiteIndex-g293804-Liberia.html','8debe578d3fa51be2fc70dfb993bc5ec',NULL),(1023,4,2,'https://www.tripadvisor.ru/SiteIndex-g294004-Lebanon.html','2b1de8f7f24d7a9455141afb9ed07e8e',NULL),(1024,4,2,'https://www.tripadvisor.ru/SiteIndex-g293806-Libya.html','4eadf7ea253be89308d283c077830e46',NULL),(1025,4,2,'https://www.tripadvisor.ru/SiteIndex-g274947-Lithuania.html','279fadb05c1180ef68edd947e89da7c6',NULL),(1026,4,2,'https://www.tripadvisor.ru/SiteIndex-g190357-Liechtenstein.html','0d00c842e6cab2862ed5ebba6265a3c5',NULL),(1027,4,2,'https://www.tripadvisor.ru/SiteIndex-g190340-Luxembourg.html','38ce9f0630a6b67c1a62f40b796fbaf2',NULL),(1028,4,2,'https://www.tripadvisor.ru/SiteIndex-g293816-Mauritius.html','1dd2ecfcd278591379b92c68186d42f0',NULL),(1029,4,2,'https://www.tripadvisor.ru/SiteIndex-g293814-Mauritania.html','fa4adb71782c49bd725b863d5ce7ccd7',NULL),(1030,4,2,'https://www.tripadvisor.ru/SiteIndex-g293808-Madagascar.html','cb5281849d5ff64857b435cf4b3d6a21',NULL),(1031,4,2,'https://www.tripadvisor.ru/SiteIndex-g295116-Mayotte.html','b836f5b588c58ee35f210a16a4b4c878',NULL),(1032,4,2,'https://www.tripadvisor.ru/SiteIndex-g293810-Malawi.html','700115fe2e11115bd6d8e2cebedb870a',NULL),(1033,4,2,'https://www.tripadvisor.ru/SiteIndex-g293951-Malaysia.html','db2b03b9d357cce0881506011cbdb106',NULL),(1034,4,2,'https://www.tripadvisor.ru/SiteIndex-g293812-Mali.html','ff8646e39b755fd90986d7a5a149e1bb',NULL),(1035,4,2,'https://www.tripadvisor.ru/SiteIndex-g293953-Maldives.html','d53c3d65424c6dfcde283eb79972a6a3',NULL),(1036,4,2,'https://www.tripadvisor.ru/SiteIndex-g190311-Malta.html','62f13a7373a70d36d36a622ef795c740',NULL),(1037,4,2,'https://www.tripadvisor.ru/SiteIndex-g1487275-Mariana_Islands.html','31a52750a695ba9137d76fb724a77ea2',NULL),(1038,4,2,'https://www.tripadvisor.ru/SiteIndex-g293730-Morocco.html','c74d084ff97c9d4d1e2253e96daa1271',NULL),(1039,4,2,'https://www.tripadvisor.ru/SiteIndex-g301392-Marshall_Islands.html','9b443195b693a722b870116b88ecd11f',NULL),(1040,4,2,'https://www.tripadvisor.ru/SiteIndex-g150768-Mexico.html','a7a8c4b34023fc4c18f2ba4af1ac7cc3',NULL),(1041,4,2,'https://www.tripadvisor.ru/SiteIndex-g293818-Mozambique.html','4385cb0d560866c00b96128461bdb601',NULL),(1042,4,2,'https://www.tripadvisor.ru/SiteIndex-g294455-Moldova.html','d0419691ef5381d04b21a38e418cfb96',NULL),(1043,4,2,'https://www.tripadvisor.ru/SiteIndex-g190405-Monaco.html','245b924fa055b7025fa46818e62d1dbb',NULL),(1044,4,2,'https://www.tripadvisor.ru/SiteIndex-g293955-Mongolia.html','d2dba4d049a1448e23f0fc6e2cb5f52c',NULL),(1045,4,2,'https://www.tripadvisor.ru/SiteIndex-g294190-Myanmar.html','0bf1d4eb2560c96f1214250f6d54e125',NULL),(1046,4,2,'https://www.tripadvisor.ru/SiteIndex-g293820-Namibia.html','cfe208103b7d7d3bd538b1e783ab8e6e',NULL),(1047,4,2,'https://www.tripadvisor.ru/SiteIndex-g294127-Nauru.html','2ea70019809cad49ef5bf0eaaa5aa7cc',NULL),(1048,4,2,'https://www.tripadvisor.ru/SiteIndex-g293889-Nepal.html','e693768965f1320893c610e14589d229',NULL),(1049,4,2,'https://www.tripadvisor.ru/SiteIndex-g293822-Niger.html','229add17b2f61d1da9717003a7a79149',NULL),(1050,4,2,'https://www.tripadvisor.ru/SiteIndex-g293824-Nigeria.html','3d7fc3e3d5231978b22cc07ff432691b',NULL),(1051,4,2,'https://www.tripadvisor.ru/SiteIndex-g188553-The_Netherlands.html','cbe019b0de73bf0c289918d427fdfe50',NULL),(1052,4,2,'https://www.tripadvisor.ru/SiteIndex-g294477-Nicaragua.html','e20a98ea3cf60d8004c7ac2c900f7a6f',NULL),(1053,4,2,'https://www.tripadvisor.ru/SiteIndex-g294131-Niue.html','7bc6cafbf03a4dad9338e868eef5c9e2',NULL),(1054,4,2,'https://www.tripadvisor.ru/SiteIndex-g255104-New_Zealand.html','0fe70b270462af937697a95391de6d46',NULL),(1055,4,2,'https://www.tripadvisor.ru/SiteIndex-g294129-New_Caledonia.html','2bb84535e0103469f7f4752c5571344f',NULL),(1056,4,2,'https://www.tripadvisor.ru/SiteIndex-g190455-Norway.html','fb42b739bbf25f6c5f803a122a4fe4c1',NULL),(1057,4,2,'https://www.tripadvisor.ru/SiteIndex-g294012-United_Arab_Emirates.html','5075d117e5fad97ec0485994e865a50d',NULL),(1058,4,2,'https://www.tripadvisor.ru/SiteIndex-g294006-Oman.html','116cc30992cd302235027854f977e2a4',NULL),(1059,4,2,'https://www.tripadvisor.ru/SiteIndex-g662273-Cuverville_Island.html','de1ef9dca770628a00e98d0b079163f1',NULL),(1060,4,2,'https://www.tripadvisor.ru/SiteIndex-g293826-Reunion_Island.html','604f78cbaa6abe8fc0bd1929a1c07ea8',NULL),(1061,4,2,'https://www.tripadvisor.ru/SiteIndex-g660186-Ross_Island.html','69283cef7cbe08b98304ebd73d15f1f6',NULL),(1062,4,2,'https://www.tripadvisor.ru/SiteIndex-g295105-St_Helena_Ascension_and_Tristan_da_Cunha.html','c79b460c1caf0874c4334e5214e45dc0',NULL),(1063,4,2,'https://www.tripadvisor.ru/SiteIndex-g60667-Wake_Island.html','64b9e5e7acbf0aeb805802f46e312b6a',NULL),(1064,4,2,'https://www.tripadvisor.ru/SiteIndex-g294328-Cook_Islands.html','f4be65fb60644b6db2c1dc1f9e901003',NULL),(1065,4,2,'https://www.tripadvisor.ru/SiteIndex-g673774-Pitcairn_Islands.html','6d1274b32aa95ca98944c2690fe0ab19',NULL),(1066,4,2,'https://www.tripadvisor.ru/SiteIndex-g1504597-Windmill_Islands.html','32fbc14ca51943d6d2131785b4ee8180',NULL),(1067,4,2,'https://www.tripadvisor.ru/SiteIndex-g293959-Pakistan.html','969e4386d42bfd0d9d7dae88bb5e63fd',NULL),(1068,4,2,'https://www.tripadvisor.ru/SiteIndex-g294135-Palau.html','b9693e4d9527bcba6f2878679153842c',NULL),(1069,4,2,'https://www.tripadvisor.ru/SiteIndex-g294479-Panama.html','2abea133a7a7c02925e3717eaa166ea9',NULL),(1070,4,2,'https://www.tripadvisor.ru/SiteIndex-g294115-Papua_New_Guinea.html','d098487f12c653a059a111233c52a15c',NULL),(1071,4,2,'https://www.tripadvisor.ru/SiteIndex-g294079-Paraguay.html','f8fa4b52b97a141efbdcef7e29e67f55',NULL),(1072,4,2,'https://www.tripadvisor.ru/SiteIndex-g294311-Peru.html','7105fa21555b21f58c0083f854162cec',NULL),(1073,4,2,'https://www.tripadvisor.ru/SiteIndex-g274723-Poland.html','26ef7736f5f0f0ec48b8f026d903d32b',NULL),(1074,4,2,'https://www.tripadvisor.ru/SiteIndex-g189100-Portugal.html','691dc8b2aca00365180a121baa9a7c1c',NULL),(1075,4,2,'https://www.tripadvisor.ru/SiteIndex-g294121-Republic_of_Kiribati.html','b41cb1ccbaabd0343988ab969d77ed0c',NULL),(1076,4,2,'https://www.tripadvisor.ru/SiteIndex-g294188-Republic_of_the_Congo.html','116c5bf17cac32de7651825de8350222',NULL),(1077,4,2,'https://www.tripadvisor.ru/SiteIndex-g295109-Republic_of_Macedonia.html','41352b521e37c2a989cab9bcbaccd3ce',NULL),(1078,4,2,'https://www.tripadvisor.ru/SiteIndex-g294459-Russia.html','5305c9b2f569a1433a25b51a73e49a84',NULL),(1079,4,2,'https://www.tripadvisor.ru/SiteIndex-g293828-Rwanda.html','93c075fc965104d566634bbd9ed9411a',NULL),(1080,4,2,'https://www.tripadvisor.ru/SiteIndex-g294457-Romania.html','2880050c3891ba067ee8aa04a93a6d58',NULL),(1081,4,2,'https://www.tripadvisor.ru/SiteIndex-g191-United_States.html','7d5d6ec356611103d646f64b17ea26e5',NULL),(1082,4,2,'https://www.tripadvisor.ru/SiteIndex-g294475-El_Salvador.html','bd12339038b947ae9336912a799212a0',NULL),(1083,4,2,'https://www.tripadvisor.ru/SiteIndex-g294137-Samoa.html','98c285c73562c5917428dfa3726110d2',NULL),(1084,4,2,'https://www.tripadvisor.ru/SiteIndex-g187808-San_Marino.html','64e880462b048fb7520f2a1e8bd2bcbf',NULL),(1085,4,2,'https://www.tripadvisor.ru/SiteIndex-g293991-Saudi_Arabia.html','47a7966be5911598ee78a43945625a46',NULL),(1086,4,2,'https://www.tripadvisor.ru/SiteIndex-g293836-Swaziland.html','f4a5e78b6a21a37254754fe974c1f24f',NULL),(1087,4,2,'https://www.tripadvisor.ru/SiteIndex-g294443-North_Korea.html','bb645cc19ace8aac2f0eafb7626b5b39',NULL),(1088,4,2,'https://www.tripadvisor.ru/SiteIndex-g293738-Seychelles.html','14399bf37f0af8533c3fe1f0b2c4d6b2',NULL),(1089,4,2,'https://www.tripadvisor.ru/SiteIndex-g183815-Saint_Pierre_and_Miquelon.html','c33fbca69b47c97bd55b79f59a9f2f73',NULL),(1090,4,2,'https://www.tripadvisor.ru/SiteIndex-g293830-Senegal.html','66b5b9eb4198fb379fb46657f2bc020a',NULL),(1091,4,2,'https://www.tripadvisor.ru/SiteIndex-g294471-Serbia.html','b0f2a16a4220c247fc94b66d23ce3664',NULL),(1092,4,2,'https://www.tripadvisor.ru/SiteIndex-g294262-Singapore.html','907caf3eec24d6b2ebf0e186acf4e1c3',NULL),(1093,4,2,'https://www.tripadvisor.ru/SiteIndex-g294010-Syria.html','8084426140215feecd24dd957ad6a5f4',NULL),(1094,4,2,'https://www.tripadvisor.ru/SiteIndex-g274922-Slovakia.html','5c4d2fc78f4e89c263f92535d53093a5',NULL),(1095,4,2,'https://www.tripadvisor.ru/SiteIndex-g274862-Slovenia.html','d027011294e265d103486d8523147b09',NULL),(1096,4,2,'https://www.tripadvisor.ru/SiteIndex-g294139-Solomon_Islands.html','e259791ec8745aa1bb9357fa343c8211',NULL),(1097,4,2,'https://www.tripadvisor.ru/SiteIndex-g294439-Somalia.html','a578b2a83918ecd714569b5a89a4ca30',NULL),(1098,4,2,'https://www.tripadvisor.ru/SiteIndex-g293834-Sudan.html','6e707c165258db6f4ffff5645c9675a3',NULL),(1099,4,2,'https://www.tripadvisor.ru/SiteIndex-g294081-Suriname.html','acc399d7d139b3f370979c0f8babc902',NULL),(1100,4,2,'https://www.tripadvisor.ru/SiteIndex-g293832-Sierra_Leone.html','38ce6399676f66794bfd0db71277b9a9',NULL),(1101,4,2,'https://www.tripadvisor.ru/SiteIndex-g293963-Tajikistan.html','a0e00b3bba404d9d9524a9757c9e1053',NULL),(1102,4,2,'https://www.tripadvisor.ru/SiteIndex-g293915-Thailand.html','0af54502bb6f6eef4ee2e25aa6b2e2e0',NULL),(1103,4,2,'https://www.tripadvisor.ru/SiteIndex-g293910-Taiwan.html','537706a1ec3e14503858452c416e69d7',NULL),(1104,4,2,'https://www.tripadvisor.ru/SiteIndex-g293747-Tanzania.html','728701f1791fbd759ebe72f5ef896363',NULL),(1105,4,2,'https://www.tripadvisor.ru/SiteIndex-g293838-Togo.html','5044df3d061982e222d5b0952524950c',NULL),(1106,4,2,'https://www.tripadvisor.ru/SiteIndex-g295114-Tokelau.html','889fc9d9f4e81f849682573415f05c6f',NULL),(1107,4,2,'https://www.tripadvisor.ru/SiteIndex-g294141-Tonga.html','376c920e5c8e7b0c38273a5d1b81c1d7',NULL),(1108,4,2,'https://www.tripadvisor.ru/SiteIndex-g1207792-Ile_Tromelin.html','edf30ef0715e13e23a16c9fa0115399e',NULL),(1109,4,2,'https://www.tripadvisor.ru/SiteIndex-g294481-Tuvalu.html','c993d9c05267501cd0e52414178a13b3',NULL),(1110,4,2,'https://www.tripadvisor.ru/SiteIndex-g293753-Tunisia.html','c4d44561ec9b2551a7eaa8370f4f1b01',NULL),(1111,4,2,'https://www.tripadvisor.ru/SiteIndex-g293965-Turkmenistan.html','62645fd6bf0b1b1ce63476d018f79638',NULL),(1112,4,2,'https://www.tripadvisor.ru/SiteIndex-g293969-Turkey.html','6c782fb2d8776d205dce34ab7269b3ca',NULL),(1113,4,2,'https://www.tripadvisor.ru/SiteIndex-g293840-Uganda.html','ca7a4f6741888894f6ee8136c58fbc15',NULL),(1114,4,2,'https://www.tripadvisor.ru/SiteIndex-g293967-Uzbekistan.html','3e1a79cf45e86ed338f70ad307c1c171',NULL),(1115,4,2,'https://www.tripadvisor.ru/SiteIndex-g294473-Ukraine.html','cc5c980c7c96198d77ee103ae2cb2d14',NULL),(1116,4,2,'https://www.tripadvisor.ru/SiteIndex-g1746897-Wallis_and_Futuna.html','7c2b1e8ba89ce59ba97861aecb2afb14',NULL),(1117,4,2,'https://www.tripadvisor.ru/SiteIndex-g294064-Uruguay.html','587879c9b415505fc8d33eb9ad6dc8ec',NULL),(1118,4,2,'https://www.tripadvisor.ru/SiteIndex-g190329-Faroe_Islands.html','88b5122607883dc3ad0dfe9ea6810eee',NULL),(1119,4,2,'https://www.tripadvisor.ru/SiteIndex-g294198-Federated_States_of_Micronesia.html','f7a1de40c0a9cbf1a1d03d1472f9027c',NULL),(1120,4,2,'https://www.tripadvisor.ru/SiteIndex-g294331-Fiji.html','e9803505ea0626ff970683ed5c822e87',NULL),(1121,4,2,'https://www.tripadvisor.ru/SiteIndex-g294245-Philippines.html','382093648bba9e4ea1593fdc8f12936a',NULL),(1122,4,2,'https://www.tripadvisor.ru/SiteIndex-g189896-Finland.html','78a036f0f10da66369848104e6d0fcfd',NULL),(1123,4,2,'https://www.tripadvisor.ru/SiteIndex-g294270-Falkland_Islands.html','5b7d8cefa8a4e8094bdb7513586b1755',NULL),(1124,4,2,'https://www.tripadvisor.ru/SiteIndex-g187070-France.html','02b152c4b7fcf28d8506e70d969381e4',NULL),(1125,4,2,'https://www.tripadvisor.ru/SiteIndex-g294075-French_Guiana.html','a61e05afb2e1fbee790829fb2fc2feb7',NULL),(1126,4,2,'https://www.tripadvisor.ru/SiteIndex-g294338-French_Polynesia.html','8f86b16c67a0db56bf719bbf91c24c1c',NULL),(1127,4,2,'https://www.tripadvisor.ru/SiteIndex-g294453-Croatia.html','a4674da1ecff996d3b3955d404880ea2',NULL),(1128,4,2,'https://www.tripadvisor.ru/SiteIndex-g291958-Central_America.html','52e7641e8be67065648ecdb716e5927c',NULL),(1129,4,2,'https://www.tripadvisor.ru/SiteIndex-g293776-Central_African_Republic.html','5d3dbee1520f2f0ff9033fdaede25261',NULL),(1130,4,2,'https://www.tripadvisor.ru/SiteIndex-g293778-Chad.html','e305a7ece6957427ca69ddb33c256f18',NULL),(1131,4,2,'https://www.tripadvisor.ru/SiteIndex-g635648-Montenegro.html','5d804234eff85872793328b4be273b88',NULL),(1132,4,2,'https://www.tripadvisor.ru/SiteIndex-g274684-Czech_Republic.html','42f8986c8a6a4fe040b50c4d92fa5388',NULL),(1133,4,2,'https://www.tripadvisor.ru/SiteIndex-g294291-Chile.html','9ba08f8e6b7b2aa58122cdec50cc7fa6',NULL),(1134,4,2,'https://www.tripadvisor.ru/SiteIndex-g188045-Switzerland.html','5d8c1a1b18e9b6595ec99b76fb59f4cd',NULL),(1135,4,2,'https://www.tripadvisor.ru/SiteIndex-g189806-Sweden.html','03f5aed5ba97125401a518c5ae032e25',NULL),(1136,4,2,'https://www.tripadvisor.ru/SiteIndex-g293961-Sri_Lanka.html','7ca2f1c45544a83c6497a48611f13116',NULL),(1137,4,2,'https://www.tripadvisor.ru/SiteIndex-g294307-Ecuador.html','6d9f586d233ed08beae19a4bdaf677a8',NULL),(1138,4,2,'https://www.tripadvisor.ru/SiteIndex-g294437-Equatorial_Guinea.html','c245e9931ea5e9fad8e05b3c272eda4e',NULL),(1139,4,2,'https://www.tripadvisor.ru/SiteIndex-g293788-Eritrea.html','3dde3ec89face4da4a22c79e1428036f',NULL),(1140,4,2,'https://www.tripadvisor.ru/SiteIndex-g274952-Estonia.html','fe67b45a649948e809904adc7662044b',NULL),(1141,4,2,'https://www.tripadvisor.ru/SiteIndex-g293790-Ethiopia.html','0265868ba7ee2558b16a52b7867baf7d',NULL),(1142,4,2,'https://www.tripadvisor.ru/SiteIndex-g293740-South_Africa.html','5fbcf968dc6a500c386aeafc6fa30a59',NULL),(1143,4,2,'https://www.tripadvisor.ru/SiteIndex-g1593026-South_Georgia.html','75b0dd643d49804b7c290f71df4efbba',NULL),(1144,4,2,'https://www.tripadvisor.ru/SiteIndex-g294196-South_Korea.html','499d606501b1c255e7b466a9ebe6c923',NULL),(1145,4,2,'https://www.tripadvisor.ru/SiteIndex-g660185-South_Orkney_Islands.html','baf8d06d26b11d73b888d215235ab5ff',NULL),(1146,4,2,'https://www.tripadvisor.ru/SiteIndex-g660184-South_Shetland_Islands.html','f8ea27aa26a5a9af44429baddfc0b562',NULL),(1147,4,2,'https://www.tripadvisor.ru/SiteIndex-g2201790-South_Sudan.html','e61e9b4d0ee8151ef58e8811a15feb88',NULL),(1148,4,2,'https://www.tripadvisor.ru/SiteIndex-g669046-South_Pole.html','5645f50f1487d297f4c9cb2e4502e675',NULL),(1149,4,2,'https://www.tripadvisor.ru/SiteIndex-g294232-Japan.html','787fa0ba67c1d42f0ea5024e06be5f9e',NULL),(1150,4,3,'https://www.tripadvisor.ru/Hotels-g255055-Australia-Hotels.html','0d68194fc2d99e4dd3adf25983c14bc7',1),(1151,4,3,'https://www.tripadvisor.ru/Hotels-g190410-Austria-Hotels.html','d5b67df7b5f20a7e29f5138d700ea6ac',1),(1152,4,3,'https://www.tripadvisor.ru/Hotels-g293933-Azerbaijan-Hotels.html','79503cc67fc9bcdacd1a334c9fa3ee62',1);

#
# Structure for table "messages"
#

CREATE TABLE `messages` (
  `Id` int(11) NOT NULL AUTO_INCREMENT,
  PRIMARY KEY (`Id`)
) ENGINE=InnoDB DEFAULT CHARSET=utf8;

#
# Data for table "messages"
#


#
# Structure for table "records"
#

CREATE TABLE `records` (
  `Id` int(11) NOT NULL AUTO_INCREMENT,
  `link_id` int(11) NOT NULL DEFAULT '0',
  `num` int(11) unsigned NOT NULL DEFAULT '1',
  `key` varchar(255) NOT NULL DEFAULT '',
  `value` text NOT NULL,
  `value_hash` varchar(255) NOT NULL DEFAULT '',
  PRIMARY KEY (`Id`),
  UNIQUE KEY `record_unq` (`link_id`,`num`,`key`,`value_hash`),
  CONSTRAINT `records_ibfk_1` FOREIGN KEY (`link_id`) REFERENCES `links` (`Id`) ON DELETE CASCADE ON UPDATE CASCADE
) ENGINE=InnoDB DEFAULT CHARSET=utf8;

#
# Data for table "records"
#

REPLACE INTO `records` VALUES (465,926,1,'','Aboa','05cd33f25167c9edfbcc89000a5eb1cf'),(466,926,2,'','Mawson','38cfaed132b7d0bf89d4b9fdb2a3e043'),(467,926,3,'','Австралия','ee059fcb1663f4d5547af2b438ec2035'),(468,926,4,'','Австрия','c9baed786867e19ce12b799ad30a846a'),(469,926,5,'','Азербайджан','50dde2395842677cb5e9579d040e13d4'),(470,926,6,'','Азия','378b985626fe45b5dfa94326bedab27d'),(471,926,7,'','Албания','c5e0c52e29f4a029249a3bf8ff330d17'),(472,926,8,'','Алжир','3f239e82ba4b4e04a3fae1acfa03bb21'),(473,926,9,'','Американское Самоа','d9add00780aebebcc0c673d7fd056e5c'),(474,926,10,'','Ангола','30913975ac8745a94fd0aad7da467fa7'),(475,926,11,'','Андорра','85459e370cd4726af4fdbbc5d3788fbe'),(476,926,12,'','Антарктида','24bca8b95e3c5c54f1c212ed38966610'),(477,926,13,'','Антарктический полуостров','4755a81a30ad4a0aaef26c005a27da1f'),(478,926,14,'','Аргентина','d25bf007aa4cda61ea736cbcb1595aad'),(479,926,15,'','Армения','7cedb5798894ca94754291be95c0c316'),(480,926,16,'','Атолл Джонстон','30a551c85215b8a14722fca456c93ee6'),(481,926,17,'','Афганистан','fd22c6993c587d607da0b788cde7ceb4'),(482,926,18,'','Африка','a80f2fe8dab857900282f9fb30913159'),(483,926,19,'','Бангладеш','711acf630576bd2f2dd593d37a1d8c71'),(484,926,20,'','Бахрейн','ec10845c591f5a1af51cd038012cb618'),(485,926,21,'','Беларусь','1834e58a07a1bd761ded407b46f4d330'),(486,926,22,'','Белиз','8961a4f2b233ca6afab9aadb24a384c1'),(487,926,23,'','Бельгия','9e22647d54a5ad92b83cdef4538831b0'),(488,926,24,'','Бенин','cc29361d197eb6606d2d7300eb064b35'),(489,926,25,'','Ближний Восток','27262b0a473aa8084b36f872da344306'),(490,926,26,'','Болгария','51b8277e097eae3d64c9a08617208339'),(491,926,27,'','Боливия','81abd7e6591892caa8e91f6f70712470'),(492,926,28,'','Босния и Герцеговина','4d545c44c474e6086b8463b4d609087c'),(493,926,29,'','Ботсвана','fce11427aadd168e95ecc200b567b309'),(494,926,30,'','Бразилия','217f0730e87580a61c7ce03d944b9f8e'),(495,926,31,'','Британская территория Индийского океана','1bc633ee209f5427ce9e2fcf07d55725'),(496,926,32,'','Бруней-Даруссалам','e8533ea29a9eab387665200cd859eee2'),(497,926,33,'','Буркина-Фасо','dd8996b5c19043d2c22075054f005d2d'),(498,926,34,'','Бурунди','ad848c13677682da21725cd61e1fc828'),(499,926,35,'','Бутан','bb9513cac46e1b6863c70c5da1dab35f'),(500,926,36,'','Вануату','d6508dcdd33a56ba5f1d12914a504a42'),(501,926,37,'','Великобритания','180d15b48cc6b9d9307e3ef128cd8a16'),(502,926,38,'','Венгрия','383e618d5c834e5a010311299273066c'),(503,926,39,'','Венесуэла','b7f1481735ea1184ff565813a73abbef'),(504,926,40,'','Восточный Тимор','fd9b76a27e1ea07633104de61c52784c'),(505,926,41,'','Вьетнам','0d53e3696e25ff3043b8bfc28c5a5498'),(506,926,42,'','Габон','9fb7a568f6518130b40fd159fc3a9702'),(507,926,43,'','Гайяна','61b16291077c5139b48af4b2cbe28dc4'),(508,926,44,'','Гамбия','0dd3e7ea542d3c9deeb4c80056fb50f3'),(509,926,45,'','Гана','8d5b090d198eede5268c81364f0a732e'),(510,926,46,'','Гватемала','bff01115f789f027e78aafd96256d207'),(511,926,47,'','Гвинея','6074f03e6c56c72fead199b4433699e8'),(512,926,48,'','Гвинея-Бисау','3fcfe59bf1d4d6f0399d7d9f2d0e5d5a'),(513,926,49,'','Германия','aeb9b67118424390d5dd6e5961eee4ec'),(514,926,50,'','Гибралтар','0b194d4719e84125e4dd2eefa0df5810'),(515,926,51,'','Голанские высоты','c7ed36c1a20a575c2ea1cb7b862fcbf7'),(516,926,52,'','Гондурас','57d67a785169113a97d2cca9a809a868'),(517,926,53,'','Гренландия','4e4a448dd4dc9f871b5c9577c8f612f8'),(518,926,54,'','Греция','01a5d73c3d98415b53f5db87b4b274a5'),(519,926,55,'','Грузия','15de9110ee830c6ad8fb2303c40e22ed'),(520,926,56,'','Дания','15ce06b3fd0088a180a8b1771e3a168d'),(521,926,57,'','Демократическая Республика Конго','65b7a37baba2ecaadc0decce5eec03bb'),(522,926,58,'','Демократическая Республика Сан-Томе и Принсипи','d38d0d3569ce15495fc0955409663fd4'),(523,926,59,'','Джибути','1eb5df19b60e5f9678525682a3a799ce'),(524,926,60,'','Европа','f6ccf8d7bc4b0ef0868a50674063a2dc'),(525,926,61,'','Египет','8f8937995d7f732c4a764ef0133229b2'),(526,926,62,'','Замбия','fbad1e1f897d21291b9d674f51ecde77'),(527,926,63,'','Западная Сахара','f8b52e9078a6e40a011ddde6b7745961'),(528,926,64,'','Западный берег реки Иордан и сектор Газа','cce9ed170b970835ffdfa0f56cf6ba08'),(529,926,65,'','Земля принцессы Елизаветы','f9bc407f55c54e7127f08f8b0fd536f2'),(530,926,66,'','Зимбабве','a1137f779839129f888a6d89de119de3'),(531,926,67,'','Израиль','558593249e55b4cc9099013e2e849bdd'),(532,926,68,'','Иль-Хуан-да-Нова','947f222a00e06e979711dde9fd06e46b'),(533,926,69,'','Иль-Эуропа','90e13f2e4dbd5dc91dc3656f126ddc36'),(534,926,70,'','Индия','e48fa5f4fd84d08fef2c96cd0b55b9a3'),(535,926,71,'','Индонезия','bbcb5a8f759a2dfb7d84135552db1a76'),(536,926,72,'','Иордания','d8e3f4b711f84ae3cadc10ee1224564b'),(537,926,73,'','Ирак','7efaed65dbefd5af6c58c96faf9e34cc'),(538,926,74,'','Иран','997dfeb7e53f15f83e501dbaab5a165f'),(539,926,75,'','Ирландия','21541256d1124e7f4f12d3fed0d74fdb'),(540,926,76,'','Исландия','af99defe2b1bd81475722d903cc76583'),(541,926,77,'','Испания','dfd8b591b6ea2b24df15afb5c876c821'),(542,926,78,'','Италия','65769bfb9cb2d08a2418eaff10e201f4'),(543,926,79,'','Йемен','9c5e92fadb26d70a6433c17d4b6cae69'),(544,926,80,'','Кабо-Верде','8d00521fbeb681843945df34d18356d3'),(545,926,81,'','Казахстан','44461c767b44e33091f3898225221bbe'),(546,926,82,'','Камбоджа','e4c0f8444b623bbe9ee952bb8677f929'),(547,926,83,'','Камерун','d8c2c6a3dd5485a7979ab1fa58aeb33b'),(548,926,84,'','Канада','796f8e5f9bb18d9c87f502e1c2afb566'),(549,926,85,'','Карибские острова','4bdd24466f8bf3f8fbe12935a5de8d94'),(550,926,86,'','Катар','7345f2d480d95aeda10af8639082f62b'),(551,926,87,'','Кения','0301f9441853c55c504051cfc6f75622'),(552,926,88,'','Кипр','97b8ec33c395278375e1f10382ec9051'),(553,926,89,'','Киргизия','0292debecfea762412061438564c1f32'),(554,926,90,'','Китай','d0950f2eeb9a7c307c309dd78a5bd304'),(555,926,91,'','Колумбия','638e9626087d30db2df383ae110c078c'),(556,926,92,'','Коморские острова','db9a18def3a0ad904136ef7744ee6b0f'),(557,926,93,'','Косово','136e958ab593ec63bf32f16293a3b04d'),(558,926,94,'','Коста-Рика','797f5c9f2db6b1b3096178b8688afc34'),(559,926,95,'','Кот-д\'Ивуар','966bdd7502ad44c394997dcbeacf2dde'),(560,926,96,'','Крым','026a86a1049bcd83bd9e77f924a5c7b4'),(561,926,97,'','Кувейт','47c3125112155f3fa414cb008521707a'),(562,926,98,'','Лаос','1025c43242a4efad88528f830f036632'),(563,926,99,'','Латвия','406437e3b31602265842105e1b3f5aad'),(564,926,100,'','Лесото','0a638f78b840c5942dfc636bc264871a'),(565,926,101,'','Либерия','202bf75829b0637e4d45290275178289'),(566,926,102,'','Ливан','d8636da1b2945a1a629e3422c611c137'),(567,926,103,'','Ливия','0313604e7432821360962fb41798058f'),(568,926,104,'','Литва','f8d9bda8dc68aabf067896c73f1e7ad9'),(569,926,105,'','Лихтенштейн','b7e8b5b6a4e9b76512184492d903f968'),(570,926,106,'','Люксембург','1c4089694e9ad17ff5a5006b0e4cb2c9'),(571,926,107,'','Маврикий','e00604d15b150a602301842218d9c7b1'),(572,926,108,'','Мавритания','2bc00030cf9995a1d191019c23817b24'),(573,926,109,'','Мадагаскар','4a0e6b0e78405ecab5d6149d113fcf6a'),(574,926,110,'','Майотта','c7eec64d007c5ab8048afe29dff90997'),(575,926,111,'','Малави','db9c6cbd7e2663ed99db01eabd2e86f4'),(576,926,112,'','Малайзия','9b01f3ede098bf892b3d52a192e17247'),(577,926,113,'','Мали','6bfab2d986eddfbc1dde3c58b55e0941'),(578,926,114,'','Мальдивы','9e86034022eea088630aa44837919c32'),(579,926,115,'','Мальта','97f04d130b05b58c50d8ae2fab1c09fe'),(580,926,116,'','Марианские острова','be2b846cb7532953a8a60216554beacf'),(581,926,117,'','Марокко','2e28ab114ea967943a6fb81cab19f09d'),(582,926,118,'','Маршалловы острова','bfe6e547f121c9e68126492fa0649050'),(583,926,119,'','Мексика','7664cc5a6501713e2fc8309990272cbb'),(584,926,120,'','Мир','d0b1a135d431b14a344af3f7a4d50972'),(585,926,121,'','Мозамбик','43e82711c9ab4d4b36d88f8dc9e4b315'),(586,926,122,'','Молдова','118ef00d8f3bdd9d41c740b064338db4'),(587,926,123,'','Монако','f32a65c9e2ba4ec05de66f1a785d7b0a'),(588,926,124,'','Монголия','5cfeffdb5bc9e551c4918371c9093057'),(589,926,125,'','Мьянма','9b20fe68af51b30adaa80168dfc5ec8b'),(590,926,126,'','Намибия','b797bad9206f97446b2aa57f7ef3fbeb'),(591,926,127,'','Науру','dcfe44c5afa3c978f72dfda3f8ffaba5'),(592,926,128,'','Непал','a1ef80ce48e1813cdefe2460949ece22'),(593,926,129,'','Нигер','9b89407cfa75f02f76c4dccfecddaf8b'),(594,926,130,'','Нигерия','d13bc4f93321b9aec6e0e7daf24d146b'),(595,926,131,'','Нидерланды','32273741e73a651bcc5ce63634294323'),(596,926,132,'','Никарагуа','0266d8942c759ded440812001a201cb1'),(597,926,133,'','Ниуэ','ba0ee1b6bb4e8d24ebe3e4829086718e'),(598,926,134,'','Новая Зеландия','b87b2f957cd290a85f379a2f78ddf191'),(599,926,135,'','Новая Каледония','9a7c85e793fb930938a28213d405ae80'),(600,926,136,'','Норвегия','2ef48930e2e170f95ce339cb4c1870ab'),(601,926,137,'','ОАЭ','d44b9837a17073d4bbd2f20cff369675'),(602,926,138,'','Оман','46fe870a6c0d158bb0409397baed3d69'),(603,926,139,'','Остров Кувервиль','0b4103b0bc0c83e916be9f8b23de8948'),(604,926,140,'','Остров Реюньон','f5da9add2935d37aab4343450cd783a4'),(605,926,141,'','Остров Росс','8deeb9ff1b17fad02e353beec476328f'),(606,926,142,'','Остров Св. Елены','a35d0bfbbfe8e4b37c99d91fcfcdcde6'),(607,926,143,'','Остров Уэйк','7adfae1f0a022af0e5680da7ff1c533d'),(608,926,144,'','Острова Кука','8ade8be294c8e367cc108e6f59625327'),(609,926,145,'','Острова Питкэрн','e8302fb54dd48b3f900291e59084005c'),(610,926,146,'','Острова Уиндмилл','b95d6898b05aca78bca880331a45f639'),(611,926,147,'','Пакистан','564a90dc99d44f2baf4a1a3600784fae'),(612,926,148,'','Палау','398785e82424f46921b1a7a6619fe81c'),(613,926,149,'','Панама','4e2c96407808f023f2d88e721287193f'),(614,926,150,'','Папуа – Новая Гвинея','a8680ec407cdfb385e0bf0f0ed446ea3'),(615,926,151,'','Парагвай','8eebcaa04b7f6c65eeb37d754b75f637'),(616,926,152,'','Перу','bfde7275dbd5f2ef3bbe75efb00abfc6'),(617,926,153,'','Польша','b0fe45c67757497fa72cf9d608dabaf5'),(618,926,154,'','Португалия','89dbd47fb35af305cb50276e993aee47'),(619,926,155,'','Республика Кирибати','4cf5fc169a2c859019aeb217cd69d80b'),(620,926,156,'','Республика Конго','6ce08100503b464a92c1a0e7bf99dde0'),(621,926,157,'','Республика Македония','11ed2e5ae82dc1b3c2676fe167a0a14c'),(622,926,158,'','Россия','1ed1c408a4ac822b728a2077a1d9935c'),(623,926,159,'','Руанда','5715b792ffcd5c94f3d008963bb3fa39'),(624,926,160,'','Румыния','5a7d85ca96593eee982b54fea28faf9c'),(625,926,161,'','США','b7e7dfa0bf43a058752addd1eb1e1f47'),(626,926,162,'','Сальвадор','470b2d6b3202fb6cc1905bf53ccbf112'),(627,926,163,'','Самоа','d6516876a0266b13a3d284554f70ac6d'),(628,926,164,'','Сан-Марино','4d312df8fa49eeb8b2561367ba4a3b16'),(629,926,165,'','Саудовская Аравия','2533614a1762122fb85c58252343e5e4'),(630,926,166,'','Свазиленд','f574576c8a12813d1122c3a7709e3ac0'),(631,926,167,'','Северная Америка','5d2fa140f2248dae3aa2cb253b1af691'),(632,926,168,'','Северная Корея','af4572cbf9ca6affa7faf2c6fd37a909'),(633,926,169,'','Сейшельские острова','e3408299686c7143a2ee68e65875b0cb'),(634,926,170,'','Сен-Пьер и Микелон','a2a96fc55468a608ad0ccafd4106672d'),(635,926,171,'','Сенегал','3bc2601dfcf2e49e00115132af4eb867'),(636,926,172,'','Сербия','beca70422edbf5a34590a8fe57a65ba8'),(637,926,173,'','Сингапур','db983a1044222ac47f790c2b72c2a9b0'),(638,926,174,'','Сирия','21f86cfa937450a964b45669efe5abb0'),(639,926,175,'','Словакия','88d1dc5fcf5d0b35c2209c78a90c2064'),(640,926,176,'','Словения','b0e88c4414bbfbb3cf6fee873f1a3409'),(641,926,177,'','Соломоновы острова','82ab0eddacc5cfe530b42f46d57f11c7'),(642,926,178,'','Сомали','10c431bd77b5fc197bde13bda0d339ca'),(643,926,179,'','Судан','7c5c929afa9135235c4d1831ed68e727'),(644,926,180,'','Суринам','4e82a51a3dc5e5207bc9d2c0234c0877'),(645,926,181,'','Сьерра-Леоне','45c3f6ab6b33ce53b4829f880014f00d'),(646,926,182,'','Таджикистан','3ec46ba58d16080ed820ba799d50d096'),(647,926,183,'','Таиланд','32cf1e3fa7dd84244360c3492ddc6328'),(648,926,184,'','Тайвань','ea19c7625501a9dcd15b27bc2e32c259'),(649,926,185,'','Танзания','030d1d2da5ec49ff310a5e3a0a52dfcf'),(650,926,186,'','Того','a89dfc9fa6f289c2280ff56e3eb007fb'),(651,926,187,'','Токелау','d457d48b96f177e37ca6c531d00060c3'),(652,926,188,'','Тонга','dba9ae3779937144bd6e818b9e5e8cc6'),(653,926,189,'','Тромелин','1698c4e34df4d121daf728ec23c69971'),(654,926,190,'','Тувалу','485d434fa74f2b82d2a48ab2dcfe1ab3'),(655,926,191,'','Тунис','6cfe0cd64bc3691a5f97a705bd4f5a69'),(656,926,192,'','Туркменистан','dcc76a60d83d5fe49b07434241e66783'),(657,926,193,'','Турция','7789ba2876d43f96ef32d7daa83376a9'),(658,926,194,'','Уганда','8e946befb212e49d7a69484cb920b757'),(659,926,195,'','Узбекистан','56fa5e7463cd76b01da02008c75c2fbf'),(660,926,196,'','Украина','a36132306e4574ca78381ceaac5b9e15'),(661,926,197,'','Уоллис и Футуна','1f8627a8377d0aa03b7912d7d6d80162'),(662,926,198,'','Уругвай','bb0fdeaec453fea807a35d0271c2f227'),(663,926,199,'','Фарерские острова','ed2daa5dc8009efd617b5ccf860ed21e'),(664,926,200,'','Федеративные Штаты Микронезии','13655f7d1f56aa017a3bc0ce58da0ed3'),(665,926,201,'','Фиджи','7921f2559a448977905ac7d5d52a277c'),(666,926,202,'','Филиппины','f120b5566aaa3c6507360cb46e5ed63d'),(667,926,203,'','Финляндия','69ef0197bd10dd85fc4edb98743a87b0'),(668,926,204,'','Фолклендские острова','16ff014e35572bc1ac6bd58707a3285e'),(669,926,205,'','Франция','7954da367de778a0f1cde37e74f477c1'),(670,926,206,'','Французская Гвиана','f3ade4c349894ce52ab2d3422e6b6795'),(671,926,207,'','Французская Полинезия','7e7e91fda2f968a08e003e3a6bd8e59f'),(672,926,208,'','Хорватия','cda91125fa573848865d397d5309a99d'),(673,926,209,'','Центральная Америка','9bc5d5ff4ea5ac32710cb88835fbf4ee'),(674,926,210,'','Центральноафриканская Республика','3930d771ade41c9f99793e3fbf06c705'),(675,926,211,'','Чад','f837a0b3b3a4e81adb51fdb2d6149f5d'),(676,926,212,'','Черногория','f2126e0c243e820591f38b92ed608e66'),(677,926,213,'','Чехия','acace871966dd6908b7db28a619502e7'),(678,926,214,'','Чили','e99aee809a83b88eb746d322a8f41b8d'),(679,926,215,'','Швейцария','74a86b5543f0ea4c8fc7591a13ed021b'),(680,926,216,'','Швеция','8996ba26eb0edf7ea5a055dc16c2ccbd'),(681,926,217,'','Шри-Ланка','3305c598053dc04b626bae94b3ca86ad'),(682,926,218,'','Эквадор','414529a53549faefc547241a432608aa'),(683,926,219,'','Экваториальная Гвинея','3e85656ccf15514d56b95daf077a57db'),(684,926,220,'','Эритрея','6ae5fad7c1665406690fafa8dabccd66'),(685,926,221,'','Эстония','cbf1d42b79f82d408afe0adc9ad3a68d'),(686,926,222,'','Эфиопия','dc364d0ac08e432e1157787a12e2b949'),(687,926,223,'','Южная Америка','784b05c512fa39bcaff824fba3fc74a4'),(688,926,224,'','Южная Африка','1ca59b700f2cfbc8fbe20a2abacfd1d3'),(689,926,225,'','Южная Джоржия и Южные Сандвичевы острова','a8d1ad5b8d3af49e15c5454fde6198e9'),(690,926,226,'','Южная Корея','14a2f6848f9e0cdf6d6b5977f3730a18'),(691,926,227,'','Южнотихоокенский регион','672f6d62b175c9f3f7397214e5c6cd3d'),(692,926,228,'','Южные Оркнейские острова','6ca2cf40eae63550fa0a07aa2b904a71'),(693,926,229,'','Южные Шетландские острова','b0f98e38e7c457296064c9e0b1a85d25'),(694,926,230,'','Южный Судан','5e024e8ade08ba8fbe0a3d613365cc4b'),(695,926,231,'','Южный полюс','1de0ed99c13ef54855b41098daaac41d'),(696,926,232,'','Япония','6646a19c1346a88dd9f0ca6964184bae');
