# Host: localhost  (Version: 5.5.29)
# Date: 2017-01-17 07:45:09
# Generator: MySQL-Front 5.3  (Build 1.27)

/*!40101 SET @OLD_CHARACTER_SET_CLIENT=@@CHARACTER_SET_CLIENT */;
/*!40101 SET @OLD_CHARACTER_SET_RESULTS=@@CHARACTER_SET_RESULTS */;
/*!40101 SET @OLD_COLLATION_CONNECTION=@@COLLATION_CONNECTION */;
/*!40101 SET NAMES utf8 */;
/*!40101 SET @OLD_SQL_MODE=@@SQL_MODE */;
/*!40101 SET SQL_MODE='STRICT_TRANS_TABLES,NO_AUTO_CREATE_USER,NO_ENGINE_SUBSTITUTION' */;
/*!40111 SET @OLD_SQL_NOTES=@@SQL_NOTES */;
/*!40103 SET SQL_NOTES='ON' */;
/*!40014 SET @OLD_UNIQUE_CHECKS=@@UNIQUE_CHECKS */;
/*!40014 SET UNIQUE_CHECKS=0 */;
/*!40014 SET @OLD_FOREIGN_KEY_CHECKS=@@FOREIGN_KEY_CHECKS */;
/*!40014 SET FOREIGN_KEY_CHECKS=0 */;

#
# Source for table "job_regexp_type_ref"
#

CREATE TABLE `job_regexp_type_ref` (
  `Id` tinyint(3) NOT NULL DEFAULT '0',
  `refval` varchar(255) NOT NULL DEFAULT '',
  PRIMARY KEY (`Id`)
) ENGINE=InnoDB DEFAULT CHARSET=utf8;

#
# Data for table "job_regexp_type_ref"
#

REPLACE INTO `job_regexp_type_ref` VALUES (1,'accept if match in inside HTML');

#
# Source for table "jobs"
#

CREATE TABLE `jobs` (
  `Id` int(11) NOT NULL AUTO_INCREMENT,
  `caption` varchar(255) NOT NULL DEFAULT '',
  `zero_link` text NOT NULL,
  PRIMARY KEY (`Id`)
) ENGINE=InnoDB AUTO_INCREMENT=5 DEFAULT CHARSET=utf8;

#
# Data for table "jobs"
#

REPLACE INTO `jobs` VALUES (4,'TripAdvisor','https://www.tripadvisor.ru/SiteIndex');

#
# Source for table "job_levels"
#

CREATE TABLE `job_levels` (
  `Id` int(11) NOT NULL AUTO_INCREMENT,
  `job_id` int(11) NOT NULL DEFAULT '0',
  `level` int(11) NOT NULL DEFAULT '0',
  PRIMARY KEY (`Id`),
  UNIQUE KEY `job_level_unq` (`job_id`,`level`),
  KEY `job_id` (`job_id`),
  CONSTRAINT `job_levels_ibfk_1` FOREIGN KEY (`job_id`) REFERENCES `jobs` (`Id`) ON DELETE CASCADE ON UPDATE CASCADE
) ENGINE=InnoDB AUTO_INCREMENT=8 DEFAULT CHARSET=utf8;

#
# Data for table "job_levels"
#

REPLACE INTO `job_levels` VALUES (1,4,1),(2,4,2),(3,4,3),(6,4,4),(7,4,5);

#
# Source for table "job_groups"
#

CREATE TABLE `job_groups` (
  `Id` int(11) NOT NULL AUTO_INCREMENT,
  `job_level_id` int(11) DEFAULT NULL,
  `notes` varchar(255) DEFAULT NULL,
  PRIMARY KEY (`Id`),
  KEY `job_level_id` (`job_level_id`),
  CONSTRAINT `job_groups_ibfk_1` FOREIGN KEY (`job_level_id`) REFERENCES `job_levels` (`Id`) ON DELETE CASCADE ON UPDATE CASCADE
) ENGINE=InnoDB AUTO_INCREMENT=11 DEFAULT CHARSET=utf8;

#
# Data for table "job_groups"
#

REPLACE INTO `job_groups` VALUES (1,1,'страна'),(2,2,NULL),(3,3,NULL),(4,3,NULL),(7,6,NULL),(8,6,NULL),(9,7,NULL),(10,7,NULL);

#
# Source for table "job_rules"
#

CREATE TABLE `job_rules` (
  `Id` int(11) NOT NULL AUTO_INCREMENT,
  `group_id` int(11) NOT NULL DEFAULT '0',
  `description` varchar(255) DEFAULT NULL,
  `container_offset` int(3) DEFAULT NULL,
  `critical_type` tinyint(3) DEFAULT NULL,
  PRIMARY KEY (`Id`),
  KEY `group_id` (`group_id`),
  CONSTRAINT `job_rules_ibfk_1` FOREIGN KEY (`group_id`) REFERENCES `job_groups` (`Id`) ON DELETE CASCADE ON UPDATE CASCADE
) ENGINE=InnoDB AUTO_INCREMENT=16 DEFAULT CHARSET=utf8;

#
# Data for table "job_rules"
#

REPLACE INTO `job_rules` VALUES (2,1,'ссылка на страну',2,1),(4,2,'ссылка на раздел Отели',0,2),(8,4,'ссылка на регион',8,1),(9,3,'след страница',0,2),(11,8,'ссылка на отель',9,2),(12,7,'след страница',0,2),(13,10,'альт название',0,0),(14,9,'название',0,2),(15,1,'страна',2,1);

#
# Source for table "job_nodes"
#

CREATE TABLE `job_nodes` (
  `Id` int(11) NOT NULL AUTO_INCREMENT,
  `job_rule_id` int(11) NOT NULL DEFAULT '0',
  `tag` varchar(255) NOT NULL DEFAULT '',
  `index` int(11) NOT NULL DEFAULT '0',
  `tag_id` varchar(255) DEFAULT NULL,
  `class` varchar(255) DEFAULT NULL,
  `name` varchar(255) DEFAULT NULL,
  PRIMARY KEY (`Id`),
  KEY `job_rule_id` (`job_rule_id`),
  CONSTRAINT `job_nodes_ibfk_1` FOREIGN KEY (`job_rule_id`) REFERENCES `job_rules` (`Id`) ON DELETE CASCADE ON UPDATE CASCADE
) ENGINE=InnoDB AUTO_INCREMENT=204 DEFAULT CHARSET=utf8;

#
# Data for table "job_nodes"
#

REPLACE INTO `job_nodes` VALUES (2,2,'HTML',1,NULL,NULL,NULL),(3,2,'BODY',1,NULL,'ltr domn_ru lang_ru long_prices globalNav2011_reset css_commerce_buttons flat_buttons sitewide xo_pin_user_review_to_top track_back',NULL),(4,2,'DIV',3,'PAGE',' non_hotels_like desktop scopedSearch',NULL),(5,2,'DIV',4,'MAINWRAP',' ',NULL),(6,2,'DIV',1,'MAIN','SiteIndex\r\n prodp13n_jfy_overflow_visible\r\n ',NULL),(7,2,'DIV',1,'BODYCON','col poolB adjust_padding new_meta_chevron_v2',NULL),(8,2,'DIV',2,NULL,'sectionCollection',NULL),(9,2,'DIV',1,NULL,'resizingMargins',NULL),(10,2,'DIV',1,'taplc_html_sitemap_payload_0','ppr_rup ppr_priv_html_sitemap_payload',NULL),(11,2,'DIV',1,NULL,'prw_rup prw_links_sitemap_container',NULL),(12,2,'DIV',1,NULL,'world_destinations container',NULL),(13,2,'UL',1,NULL,NULL,NULL),(14,2,'LI',1,NULL,NULL,NULL),(15,2,'A',1,NULL,NULL,NULL),(30,4,'HTML',1,NULL,NULL,NULL),(31,4,'BODY',1,NULL,'ltr domn_ru lang_ru long_prices globalNav2011_reset css_commerce_buttons flat_buttons sitewide xo_pin_user_review_to_top track_back',NULL),(32,4,'DIV',3,'PAGE',' non_hotels_like desktop scopedSearch',NULL),(33,4,'DIV',1,'HEAD','',NULL),(34,4,'DIV',1,NULL,'masthead\r\n masthead_war_dropdown_enabled masthead_notification_enabled\r\n ',NULL),(35,4,'DIV',2,NULL,' tabsBar',NULL),(36,4,'UL',1,NULL,'tabs',NULL),(37,4,'LI',2,NULL,'tabItem hvrIE6',NULL),(38,4,'A',1,NULL,'tabLink pid4965',NULL),(85,8,'HTML',1,NULL,NULL,NULL),(86,8,'BODY',1,NULL,'ltr domn_ru lang_ru long_prices globalNav2011_reset css_commerce_buttons flat_buttons sitewide xo_pin_user_review_to_top track_back',NULL),(87,8,'DIV',3,'PAGE',' hotels_like desktop scopedSearch withMapIcon bg_f8',NULL),(88,8,'DIV',3,'DEALSHOME',NULL,NULL),(89,8,'DIV',1,'MAIN',NULL,NULL),(90,8,'DIV',2,NULL,'maincontent rollup',NULL),(91,8,'DIV',1,'SDTOPDESTCONTENT','topdestinations rollup',NULL),(92,8,'DIV',1,'LOCATION_LIST','deckB',NULL),(93,8,'DIV',1,'BROAD_GRID',NULL,NULL),(94,8,'DIV',1,NULL,'geos_grid',NULL),(95,8,'DIV',1,NULL,'geos_row',NULL),(96,8,'DIV',1,NULL,'geo_wrap',NULL),(97,8,'DIV',1,NULL,'geo_entry',NULL),(98,8,'DIV',1,NULL,'geo_info',NULL),(99,8,'DIV',2,NULL,'geo_name',NULL),(100,8,'A',1,NULL,NULL,NULL),(101,9,'HTML',1,NULL,NULL,NULL),(102,9,'BODY',1,NULL,'ltr domn_ru lang_ru long_prices globalNav2011_reset css_commerce_buttons flat_buttons sitewide xo_pin_user_review_to_top track_back',NULL),(103,9,'DIV',3,'PAGE',' hotels_like desktop scopedSearch withMapIcon bg_f8',NULL),(104,9,'DIV',3,'DEALSHOME',NULL,NULL),(105,9,'DIV',1,'MAIN',NULL,NULL),(106,9,'DIV',2,NULL,'maincontent rollup',NULL),(107,9,'DIV',1,'SDTOPDESTCONTENT','topdestinations rollup',NULL),(108,9,'DIV',2,NULL,'deckTools btm',NULL),(109,9,'DIV',1,NULL,'unified pagination ',NULL),(110,9,'A',1,NULL,'nav next rndBtn ui_button primary taLnk',NULL),(131,11,'HTML',1,NULL,NULL,NULL),(132,11,'BODY',1,NULL,'ltr domn_ru lang_ru long_prices globalNav2011_reset css_commerce_buttons flat_buttons sitewide xo_pin_user_review_to_top track_back',NULL),(133,11,'DIV',3,'PAGE','meta_hotels hotels_like desktop scopedSearch withMapIcon bg_f8',NULL),(134,11,'DIV',6,'MAINWRAP',' hotels_lf_redesign flexChevron ',NULL),(135,11,'DIV',2,'MAIN','Hotels\r\n condense_filters prodp13n_jfy_overflow_visible\r\n ',NULL),(136,11,'DIV',1,'BODYCON','col poolA new_meta_chevron_v2',NULL),(137,11,'DIV',3,NULL,'gridA single_col_hotels txtLnkDropDown ',NULL),(138,11,'DIV',1,NULL,'col balance',NULL),(139,11,'DIV',5,'HAC_RESULTS',NULL,NULL),(140,11,'DIV',2,NULL,'hotels_list_placement',NULL),(141,11,'DIV',1,'taplc_hotels_list_short_cells2_0','ppr_rup ppr_priv_hotels_list_short_cells2',NULL),(142,11,'DIV',1,'ACCOM_OVERVIEW','deckA hacTabLIST shortCells long_prices noDates sbs txtLnkULHover bookingEnabled firstPage ',NULL),(143,11,'DIV',3,'hotel_3259472','listing easyClear p13n_imperfect ',NULL),(144,11,'DIV',1,NULL,'prw_rup prw_meta_short_cell_listing',NULL),(145,11,'DIV',1,NULL,'meta_listing easyClear metaCacheKey msk',NULL),(146,11,'DIV',1,NULL,'metaLocationInfo nonen',NULL),(147,11,'DIV',1,NULL,'property_details easyClear',NULL),(148,11,'DIV',1,NULL,'listing_info popIndexValidation styleguide_ratings',NULL),(149,11,'DIV',1,NULL,'listing_title',NULL),(150,11,'A',1,'property_3259472','property_title ',NULL),(151,12,'HTML',1,NULL,NULL,NULL),(152,12,'BODY',1,NULL,'ltr domn_ru lang_ru long_prices globalNav2011_reset css_commerce_buttons flat_buttons sitewide xo_pin_user_review_to_top track_back',NULL),(153,12,'DIV',3,'PAGE','meta_hotels hotels_like desktop scopedSearch withMapIcon bg_f8',NULL),(154,12,'DIV',6,'MAINWRAP',' hotels_lf_redesign flexChevron ',NULL),(155,12,'DIV',2,'MAIN','Hotels\r\n condense_filters prodp13n_jfy_overflow_visible\r\n ',NULL),(156,12,'DIV',1,'BODYCON','col poolB new_meta_chevron_v2',NULL),(157,12,'DIV',3,NULL,'gridA single_col_hotels txtLnkDropDown ',NULL),(158,12,'DIV',1,NULL,'col balance',NULL),(159,12,'DIV',5,'HAC_RESULTS',NULL,NULL),(160,12,'DIV',2,NULL,'hotels_list_placement',NULL),(161,12,'DIV',1,'taplc_hotels_list_short_cells2_0','ppr_rup ppr_priv_hotels_list_short_cells2',NULL),(162,12,'DIV',1,'ACCOM_OVERVIEW','deckA hacTabLIST shortCells long_prices noDates sbs txtLnkULHover bookingEnabled firstPage ',NULL),(163,12,'DIV',40,NULL,'deckTools easyClear unified_pagination',NULL),(164,12,'DIV',2,NULL,'prw_rup prw_common_standard_pagination',NULL),(165,12,'DIV',1,NULL,'unified pagination standard_pagination',NULL),(166,12,'A',1,NULL,'nav next ui_button primary taLnk',NULL),(167,13,'HTML',1,NULL,NULL,NULL),(168,13,'BODY',1,NULL,' fall_2013_refresh_hr_top css_commerce_buttons ltr domn_ru lang_ru long_prices globalNav2011_reset hr_tabs_placement_test tabs_below_meta hr_tabs content_blocks flat_buttons sitewide xo_pin_user_review_to_top track_back',NULL),(169,13,'DIV',3,'PAGE',' non_hotels_like desktop gutterAd scopedSearch bg_f8',NULL),(170,13,'DIV',5,'taplc_poi_header_0','ppr_rup ppr_priv_poi_header',NULL),(171,13,'DIV',1,NULL,'heading_2014 hr_heading',NULL),(172,13,'DIV',1,NULL,'header_container',NULL),(173,13,'DIV',1,NULL,'full_width',NULL),(174,13,'DIV',1,'HEADING_GROUP','',NULL),(175,13,'DIV',1,NULL,'headingWrapper easyClear ',NULL),(176,13,'DIV',1,NULL,'heading_name_wrapper',NULL),(177,13,'H1',1,'HEADING','heading_name with_alt_title limit_width_800',NULL),(178,13,'SPAN',1,NULL,'altHead',NULL),(179,14,'HTML',1,NULL,NULL,NULL),(180,14,'BODY',1,NULL,' fall_2013_refresh_hr_top css_commerce_buttons ltr domn_ru lang_ru long_prices globalNav2011_reset hr_tabs_placement_test tabs_below_meta hr_tabs content_blocks flat_buttons sitewide xo_pin_user_review_to_top track_back',NULL),(181,14,'DIV',3,'PAGE',' non_hotels_like desktop gutterAd scopedSearch bg_f8',NULL),(182,14,'DIV',5,'taplc_poi_header_0','ppr_rup ppr_priv_poi_header',NULL),(183,14,'DIV',1,NULL,'heading_2014 hr_heading',NULL),(184,14,'DIV',1,NULL,'header_container',NULL),(185,14,'DIV',1,NULL,'full_width',NULL),(186,14,'DIV',1,'HEADING_GROUP','',NULL),(187,14,'DIV',1,NULL,'headingWrapper easyClear ',NULL),(188,14,'DIV',1,NULL,'heading_name_wrapper',NULL),(189,14,'H1',1,'HEADING','heading_name with_alt_title limit_width_800',NULL),(190,15,'HTML',1,NULL,NULL,NULL),(191,15,'BODY',1,NULL,'ltr domn_ru lang_ru long_prices globalNav2011_reset css_commerce_buttons flat_buttons sitewide xo_pin_user_review_to_top track_back',NULL),(192,15,'DIV',3,'PAGE',' non_hotels_like desktop scopedSearch',NULL),(193,15,'DIV',5,'MAINWRAP',' ',NULL),(194,15,'DIV',1,'MAIN','SiteIndex\r\n prodp13n_jfy_overflow_visible\r\n ',NULL),(195,15,'DIV',1,'BODYCON','col poolA adjust_padding new_meta_chevron_v2',NULL),(196,15,'DIV',2,NULL,'sectionCollection',NULL),(197,15,'DIV',1,NULL,'resizingMargins',NULL),(198,15,'DIV',1,'taplc_html_sitemap_payload_0','ppr_rup ppr_priv_html_sitemap_payload',NULL),(199,15,'DIV',1,NULL,'prw_rup prw_links_sitemap_container',NULL),(200,15,'DIV',1,NULL,'world_destinations container',NULL),(201,15,'UL',1,NULL,NULL,NULL),(202,15,'LI',1,NULL,NULL,NULL),(203,15,'A',1,NULL,NULL,NULL);

#
# Source for table "job_regexp"
#

CREATE TABLE `job_regexp` (
  `Id` int(11) NOT NULL AUTO_INCREMENT,
  `job_rule_id` int(11) NOT NULL DEFAULT '0',
  `regexp` varchar(255) NOT NULL DEFAULT '',
  `type_refid` tinyint(3) NOT NULL DEFAULT '0',
  PRIMARY KEY (`Id`),
  KEY `job_rule_id` (`job_rule_id`),
  KEY `type_refid` (`type_refid`),
  CONSTRAINT `job_regexp_ibfk_2` FOREIGN KEY (`type_refid`) REFERENCES `job_regexp_type_ref` (`Id`),
  CONSTRAINT `job_regexp_ibfk_1` FOREIGN KEY (`job_rule_id`) REFERENCES `job_rules` (`Id`) ON DELETE CASCADE ON UPDATE CASCADE
) ENGINE=InnoDB AUTO_INCREMENT=6 DEFAULT CHARSET=utf8;

#
# Data for table "job_regexp"
#

REPLACE INTO `job_regexp` VALUES (1,2,'-g(\\d){3,}-',1),(2,4,'/Hotels-',1),(5,9,'-oa(\\d)+-',1);

#
# Source for table "job_rule_links"
#

CREATE TABLE `job_rule_links` (
  `Id` int(11) NOT NULL AUTO_INCREMENT,
  `job_rule_id` int(11) NOT NULL DEFAULT '0',
  `level` int(11) NOT NULL DEFAULT '0',
  PRIMARY KEY (`Id`),
  KEY `job_rule_id` (`job_rule_id`),
  CONSTRAINT `job_rule_links_ibfk_1` FOREIGN KEY (`job_rule_id`) REFERENCES `job_rules` (`Id`) ON DELETE CASCADE ON UPDATE CASCADE
) ENGINE=InnoDB AUTO_INCREMENT=13 DEFAULT CHARSET=utf8;

#
# Data for table "job_rule_links"
#

REPLACE INTO `job_rule_links` VALUES (2,2,2),(4,4,3),(8,8,4),(9,9,3),(11,11,5),(12,12,4);

#
# Source for table "job_rule_records"
#

CREATE TABLE `job_rule_records` (
  `Id` int(11) NOT NULL AUTO_INCREMENT,
  `job_rule_id` int(11) NOT NULL DEFAULT '0',
  `key` varchar(255) NOT NULL DEFAULT '',
  PRIMARY KEY (`Id`),
  KEY `job_rule_id` (`job_rule_id`),
  CONSTRAINT `job_rule_records_ibfk_1` FOREIGN KEY (`job_rule_id`) REFERENCES `job_rules` (`Id`) ON DELETE CASCADE ON UPDATE CASCADE
) ENGINE=InnoDB AUTO_INCREMENT=6 DEFAULT CHARSET=utf8;

#
# Data for table "job_rule_records"
#

REPLACE INTO `job_rule_records` VALUES (3,13,'alt_title'),(4,14,'title'),(5,15,'ru_country');

#
# Source for table "links"
#

CREATE TABLE `links` (
  `Id` int(11) NOT NULL AUTO_INCREMENT,
  `job_id` int(11) NOT NULL DEFAULT '0',
  `level` int(11) NOT NULL DEFAULT '0',
  `link` text NOT NULL,
  `link_hash` varchar(255) NOT NULL DEFAULT '',
  `handled` tinyint(3) DEFAULT NULL,
  PRIMARY KEY (`Id`),
  UNIQUE KEY `link_unq` (`job_id`,`link_hash`),
  KEY `job_id` (`job_id`,`handled`),
  CONSTRAINT `links_ibfk_1` FOREIGN KEY (`job_id`) REFERENCES `jobs` (`Id`) ON DELETE CASCADE ON UPDATE CASCADE
) ENGINE=InnoDB DEFAULT CHARSET=utf8;

#
# Data for table "links"
#

REPLACE INTO `links` VALUES (467,4,1,'https://www.tripadvisor.ru/SiteIndex','259e648a0b263a265c02b31b0d9afa4b',1),(468,4,2,'https://www.tripadvisor.ru/SiteIndex-g1778095-Aboa.html','eced66c97d52e7f8c3c4d0dd16a46a58',NULL),(469,4,2,'https://www.tripadvisor.ru/SiteIndex-g1504599-Mawson.html','e63125dfbf555184db47de1e033abb0a',NULL),(470,4,2,'https://www.tripadvisor.ru/SiteIndex-g255055-Australia.html','97a8cc44b1a63e752d0b38b38e5e33f0',NULL),(471,4,2,'https://www.tripadvisor.ru/SiteIndex-g190410-Austria.html','d20f9ed058b087b0fc73a20994a5accb',NULL),(472,4,2,'https://www.tripadvisor.ru/SiteIndex-g293933-Azerbaijan.html','00ce9a7e6909431310fcdfa50e129068',NULL),(473,4,2,'https://www.tripadvisor.ru/SiteIndex-g294445-Albania.html','5c5810ba92114a6ec89dc0827537fc85',NULL),(474,4,2,'https://www.tripadvisor.ru/SiteIndex-g293717-Algeria.html','c73fbfa382924631ff0aade0db4f2215',NULL),(475,4,2,'https://www.tripadvisor.ru/SiteIndex-g60665-American_Samoa.html','d005abeccb2c045f87caee57a7a9eee6',NULL),(476,4,2,'https://www.tripadvisor.ru/SiteIndex-g293762-Angola.html','764ddea38e002487c0691b4dfbb4a1b2',NULL),(477,4,2,'https://www.tripadvisor.ru/SiteIndex-g190391-Andorra.html','15e975c90ec8e6cef4010d3d3671c2bb',NULL),(478,4,2,'https://www.tripadvisor.ru/SiteIndex-g660183-Antarctic_Peninsula.html','be44ad2c80f7f80ccbda5ab07119a761',NULL),(479,4,2,'https://www.tripadvisor.ru/SiteIndex-g294266-Argentina.html','be6a642ab5a248db1773115537c75e09',NULL),(480,4,2,'https://www.tripadvisor.ru/SiteIndex-g293931-Armenia.html','388525cdd2e6646369c7e586da5ca2ba',NULL),(481,4,2,'https://www.tripadvisor.ru/SiteIndex-g60666-Johnston_Atoll.html','ccd46052f13d51ebf5485d81e2f32b2e',NULL),(482,4,2,'https://www.tripadvisor.ru/SiteIndex-g659499-Afghanistan.html','309428cef726b04ac2415f748ab06d8c',NULL),(483,4,2,'https://www.tripadvisor.ru/SiteIndex-g293935-Bangladesh.html','a3d66b76a84f99c2627e0f187a53b96c',NULL),(484,4,2,'https://www.tripadvisor.ru/SiteIndex-g293996-Bahrain.html','1d02d8e4270619a3ac525ffddc7b3c16',NULL),(485,4,2,'https://www.tripadvisor.ru/SiteIndex-g294447-Belarus.html','c5ac82bd1f92345a1b0ca0cb821e4875',NULL),(486,4,2,'https://www.tripadvisor.ru/SiteIndex-g291959-Belize.html','c1981fffe1f4684bcc541487281ea371',NULL),(487,4,2,'https://www.tripadvisor.ru/SiteIndex-g188634-Belgium.html','09dda4858ba6fbea5612bd7bd3a03fac',NULL),(488,4,2,'https://www.tripadvisor.ru/SiteIndex-g293764-Benin.html','1a81778912be516dae5134a7617c66d3',NULL),(489,4,2,'https://www.tripadvisor.ru/SiteIndex-g294451-Bulgaria.html','e46d8ee503f675181ea9f4e600d00d73',NULL),(490,4,2,'https://www.tripadvisor.ru/SiteIndex-g294071-Bolivia.html','29476a557a6bd350127724817a8a723a',NULL),(491,4,2,'https://www.tripadvisor.ru/SiteIndex-g294449-Bosnia_and_Herzegovina.html','39d05e4b370281e9e4c1fbbf46cbd516',NULL),(492,4,2,'https://www.tripadvisor.ru/SiteIndex-g293766-Botswana.html','dd23663806c52d2f55ee8549d88b876b',NULL),(493,4,2,'https://www.tripadvisor.ru/SiteIndex-g294280-Brazil.html','ec0af71a8f4c0407fc731f263ae45e2c',NULL),(494,4,2,'https://www.tripadvisor.ru/SiteIndex-g670819-Indian_Ocean.html','57c3846d67c4f51bf5f3c91658a11b7f',NULL),(495,4,2,'https://www.tripadvisor.ru/SiteIndex-g293937-Brunei_Darussalam.html','20ee35007c2c8b3461a7de9c75de99fb',NULL),(496,4,2,'https://www.tripadvisor.ru/SiteIndex-g293768-Burkina_Faso.html','9821845bd4cc55d887fa63005c6efd42',NULL),(497,4,2,'https://www.tripadvisor.ru/SiteIndex-g293770-Burundi.html','f37f4a1c8399a36b044203cc526b86d2',NULL),(498,4,2,'https://www.tripadvisor.ru/SiteIndex-g293844-Bhutan.html','adeed2bc34406036c4f8702011d1ccdc',NULL),(499,4,2,'https://www.tripadvisor.ru/SiteIndex-g294143-Vanuatu.html','9d09531184ac6cc669b640bdb21f5931',NULL),(500,4,2,'https://www.tripadvisor.ru/SiteIndex-g186216-United_Kingdom.html','cb27eb134c8f1b036d324c3c6293bc97',NULL),(501,4,2,'https://www.tripadvisor.ru/SiteIndex-g274881-Hungary.html','8b1e34138355ae05092491ddf7649aba',NULL),(502,4,2,'https://www.tripadvisor.ru/SiteIndex-g294324-Venezuela.html','a0e8e3470143665c2cc3c87181be73cc',NULL),(503,4,2,'https://www.tripadvisor.ru/SiteIndex-g295117-East_Timor.html','300b5d15c88bcebb93e767f297bbb74f',NULL),(504,4,2,'https://www.tripadvisor.ru/SiteIndex-g293921-Vietnam.html','72e60eba565f551ab1aaa811191c3897',NULL),(505,4,2,'https://www.tripadvisor.ru/SiteIndex-g293792-Gabon.html','c9967737922e412343a0a21ba847d150',NULL),(506,4,2,'https://www.tripadvisor.ru/SiteIndex-g294077-Guyana.html','4bcfd8a4c924d3e8d0bd17718160548e',NULL),(507,4,2,'https://www.tripadvisor.ru/SiteIndex-g293794-Gambia.html','0a9f83e924a00b7506cf9090eacefe78',NULL),(508,4,2,'https://www.tripadvisor.ru/SiteIndex-g293796-Ghana.html','87eab84caad5fa802e85d3e57a9cf41e',NULL),(509,4,2,'https://www.tripadvisor.ru/SiteIndex-g292002-Guatemala.html','30251c8c531fad08bc47409bf2674654',NULL),(510,4,2,'https://www.tripadvisor.ru/SiteIndex-g293798-Guinea.html','b03bdb4ad8183d2365afa8dc1260c77f',NULL),(511,4,2,'https://www.tripadvisor.ru/SiteIndex-g293800-Guinea_Bissau.html','5f8ae628b680c7fa2e7b95958d17e8e1',NULL),(512,4,2,'https://www.tripadvisor.ru/SiteIndex-g187275-Germany.html','3fe4317471aac073d16cde93b11bd3e0',NULL),(513,4,2,'https://www.tripadvisor.ru/SiteIndex-g187510-Gibraltar.html','cf42a7c2d280609869be2a92dc28b4c5',NULL),(514,4,2,'https://www.tripadvisor.ru/SiteIndex-g1389503-Golan_Heights.html','d9dac1b59bfc7addeaa7594b91df7a86',NULL),(515,4,2,'https://www.tripadvisor.ru/SiteIndex-g292016-Honduras.html','5de6826f4836150db6f394caca735445',NULL),(516,4,2,'https://www.tripadvisor.ru/SiteIndex-g295111-Greenland.html','7600ffd0d304cecb34c2140a79924a23',NULL),(517,4,2,'https://www.tripadvisor.ru/SiteIndex-g189398-Greece.html','ecaf1e6b2cb60ce72bb11031ac5d2bc2',NULL),(518,4,2,'https://www.tripadvisor.ru/SiteIndex-g294194-Georgia.html','0d9b6c3ab88b383c387a68821cb4d29f',NULL),(519,4,2,'https://www.tripadvisor.ru/SiteIndex-g189512-Denmark.html','d7794ff20ca3c02e9325f47bd028fbc3',NULL),(520,4,2,'https://www.tripadvisor.ru/SiteIndex-g294186-Democratic_Republic_of_the_Congo.html','29948b6bc8cb0d5de1235e8d93e4cab6',NULL),(521,4,2,'https://www.tripadvisor.ru/SiteIndex-g294441-Sao_Tome_and_Principe.html','304d8aeae9b3c1064e7760d76dcf27f4',NULL),(522,4,2,'https://www.tripadvisor.ru/SiteIndex-g293786-Djibouti.html','b1670601f44779379d8fcff01d0cec69',NULL),(523,4,2,'https://www.tripadvisor.ru/SiteIndex-g294200-Egypt.html','f2c4c8e29eea2c6fcd3ebbc7d696cee8',NULL),(524,4,2,'https://www.tripadvisor.ru/SiteIndex-g293842-Zambia.html','ed45ccceb567cbc9d6c9058410807d91',NULL),(525,4,2,'https://www.tripadvisor.ru/SiteIndex-g295118-Western_Sahara.html','787e3bc5e77dcaa3b983220e29eb24bd',NULL),(526,4,2,'https://www.tripadvisor.ru/SiteIndex-g660378-Palestinian_Territories.html','5dde2cbb1d8ee0d2140f33b90d065f80',NULL),(527,4,2,'https://www.tripadvisor.ru/SiteIndex-g1808587-Princess_Elizabeth_Land.html','09e1bf136c865bad3cd6e61db3e71d58',NULL),(528,4,2,'https://www.tripadvisor.ru/SiteIndex-g293759-Zimbabwe.html','e4985df7adc1042a7fbbd3c491438e27',NULL),(529,4,2,'https://www.tripadvisor.ru/SiteIndex-g293977-Israel.html','6734c614804407777ef8a97ce74d23f8',NULL),(530,4,2,'https://www.tripadvisor.ru/SiteIndex-g1207796-Ile_Juan_da_Nova.html','1bbce25e8ca0fe7e974a3e7f1e44844b',NULL),(531,4,2,'https://www.tripadvisor.ru/SiteIndex-g1207794-Ile_Europa.html','fde26c1924ad117ec91a6017552b8447',NULL),(532,4,2,'https://www.tripadvisor.ru/SiteIndex-g293860-India.html','cc5f4bd9d503fb75f60c5f7303446b72',NULL),(533,4,2,'https://www.tripadvisor.ru/SiteIndex-g294225-Indonesia.html','a36274376e4a06ad0e08c8c74fa451c0',NULL),(534,4,2,'https://www.tripadvisor.ru/SiteIndex-g293985-Jordan.html','01395ca21d94bb834afe8496cf3ea948',NULL),(535,4,2,'https://www.tripadvisor.ru/SiteIndex-g294000-Iraq.html','80ba493995205fe2090cdf8a70e560cb',NULL),(536,4,2,'https://www.tripadvisor.ru/SiteIndex-g293998-Iran.html','1fd5b3398494187f9da9909177a623ac',NULL),(537,4,2,'https://www.tripadvisor.ru/SiteIndex-g186591-Ireland.html','4c7eacdfc1392088b26e00931764a8dc',NULL),(538,4,2,'https://www.tripadvisor.ru/SiteIndex-g189952-Iceland.html','2ee7aabb1608968ca621f460db5bd94c',NULL),(539,4,2,'https://www.tripadvisor.ru/SiteIndex-g187427-Spain.html','ba844c8886c7f965f7015261e58e9062',NULL),(540,4,2,'https://www.tripadvisor.ru/SiteIndex-g187768-Italy.html','ed99bfc9486699568f62e017a449e130',NULL),(541,4,2,'https://www.tripadvisor.ru/SiteIndex-g294014-Yemen.html','919f6196d8a4a0f0b9c7f81e142f4d87',NULL),(542,4,2,'https://www.tripadvisor.ru/SiteIndex-g293774-Cape_Verde.html','d28800b33d25a053df624cceb04c156c',NULL),(543,4,2,'https://www.tripadvisor.ru/SiteIndex-g293943-Kazakhstan.html','314ea233fd2894ceda792b53a456eeae',NULL),(544,4,2,'https://www.tripadvisor.ru/SiteIndex-g293939-Cambodia.html','250f56fd944c4e77c026e01dffd5d443',NULL),(545,4,2,'https://www.tripadvisor.ru/SiteIndex-g293772-Cameroon.html','43ef5da028ed4e397ec9cb9bf2988594',NULL),(546,4,2,'https://www.tripadvisor.ru/SiteIndex-g153339-Canada.html','b1bbdfa8ee144abb9f39acb9de66771c',NULL),(547,4,2,'https://www.tripadvisor.ru/SiteIndex-g147237-Caribbean.html','f337073e43bf965d229c19b946470c31',NULL),(548,4,2,'https://www.tripadvisor.ru/SiteIndex-g294008-Qatar.html','cf2b1338be55839600e24cd427a12092',NULL),(549,4,2,'https://www.tripadvisor.ru/SiteIndex-g294206-Kenya.html','5b33d18d5cd68c7c8544844662d8e346',NULL),(550,4,2,'https://www.tripadvisor.ru/SiteIndex-g190372-Cyprus.html','0e627d9a4f3f29d28f639c9b751db807',NULL),(551,4,2,'https://www.tripadvisor.ru/SiteIndex-g293947-Kyrgyzstan.html','d46bc0113f611509e0f33475429fe825',NULL),(552,4,2,'https://www.tripadvisor.ru/SiteIndex-g294211-China.html','2d28a9ea2bb4a74bab98750622faced8',NULL),(553,4,2,'https://www.tripadvisor.ru/SiteIndex-g294073-Colombia.html','3e0a0c7f3ce25f923cae24f6c79bc4b3',NULL),(554,4,2,'https://www.tripadvisor.ru/SiteIndex-g294435-Comoros.html','317c42315d5c0e95ffad3ca021c21fe5',NULL),(555,4,2,'https://www.tripadvisor.ru/SiteIndex-g304082-Kosovo.html','86575b232d3e551a0b784d3a7f28a0ad',NULL),(556,4,2,'https://www.tripadvisor.ru/SiteIndex-g291982-Costa_Rica.html','2f48a4df39dcc9738831192967aa35f0',NULL),(557,4,2,'https://www.tripadvisor.ru/SiteIndex-g294192-Cote_d_Ivoire.html','e6bfc16028c19c51b4761fdf67f8d122',NULL),(558,4,2,'https://www.tripadvisor.ru/SiteIndex-g313972-Crimea.html','21e6722e5423fa72894cda1c866439fa',NULL),(559,4,2,'https://www.tripadvisor.ru/SiteIndex-g294002-Kuwait.html','eb3085f54381a12b2e201f2e20dacebb',NULL),(560,4,2,'https://www.tripadvisor.ru/SiteIndex-g293949-Laos.html','b8887ffaeb785312c2503e3f6b2c9076',NULL),(561,4,2,'https://www.tripadvisor.ru/SiteIndex-g274960-Latvia.html','8705b898b9c9142281ccc5aadcd8e54f',NULL),(562,4,2,'https://www.tripadvisor.ru/SiteIndex-g293802-Lesotho.html','1744aa272d6014365ee22010f16d08ce',NULL),(563,4,2,'https://www.tripadvisor.ru/SiteIndex-g293804-Liberia.html','8debe578d3fa51be2fc70dfb993bc5ec',NULL),(564,4,2,'https://www.tripadvisor.ru/SiteIndex-g294004-Lebanon.html','2b1de8f7f24d7a9455141afb9ed07e8e',NULL),(565,4,2,'https://www.tripadvisor.ru/SiteIndex-g293806-Libya.html','4eadf7ea253be89308d283c077830e46',NULL),(566,4,2,'https://www.tripadvisor.ru/SiteIndex-g274947-Lithuania.html','279fadb05c1180ef68edd947e89da7c6',NULL),(567,4,2,'https://www.tripadvisor.ru/SiteIndex-g190357-Liechtenstein.html','0d00c842e6cab2862ed5ebba6265a3c5',NULL),(568,4,2,'https://www.tripadvisor.ru/SiteIndex-g190340-Luxembourg.html','38ce9f0630a6b67c1a62f40b796fbaf2',NULL),(569,4,2,'https://www.tripadvisor.ru/SiteIndex-g293816-Mauritius.html','1dd2ecfcd278591379b92c68186d42f0',NULL),(570,4,2,'https://www.tripadvisor.ru/SiteIndex-g293814-Mauritania.html','fa4adb71782c49bd725b863d5ce7ccd7',NULL),(571,4,2,'https://www.tripadvisor.ru/SiteIndex-g293808-Madagascar.html','cb5281849d5ff64857b435cf4b3d6a21',NULL),(572,4,2,'https://www.tripadvisor.ru/SiteIndex-g295116-Mayotte.html','b836f5b588c58ee35f210a16a4b4c878',NULL),(573,4,2,'https://www.tripadvisor.ru/SiteIndex-g293810-Malawi.html','700115fe2e11115bd6d8e2cebedb870a',NULL),(574,4,2,'https://www.tripadvisor.ru/SiteIndex-g293951-Malaysia.html','db2b03b9d357cce0881506011cbdb106',NULL),(575,4,2,'https://www.tripadvisor.ru/SiteIndex-g293812-Mali.html','ff8646e39b755fd90986d7a5a149e1bb',NULL),(576,4,2,'https://www.tripadvisor.ru/SiteIndex-g293953-Maldives.html','d53c3d65424c6dfcde283eb79972a6a3',NULL),(577,4,2,'https://www.tripadvisor.ru/SiteIndex-g190311-Malta.html','62f13a7373a70d36d36a622ef795c740',NULL),(578,4,2,'https://www.tripadvisor.ru/SiteIndex-g1487275-Mariana_Islands.html','31a52750a695ba9137d76fb724a77ea2',NULL),(579,4,2,'https://www.tripadvisor.ru/SiteIndex-g293730-Morocco.html','c74d084ff97c9d4d1e2253e96daa1271',NULL),(580,4,2,'https://www.tripadvisor.ru/SiteIndex-g301392-Marshall_Islands.html','9b443195b693a722b870116b88ecd11f',NULL),(581,4,2,'https://www.tripadvisor.ru/SiteIndex-g150768-Mexico.html','a7a8c4b34023fc4c18f2ba4af1ac7cc3',NULL),(582,4,2,'https://www.tripadvisor.ru/SiteIndex-g293818-Mozambique.html','4385cb0d560866c00b96128461bdb601',NULL),(583,4,2,'https://www.tripadvisor.ru/SiteIndex-g294455-Moldova.html','d0419691ef5381d04b21a38e418cfb96',NULL),(584,4,2,'https://www.tripadvisor.ru/SiteIndex-g190405-Monaco.html','245b924fa055b7025fa46818e62d1dbb',NULL),(585,4,2,'https://www.tripadvisor.ru/SiteIndex-g293955-Mongolia.html','d2dba4d049a1448e23f0fc6e2cb5f52c',NULL),(586,4,2,'https://www.tripadvisor.ru/SiteIndex-g294190-Myanmar.html','0bf1d4eb2560c96f1214250f6d54e125',NULL),(587,4,2,'https://www.tripadvisor.ru/SiteIndex-g293820-Namibia.html','cfe208103b7d7d3bd538b1e783ab8e6e',NULL),(588,4,2,'https://www.tripadvisor.ru/SiteIndex-g294127-Nauru.html','2ea70019809cad49ef5bf0eaaa5aa7cc',NULL),(589,4,2,'https://www.tripadvisor.ru/SiteIndex-g293889-Nepal.html','e693768965f1320893c610e14589d229',NULL),(590,4,2,'https://www.tripadvisor.ru/SiteIndex-g293822-Niger.html','229add17b2f61d1da9717003a7a79149',NULL),(591,4,2,'https://www.tripadvisor.ru/SiteIndex-g293824-Nigeria.html','3d7fc3e3d5231978b22cc07ff432691b',NULL),(592,4,2,'https://www.tripadvisor.ru/SiteIndex-g188553-The_Netherlands.html','cbe019b0de73bf0c289918d427fdfe50',NULL),(593,4,2,'https://www.tripadvisor.ru/SiteIndex-g294477-Nicaragua.html','e20a98ea3cf60d8004c7ac2c900f7a6f',NULL),(594,4,2,'https://www.tripadvisor.ru/SiteIndex-g294131-Niue.html','7bc6cafbf03a4dad9338e868eef5c9e2',NULL),(595,4,2,'https://www.tripadvisor.ru/SiteIndex-g255104-New_Zealand.html','0fe70b270462af937697a95391de6d46',NULL),(596,4,2,'https://www.tripadvisor.ru/SiteIndex-g294129-New_Caledonia.html','2bb84535e0103469f7f4752c5571344f',NULL),(597,4,2,'https://www.tripadvisor.ru/SiteIndex-g190455-Norway.html','fb42b739bbf25f6c5f803a122a4fe4c1',NULL),(598,4,2,'https://www.tripadvisor.ru/SiteIndex-g294012-United_Arab_Emirates.html','5075d117e5fad97ec0485994e865a50d',NULL),(599,4,2,'https://www.tripadvisor.ru/SiteIndex-g294006-Oman.html','116cc30992cd302235027854f977e2a4',NULL),(600,4,2,'https://www.tripadvisor.ru/SiteIndex-g662273-Cuverville_Island.html','de1ef9dca770628a00e98d0b079163f1',NULL),(601,4,2,'https://www.tripadvisor.ru/SiteIndex-g293826-Reunion_Island.html','604f78cbaa6abe8fc0bd1929a1c07ea8',NULL),(602,4,2,'https://www.tripadvisor.ru/SiteIndex-g660186-Ross_Island.html','69283cef7cbe08b98304ebd73d15f1f6',NULL),(603,4,2,'https://www.tripadvisor.ru/SiteIndex-g295105-St_Helena_Ascension_and_Tristan_da_Cunha.html','c79b460c1caf0874c4334e5214e45dc0',NULL),(604,4,2,'https://www.tripadvisor.ru/SiteIndex-g60667-Wake_Island.html','64b9e5e7acbf0aeb805802f46e312b6a',NULL),(605,4,2,'https://www.tripadvisor.ru/SiteIndex-g294328-Cook_Islands.html','f4be65fb60644b6db2c1dc1f9e901003',NULL),(606,4,2,'https://www.tripadvisor.ru/SiteIndex-g673774-Pitcairn_Islands.html','6d1274b32aa95ca98944c2690fe0ab19',NULL),(607,4,2,'https://www.tripadvisor.ru/SiteIndex-g1504597-Windmill_Islands.html','32fbc14ca51943d6d2131785b4ee8180',NULL),(608,4,2,'https://www.tripadvisor.ru/SiteIndex-g293959-Pakistan.html','969e4386d42bfd0d9d7dae88bb5e63fd',NULL),(609,4,2,'https://www.tripadvisor.ru/SiteIndex-g294135-Palau.html','b9693e4d9527bcba6f2878679153842c',NULL),(610,4,2,'https://www.tripadvisor.ru/SiteIndex-g294479-Panama.html','2abea133a7a7c02925e3717eaa166ea9',NULL),(611,4,2,'https://www.tripadvisor.ru/SiteIndex-g294115-Papua_New_Guinea.html','d098487f12c653a059a111233c52a15c',NULL),(612,4,2,'https://www.tripadvisor.ru/SiteIndex-g294079-Paraguay.html','f8fa4b52b97a141efbdcef7e29e67f55',NULL),(613,4,2,'https://www.tripadvisor.ru/SiteIndex-g294311-Peru.html','7105fa21555b21f58c0083f854162cec',NULL),(614,4,2,'https://www.tripadvisor.ru/SiteIndex-g274723-Poland.html','26ef7736f5f0f0ec48b8f026d903d32b',NULL),(615,4,2,'https://www.tripadvisor.ru/SiteIndex-g189100-Portugal.html','691dc8b2aca00365180a121baa9a7c1c',NULL),(616,4,2,'https://www.tripadvisor.ru/SiteIndex-g294121-Republic_of_Kiribati.html','b41cb1ccbaabd0343988ab969d77ed0c',NULL),(617,4,2,'https://www.tripadvisor.ru/SiteIndex-g294188-Republic_of_the_Congo.html','116c5bf17cac32de7651825de8350222',NULL),(618,4,2,'https://www.tripadvisor.ru/SiteIndex-g295109-Republic_of_Macedonia.html','41352b521e37c2a989cab9bcbaccd3ce',NULL),(619,4,2,'https://www.tripadvisor.ru/SiteIndex-g294459-Russia.html','5305c9b2f569a1433a25b51a73e49a84',NULL),(620,4,2,'https://www.tripadvisor.ru/SiteIndex-g293828-Rwanda.html','93c075fc965104d566634bbd9ed9411a',NULL),(621,4,2,'https://www.tripadvisor.ru/SiteIndex-g294457-Romania.html','2880050c3891ba067ee8aa04a93a6d58',NULL),(622,4,2,'https://www.tripadvisor.ru/SiteIndex-g191-United_States.html','7d5d6ec356611103d646f64b17ea26e5',NULL),(623,4,2,'https://www.tripadvisor.ru/SiteIndex-g294475-El_Salvador.html','bd12339038b947ae9336912a799212a0',NULL),(624,4,2,'https://www.tripadvisor.ru/SiteIndex-g294137-Samoa.html','98c285c73562c5917428dfa3726110d2',NULL),(625,4,2,'https://www.tripadvisor.ru/SiteIndex-g187808-San_Marino.html','64e880462b048fb7520f2a1e8bd2bcbf',NULL),(626,4,2,'https://www.tripadvisor.ru/SiteIndex-g293991-Saudi_Arabia.html','47a7966be5911598ee78a43945625a46',NULL),(627,4,2,'https://www.tripadvisor.ru/SiteIndex-g293836-Swaziland.html','f4a5e78b6a21a37254754fe974c1f24f',NULL),(628,4,2,'https://www.tripadvisor.ru/SiteIndex-g294443-North_Korea.html','bb645cc19ace8aac2f0eafb7626b5b39',NULL),(629,4,2,'https://www.tripadvisor.ru/SiteIndex-g293738-Seychelles.html','14399bf37f0af8533c3fe1f0b2c4d6b2',NULL),(630,4,2,'https://www.tripadvisor.ru/SiteIndex-g183815-Saint_Pierre_and_Miquelon.html','c33fbca69b47c97bd55b79f59a9f2f73',NULL),(631,4,2,'https://www.tripadvisor.ru/SiteIndex-g293830-Senegal.html','66b5b9eb4198fb379fb46657f2bc020a',NULL),(632,4,2,'https://www.tripadvisor.ru/SiteIndex-g294471-Serbia.html','b0f2a16a4220c247fc94b66d23ce3664',NULL),(633,4,2,'https://www.tripadvisor.ru/SiteIndex-g294262-Singapore.html','907caf3eec24d6b2ebf0e186acf4e1c3',NULL),(634,4,2,'https://www.tripadvisor.ru/SiteIndex-g294010-Syria.html','8084426140215feecd24dd957ad6a5f4',NULL),(635,4,2,'https://www.tripadvisor.ru/SiteIndex-g274922-Slovakia.html','5c4d2fc78f4e89c263f92535d53093a5',NULL),(636,4,2,'https://www.tripadvisor.ru/SiteIndex-g274862-Slovenia.html','d027011294e265d103486d8523147b09',NULL),(637,4,2,'https://www.tripadvisor.ru/SiteIndex-g294139-Solomon_Islands.html','e259791ec8745aa1bb9357fa343c8211',NULL),(638,4,2,'https://www.tripadvisor.ru/SiteIndex-g294439-Somalia.html','a578b2a83918ecd714569b5a89a4ca30',NULL),(639,4,2,'https://www.tripadvisor.ru/SiteIndex-g293834-Sudan.html','6e707c165258db6f4ffff5645c9675a3',NULL),(640,4,2,'https://www.tripadvisor.ru/SiteIndex-g294081-Suriname.html','acc399d7d139b3f370979c0f8babc902',NULL),(641,4,2,'https://www.tripadvisor.ru/SiteIndex-g293832-Sierra_Leone.html','38ce6399676f66794bfd0db71277b9a9',NULL),(642,4,2,'https://www.tripadvisor.ru/SiteIndex-g293963-Tajikistan.html','a0e00b3bba404d9d9524a9757c9e1053',NULL),(643,4,2,'https://www.tripadvisor.ru/SiteIndex-g293915-Thailand.html','0af54502bb6f6eef4ee2e25aa6b2e2e0',NULL),(644,4,2,'https://www.tripadvisor.ru/SiteIndex-g293910-Taiwan.html','537706a1ec3e14503858452c416e69d7',NULL),(645,4,2,'https://www.tripadvisor.ru/SiteIndex-g293747-Tanzania.html','728701f1791fbd759ebe72f5ef896363',NULL),(646,4,2,'https://www.tripadvisor.ru/SiteIndex-g293838-Togo.html','5044df3d061982e222d5b0952524950c',NULL),(647,4,2,'https://www.tripadvisor.ru/SiteIndex-g295114-Tokelau.html','889fc9d9f4e81f849682573415f05c6f',NULL),(648,4,2,'https://www.tripadvisor.ru/SiteIndex-g294141-Tonga.html','376c920e5c8e7b0c38273a5d1b81c1d7',NULL),(649,4,2,'https://www.tripadvisor.ru/SiteIndex-g1207792-Ile_Tromelin.html','edf30ef0715e13e23a16c9fa0115399e',NULL),(650,4,2,'https://www.tripadvisor.ru/SiteIndex-g294481-Tuvalu.html','c993d9c05267501cd0e52414178a13b3',NULL),(651,4,2,'https://www.tripadvisor.ru/SiteIndex-g293753-Tunisia.html','c4d44561ec9b2551a7eaa8370f4f1b01',NULL),(652,4,2,'https://www.tripadvisor.ru/SiteIndex-g293965-Turkmenistan.html','62645fd6bf0b1b1ce63476d018f79638',NULL),(653,4,2,'https://www.tripadvisor.ru/SiteIndex-g293969-Turkey.html','6c782fb2d8776d205dce34ab7269b3ca',NULL),(654,4,2,'https://www.tripadvisor.ru/SiteIndex-g293840-Uganda.html','ca7a4f6741888894f6ee8136c58fbc15',NULL),(655,4,2,'https://www.tripadvisor.ru/SiteIndex-g293967-Uzbekistan.html','3e1a79cf45e86ed338f70ad307c1c171',NULL),(656,4,2,'https://www.tripadvisor.ru/SiteIndex-g294473-Ukraine.html','cc5c980c7c96198d77ee103ae2cb2d14',NULL),(657,4,2,'https://www.tripadvisor.ru/SiteIndex-g1746897-Wallis_and_Futuna.html','7c2b1e8ba89ce59ba97861aecb2afb14',NULL),(658,4,2,'https://www.tripadvisor.ru/SiteIndex-g294064-Uruguay.html','587879c9b415505fc8d33eb9ad6dc8ec',NULL),(659,4,2,'https://www.tripadvisor.ru/SiteIndex-g190329-Faroe_Islands.html','88b5122607883dc3ad0dfe9ea6810eee',NULL),(660,4,2,'https://www.tripadvisor.ru/SiteIndex-g294198-Federated_States_of_Micronesia.html','f7a1de40c0a9cbf1a1d03d1472f9027c',NULL),(661,4,2,'https://www.tripadvisor.ru/SiteIndex-g294331-Fiji.html','e9803505ea0626ff970683ed5c822e87',NULL),(662,4,2,'https://www.tripadvisor.ru/SiteIndex-g294245-Philippines.html','382093648bba9e4ea1593fdc8f12936a',NULL),(663,4,2,'https://www.tripadvisor.ru/SiteIndex-g189896-Finland.html','78a036f0f10da66369848104e6d0fcfd',NULL),(664,4,2,'https://www.tripadvisor.ru/SiteIndex-g294270-Falkland_Islands.html','5b7d8cefa8a4e8094bdb7513586b1755',NULL),(665,4,2,'https://www.tripadvisor.ru/SiteIndex-g187070-France.html','02b152c4b7fcf28d8506e70d969381e4',NULL),(666,4,2,'https://www.tripadvisor.ru/SiteIndex-g294075-French_Guiana.html','a61e05afb2e1fbee790829fb2fc2feb7',NULL),(667,4,2,'https://www.tripadvisor.ru/SiteIndex-g294338-French_Polynesia.html','8f86b16c67a0db56bf719bbf91c24c1c',NULL),(668,4,2,'https://www.tripadvisor.ru/SiteIndex-g294453-Croatia.html','a4674da1ecff996d3b3955d404880ea2',NULL),(669,4,2,'https://www.tripadvisor.ru/SiteIndex-g291958-Central_America.html','52e7641e8be67065648ecdb716e5927c',NULL),(670,4,2,'https://www.tripadvisor.ru/SiteIndex-g293776-Central_African_Republic.html','5d3dbee1520f2f0ff9033fdaede25261',NULL),(671,4,2,'https://www.tripadvisor.ru/SiteIndex-g293778-Chad.html','e305a7ece6957427ca69ddb33c256f18',NULL),(672,4,2,'https://www.tripadvisor.ru/SiteIndex-g635648-Montenegro.html','5d804234eff85872793328b4be273b88',NULL),(673,4,2,'https://www.tripadvisor.ru/SiteIndex-g274684-Czech_Republic.html','42f8986c8a6a4fe040b50c4d92fa5388',NULL),(674,4,2,'https://www.tripadvisor.ru/SiteIndex-g294291-Chile.html','9ba08f8e6b7b2aa58122cdec50cc7fa6',NULL),(675,4,2,'https://www.tripadvisor.ru/SiteIndex-g188045-Switzerland.html','5d8c1a1b18e9b6595ec99b76fb59f4cd',NULL),(676,4,2,'https://www.tripadvisor.ru/SiteIndex-g189806-Sweden.html','03f5aed5ba97125401a518c5ae032e25',NULL),(677,4,2,'https://www.tripadvisor.ru/SiteIndex-g293961-Sri_Lanka.html','7ca2f1c45544a83c6497a48611f13116',NULL),(678,4,2,'https://www.tripadvisor.ru/SiteIndex-g294307-Ecuador.html','6d9f586d233ed08beae19a4bdaf677a8',NULL),(679,4,2,'https://www.tripadvisor.ru/SiteIndex-g294437-Equatorial_Guinea.html','c245e9931ea5e9fad8e05b3c272eda4e',NULL),(680,4,2,'https://www.tripadvisor.ru/SiteIndex-g293788-Eritrea.html','3dde3ec89face4da4a22c79e1428036f',NULL),(681,4,2,'https://www.tripadvisor.ru/SiteIndex-g274952-Estonia.html','fe67b45a649948e809904adc7662044b',NULL),(682,4,2,'https://www.tripadvisor.ru/SiteIndex-g293790-Ethiopia.html','0265868ba7ee2558b16a52b7867baf7d',NULL),(683,4,2,'https://www.tripadvisor.ru/SiteIndex-g293740-South_Africa.html','5fbcf968dc6a500c386aeafc6fa30a59',NULL),(684,4,2,'https://www.tripadvisor.ru/SiteIndex-g1593026-South_Georgia.html','75b0dd643d49804b7c290f71df4efbba',NULL),(685,4,2,'https://www.tripadvisor.ru/SiteIndex-g294196-South_Korea.html','499d606501b1c255e7b466a9ebe6c923',NULL),(686,4,2,'https://www.tripadvisor.ru/SiteIndex-g660185-South_Orkney_Islands.html','baf8d06d26b11d73b888d215235ab5ff',NULL),(687,4,2,'https://www.tripadvisor.ru/SiteIndex-g660184-South_Shetland_Islands.html','f8ea27aa26a5a9af44429baddfc0b562',NULL),(688,4,2,'https://www.tripadvisor.ru/SiteIndex-g2201790-South_Sudan.html','e61e9b4d0ee8151ef58e8811a15feb88',NULL),(689,4,2,'https://www.tripadvisor.ru/SiteIndex-g669046-South_Pole.html','5645f50f1487d297f4c9cb2e4502e675',NULL),(690,4,2,'https://www.tripadvisor.ru/SiteIndex-g294232-Japan.html','787fa0ba67c1d42f0ea5024e06be5f9e',NULL);

#
# Source for table "job_messages"
#

CREATE TABLE `job_messages` (
  `Id` int(11) NOT NULL AUTO_INCREMENT,
  `link_id` int(11) NOT NULL DEFAULT '0',
  `job_node_id` int(11) NOT NULL DEFAULT '0',
  PRIMARY KEY (`Id`),
  KEY `link_id` (`link_id`),
  KEY `job_node_id` (`job_node_id`),
  CONSTRAINT `job_messages_ibfk_1` FOREIGN KEY (`link_id`) REFERENCES `links` (`Id`) ON DELETE CASCADE ON UPDATE CASCADE,
  CONSTRAINT `job_messages_ibfk_2` FOREIGN KEY (`job_node_id`) REFERENCES `job_nodes` (`Id`) ON DELETE CASCADE ON UPDATE CASCADE
) ENGINE=InnoDB DEFAULT CHARSET=utf8;

#
# Data for table "job_messages"
#


#
# Source for table "records"
#

CREATE TABLE `records` (
  `Id` int(11) NOT NULL AUTO_INCREMENT,
  `link_id` int(11) NOT NULL DEFAULT '0',
  `num` int(11) unsigned NOT NULL DEFAULT '1',
  `key` varchar(255) NOT NULL DEFAULT '',
  `value` text NOT NULL,
  `value_hash` varchar(255) NOT NULL DEFAULT '',
  PRIMARY KEY (`Id`),
  UNIQUE KEY `record_unq` (`link_id`,`num`,`key`,`value_hash`),
  CONSTRAINT `records_ibfk_1` FOREIGN KEY (`link_id`) REFERENCES `links` (`Id`) ON DELETE CASCADE ON UPDATE CASCADE
) ENGINE=InnoDB DEFAULT CHARSET=utf8;

#
# Data for table "records"
#

REPLACE INTO `records` VALUES (466,467,1,'ru_country','Aboa','05cd33f25167c9edfbcc89000a5eb1cf'),(467,467,2,'ru_country','Mawson','38cfaed132b7d0bf89d4b9fdb2a3e043'),(468,467,3,'ru_country','Австралия','ee059fcb1663f4d5547af2b438ec2035'),(469,467,4,'ru_country','Австрия','c9baed786867e19ce12b799ad30a846a'),(470,467,5,'ru_country','Азербайджан','50dde2395842677cb5e9579d040e13d4'),(471,467,7,'ru_country','Албания','c5e0c52e29f4a029249a3bf8ff330d17'),(472,467,8,'ru_country','Алжир','3f239e82ba4b4e04a3fae1acfa03bb21'),(473,467,9,'ru_country','Американское Самоа','d9add00780aebebcc0c673d7fd056e5c'),(474,467,10,'ru_country','Ангола','30913975ac8745a94fd0aad7da467fa7'),(475,467,11,'ru_country','Андорра','85459e370cd4726af4fdbbc5d3788fbe'),(476,467,13,'ru_country','Антарктический полуостров','4755a81a30ad4a0aaef26c005a27da1f'),(477,467,14,'ru_country','Аргентина','d25bf007aa4cda61ea736cbcb1595aad'),(478,467,15,'ru_country','Армения','7cedb5798894ca94754291be95c0c316'),(479,467,16,'ru_country','Атолл Джонстон','30a551c85215b8a14722fca456c93ee6'),(480,467,17,'ru_country','Афганистан','fd22c6993c587d607da0b788cde7ceb4'),(481,467,19,'ru_country','Бангладеш','711acf630576bd2f2dd593d37a1d8c71'),(482,467,20,'ru_country','Бахрейн','ec10845c591f5a1af51cd038012cb618'),(483,467,21,'ru_country','Беларусь','1834e58a07a1bd761ded407b46f4d330'),(484,467,22,'ru_country','Белиз','8961a4f2b233ca6afab9aadb24a384c1'),(485,467,23,'ru_country','Бельгия','9e22647d54a5ad92b83cdef4538831b0'),(486,467,24,'ru_country','Бенин','cc29361d197eb6606d2d7300eb064b35'),(487,467,26,'ru_country','Болгария','51b8277e097eae3d64c9a08617208339'),(488,467,27,'ru_country','Боливия','81abd7e6591892caa8e91f6f70712470'),(489,467,28,'ru_country','Босния и Герцеговина','4d545c44c474e6086b8463b4d609087c'),(490,467,29,'ru_country','Ботсвана','fce11427aadd168e95ecc200b567b309'),(491,467,30,'ru_country','Бразилия','217f0730e87580a61c7ce03d944b9f8e'),(492,467,31,'ru_country','Британская территория Индийского океана','1bc633ee209f5427ce9e2fcf07d55725'),(493,467,32,'ru_country','Бруней-Даруссалам','e8533ea29a9eab387665200cd859eee2'),(494,467,33,'ru_country','Буркина-Фасо','dd8996b5c19043d2c22075054f005d2d'),(495,467,34,'ru_country','Бурунди','ad848c13677682da21725cd61e1fc828'),(496,467,35,'ru_country','Бутан','bb9513cac46e1b6863c70c5da1dab35f'),(497,467,36,'ru_country','Вануату','d6508dcdd33a56ba5f1d12914a504a42'),(498,467,37,'ru_country','Великобритания','180d15b48cc6b9d9307e3ef128cd8a16'),(499,467,38,'ru_country','Венгрия','383e618d5c834e5a010311299273066c'),(500,467,39,'ru_country','Венесуэла','b7f1481735ea1184ff565813a73abbef'),(501,467,40,'ru_country','Восточный Тимор','fd9b76a27e1ea07633104de61c52784c'),(502,467,41,'ru_country','Вьетнам','0d53e3696e25ff3043b8bfc28c5a5498'),(503,467,42,'ru_country','Габон','9fb7a568f6518130b40fd159fc3a9702'),(504,467,43,'ru_country','Гайяна','61b16291077c5139b48af4b2cbe28dc4'),(505,467,44,'ru_country','Гамбия','0dd3e7ea542d3c9deeb4c80056fb50f3'),(506,467,45,'ru_country','Гана','8d5b090d198eede5268c81364f0a732e'),(507,467,46,'ru_country','Гватемала','bff01115f789f027e78aafd96256d207'),(508,467,47,'ru_country','Гвинея','6074f03e6c56c72fead199b4433699e8'),(509,467,48,'ru_country','Гвинея-Бисау','3fcfe59bf1d4d6f0399d7d9f2d0e5d5a'),(510,467,49,'ru_country','Германия','aeb9b67118424390d5dd6e5961eee4ec'),(511,467,50,'ru_country','Гибралтар','0b194d4719e84125e4dd2eefa0df5810'),(512,467,51,'ru_country','Голанские высоты','c7ed36c1a20a575c2ea1cb7b862fcbf7'),(513,467,52,'ru_country','Гондурас','57d67a785169113a97d2cca9a809a868'),(514,467,53,'ru_country','Гренландия','4e4a448dd4dc9f871b5c9577c8f612f8'),(515,467,54,'ru_country','Греция','01a5d73c3d98415b53f5db87b4b274a5'),(516,467,55,'ru_country','Грузия','15de9110ee830c6ad8fb2303c40e22ed'),(517,467,56,'ru_country','Дания','15ce06b3fd0088a180a8b1771e3a168d'),(518,467,57,'ru_country','Демократическая Республика Конго','65b7a37baba2ecaadc0decce5eec03bb'),(519,467,58,'ru_country','Демократическая Республика Сан-Томе и Принсипи','d38d0d3569ce15495fc0955409663fd4'),(520,467,59,'ru_country','Джибути','1eb5df19b60e5f9678525682a3a799ce'),(521,467,61,'ru_country','Египет','8f8937995d7f732c4a764ef0133229b2'),(522,467,62,'ru_country','Замбия','fbad1e1f897d21291b9d674f51ecde77'),(523,467,63,'ru_country','Западная Сахара','f8b52e9078a6e40a011ddde6b7745961'),(524,467,64,'ru_country','Западный берег реки Иордан и сектор Газа','cce9ed170b970835ffdfa0f56cf6ba08'),(525,467,65,'ru_country','Земля принцессы Елизаветы','f9bc407f55c54e7127f08f8b0fd536f2'),(526,467,66,'ru_country','Зимбабве','a1137f779839129f888a6d89de119de3'),(527,467,67,'ru_country','Израиль','558593249e55b4cc9099013e2e849bdd'),(528,467,68,'ru_country','Иль-Хуан-да-Нова','947f222a00e06e979711dde9fd06e46b'),(529,467,69,'ru_country','Иль-Эуропа','90e13f2e4dbd5dc91dc3656f126ddc36'),(530,467,70,'ru_country','Индия','e48fa5f4fd84d08fef2c96cd0b55b9a3'),(531,467,71,'ru_country','Индонезия','bbcb5a8f759a2dfb7d84135552db1a76'),(532,467,72,'ru_country','Иордания','d8e3f4b711f84ae3cadc10ee1224564b'),(533,467,73,'ru_country','Ирак','7efaed65dbefd5af6c58c96faf9e34cc'),(534,467,74,'ru_country','Иран','997dfeb7e53f15f83e501dbaab5a165f'),(535,467,75,'ru_country','Ирландия','21541256d1124e7f4f12d3fed0d74fdb'),(536,467,76,'ru_country','Исландия','af99defe2b1bd81475722d903cc76583'),(537,467,77,'ru_country','Испания','dfd8b591b6ea2b24df15afb5c876c821'),(538,467,78,'ru_country','Италия','65769bfb9cb2d08a2418eaff10e201f4'),(539,467,79,'ru_country','Йемен','9c5e92fadb26d70a6433c17d4b6cae69'),(540,467,80,'ru_country','Кабо-Верде','8d00521fbeb681843945df34d18356d3'),(541,467,81,'ru_country','Казахстан','44461c767b44e33091f3898225221bbe'),(542,467,82,'ru_country','Камбоджа','e4c0f8444b623bbe9ee952bb8677f929'),(543,467,83,'ru_country','Камерун','d8c2c6a3dd5485a7979ab1fa58aeb33b'),(544,467,84,'ru_country','Канада','796f8e5f9bb18d9c87f502e1c2afb566'),(545,467,85,'ru_country','Карибские острова','4bdd24466f8bf3f8fbe12935a5de8d94'),(546,467,86,'ru_country','Катар','7345f2d480d95aeda10af8639082f62b'),(547,467,87,'ru_country','Кения','0301f9441853c55c504051cfc6f75622'),(548,467,88,'ru_country','Кипр','97b8ec33c395278375e1f10382ec9051'),(549,467,89,'ru_country','Киргизия','0292debecfea762412061438564c1f32'),(550,467,90,'ru_country','Китай','d0950f2eeb9a7c307c309dd78a5bd304'),(551,467,91,'ru_country','Колумбия','638e9626087d30db2df383ae110c078c'),(552,467,92,'ru_country','Коморские острова','db9a18def3a0ad904136ef7744ee6b0f'),(553,467,93,'ru_country','Косово','136e958ab593ec63bf32f16293a3b04d'),(554,467,94,'ru_country','Коста-Рика','797f5c9f2db6b1b3096178b8688afc34'),(555,467,95,'ru_country','Кот-д\'Ивуар','966bdd7502ad44c394997dcbeacf2dde'),(556,467,96,'ru_country','Крым','026a86a1049bcd83bd9e77f924a5c7b4'),(557,467,97,'ru_country','Кувейт','47c3125112155f3fa414cb008521707a'),(558,467,98,'ru_country','Лаос','1025c43242a4efad88528f830f036632'),(559,467,99,'ru_country','Латвия','406437e3b31602265842105e1b3f5aad'),(560,467,100,'ru_country','Лесото','0a638f78b840c5942dfc636bc264871a'),(561,467,101,'ru_country','Либерия','202bf75829b0637e4d45290275178289'),(562,467,102,'ru_country','Ливан','d8636da1b2945a1a629e3422c611c137'),(563,467,103,'ru_country','Ливия','0313604e7432821360962fb41798058f'),(564,467,104,'ru_country','Литва','f8d9bda8dc68aabf067896c73f1e7ad9'),(565,467,105,'ru_country','Лихтенштейн','b7e8b5b6a4e9b76512184492d903f968'),(566,467,106,'ru_country','Люксембург','1c4089694e9ad17ff5a5006b0e4cb2c9'),(567,467,107,'ru_country','Маврикий','e00604d15b150a602301842218d9c7b1'),(568,467,108,'ru_country','Мавритания','2bc00030cf9995a1d191019c23817b24'),(569,467,109,'ru_country','Мадагаскар','4a0e6b0e78405ecab5d6149d113fcf6a'),(570,467,110,'ru_country','Майотта','c7eec64d007c5ab8048afe29dff90997'),(571,467,111,'ru_country','Малави','db9c6cbd7e2663ed99db01eabd2e86f4'),(572,467,112,'ru_country','Малайзия','9b01f3ede098bf892b3d52a192e17247'),(573,467,113,'ru_country','Мали','6bfab2d986eddfbc1dde3c58b55e0941'),(574,467,114,'ru_country','Мальдивы','9e86034022eea088630aa44837919c32'),(575,467,115,'ru_country','Мальта','97f04d130b05b58c50d8ae2fab1c09fe'),(576,467,116,'ru_country','Марианские острова','be2b846cb7532953a8a60216554beacf'),(577,467,117,'ru_country','Марокко','2e28ab114ea967943a6fb81cab19f09d'),(578,467,118,'ru_country','Маршалловы острова','bfe6e547f121c9e68126492fa0649050'),(579,467,119,'ru_country','Мексика','7664cc5a6501713e2fc8309990272cbb'),(580,467,121,'ru_country','Мозамбик','43e82711c9ab4d4b36d88f8dc9e4b315'),(581,467,122,'ru_country','Молдова','118ef00d8f3bdd9d41c740b064338db4'),(582,467,123,'ru_country','Монако','f32a65c9e2ba4ec05de66f1a785d7b0a'),(583,467,124,'ru_country','Монголия','5cfeffdb5bc9e551c4918371c9093057'),(584,467,125,'ru_country','Мьянма','9b20fe68af51b30adaa80168dfc5ec8b'),(585,467,126,'ru_country','Намибия','b797bad9206f97446b2aa57f7ef3fbeb'),(586,467,127,'ru_country','Науру','dcfe44c5afa3c978f72dfda3f8ffaba5'),(587,467,128,'ru_country','Непал','a1ef80ce48e1813cdefe2460949ece22'),(588,467,129,'ru_country','Нигер','9b89407cfa75f02f76c4dccfecddaf8b'),(589,467,130,'ru_country','Нигерия','d13bc4f93321b9aec6e0e7daf24d146b'),(590,467,131,'ru_country','Нидерланды','32273741e73a651bcc5ce63634294323'),(591,467,132,'ru_country','Никарагуа','0266d8942c759ded440812001a201cb1'),(592,467,133,'ru_country','Ниуэ','ba0ee1b6bb4e8d24ebe3e4829086718e'),(593,467,134,'ru_country','Новая Зеландия','b87b2f957cd290a85f379a2f78ddf191'),(594,467,135,'ru_country','Новая Каледония','9a7c85e793fb930938a28213d405ae80'),(595,467,136,'ru_country','Норвегия','2ef48930e2e170f95ce339cb4c1870ab'),(596,467,137,'ru_country','ОАЭ','d44b9837a17073d4bbd2f20cff369675'),(597,467,138,'ru_country','Оман','46fe870a6c0d158bb0409397baed3d69'),(598,467,139,'ru_country','Остров Кувервиль','0b4103b0bc0c83e916be9f8b23de8948'),(599,467,140,'ru_country','Остров Реюньон','f5da9add2935d37aab4343450cd783a4'),(600,467,141,'ru_country','Остров Росс','8deeb9ff1b17fad02e353beec476328f'),(601,467,142,'ru_country','Остров Св. Елены','a35d0bfbbfe8e4b37c99d91fcfcdcde6'),(602,467,143,'ru_country','Остров Уэйк','7adfae1f0a022af0e5680da7ff1c533d'),(603,467,144,'ru_country','Острова Кука','8ade8be294c8e367cc108e6f59625327'),(604,467,145,'ru_country','Острова Питкэрн','e8302fb54dd48b3f900291e59084005c'),(605,467,146,'ru_country','Острова Уиндмилл','b95d6898b05aca78bca880331a45f639'),(606,467,147,'ru_country','Пакистан','564a90dc99d44f2baf4a1a3600784fae'),(607,467,148,'ru_country','Палау','398785e82424f46921b1a7a6619fe81c'),(608,467,149,'ru_country','Панама','4e2c96407808f023f2d88e721287193f'),(609,467,150,'ru_country','Папуа – Новая Гвинея','a8680ec407cdfb385e0bf0f0ed446ea3'),(610,467,151,'ru_country','Парагвай','8eebcaa04b7f6c65eeb37d754b75f637'),(611,467,152,'ru_country','Перу','bfde7275dbd5f2ef3bbe75efb00abfc6'),(612,467,153,'ru_country','Польша','b0fe45c67757497fa72cf9d608dabaf5'),(613,467,154,'ru_country','Португалия','89dbd47fb35af305cb50276e993aee47'),(614,467,155,'ru_country','Республика Кирибати','4cf5fc169a2c859019aeb217cd69d80b'),(615,467,156,'ru_country','Республика Конго','6ce08100503b464a92c1a0e7bf99dde0'),(616,467,157,'ru_country','Республика Македония','11ed2e5ae82dc1b3c2676fe167a0a14c'),(617,467,158,'ru_country','Россия','1ed1c408a4ac822b728a2077a1d9935c'),(618,467,159,'ru_country','Руанда','5715b792ffcd5c94f3d008963bb3fa39'),(619,467,160,'ru_country','Румыния','5a7d85ca96593eee982b54fea28faf9c'),(620,467,161,'ru_country','США','b7e7dfa0bf43a058752addd1eb1e1f47'),(621,467,162,'ru_country','Сальвадор','470b2d6b3202fb6cc1905bf53ccbf112'),(622,467,163,'ru_country','Самоа','d6516876a0266b13a3d284554f70ac6d'),(623,467,164,'ru_country','Сан-Марино','4d312df8fa49eeb8b2561367ba4a3b16'),(624,467,165,'ru_country','Саудовская Аравия','2533614a1762122fb85c58252343e5e4'),(625,467,166,'ru_country','Свазиленд','f574576c8a12813d1122c3a7709e3ac0'),(626,467,168,'ru_country','Северная Корея','af4572cbf9ca6affa7faf2c6fd37a909'),(627,467,169,'ru_country','Сейшельские острова','e3408299686c7143a2ee68e65875b0cb'),(628,467,170,'ru_country','Сен-Пьер и Микелон','a2a96fc55468a608ad0ccafd4106672d'),(629,467,171,'ru_country','Сенегал','3bc2601dfcf2e49e00115132af4eb867'),(630,467,172,'ru_country','Сербия','beca70422edbf5a34590a8fe57a65ba8'),(631,467,173,'ru_country','Сингапур','db983a1044222ac47f790c2b72c2a9b0'),(632,467,174,'ru_country','Сирия','21f86cfa937450a964b45669efe5abb0'),(633,467,175,'ru_country','Словакия','88d1dc5fcf5d0b35c2209c78a90c2064'),(634,467,176,'ru_country','Словения','b0e88c4414bbfbb3cf6fee873f1a3409'),(635,467,177,'ru_country','Соломоновы острова','82ab0eddacc5cfe530b42f46d57f11c7'),(636,467,178,'ru_country','Сомали','10c431bd77b5fc197bde13bda0d339ca'),(637,467,179,'ru_country','Судан','7c5c929afa9135235c4d1831ed68e727'),(638,467,180,'ru_country','Суринам','4e82a51a3dc5e5207bc9d2c0234c0877'),(639,467,181,'ru_country','Сьерра-Леоне','45c3f6ab6b33ce53b4829f880014f00d'),(640,467,182,'ru_country','Таджикистан','3ec46ba58d16080ed820ba799d50d096'),(641,467,183,'ru_country','Таиланд','32cf1e3fa7dd84244360c3492ddc6328'),(642,467,184,'ru_country','Тайвань','ea19c7625501a9dcd15b27bc2e32c259'),(643,467,185,'ru_country','Танзания','030d1d2da5ec49ff310a5e3a0a52dfcf'),(644,467,186,'ru_country','Того','a89dfc9fa6f289c2280ff56e3eb007fb'),(645,467,187,'ru_country','Токелау','d457d48b96f177e37ca6c531d00060c3'),(646,467,188,'ru_country','Тонга','dba9ae3779937144bd6e818b9e5e8cc6'),(647,467,189,'ru_country','Тромелин','1698c4e34df4d121daf728ec23c69971'),(648,467,190,'ru_country','Тувалу','485d434fa74f2b82d2a48ab2dcfe1ab3'),(649,467,191,'ru_country','Тунис','6cfe0cd64bc3691a5f97a705bd4f5a69'),(650,467,192,'ru_country','Туркменистан','dcc76a60d83d5fe49b07434241e66783'),(651,467,193,'ru_country','Турция','7789ba2876d43f96ef32d7daa83376a9'),(652,467,194,'ru_country','Уганда','8e946befb212e49d7a69484cb920b757'),(653,467,195,'ru_country','Узбекистан','56fa5e7463cd76b01da02008c75c2fbf'),(654,467,196,'ru_country','Украина','a36132306e4574ca78381ceaac5b9e15'),(655,467,197,'ru_country','Уоллис и Футуна','1f8627a8377d0aa03b7912d7d6d80162'),(656,467,198,'ru_country','Уругвай','bb0fdeaec453fea807a35d0271c2f227'),(657,467,199,'ru_country','Фарерские острова','ed2daa5dc8009efd617b5ccf860ed21e'),(658,467,200,'ru_country','Федеративные Штаты Микронезии','13655f7d1f56aa017a3bc0ce58da0ed3'),(659,467,201,'ru_country','Фиджи','7921f2559a448977905ac7d5d52a277c'),(660,467,202,'ru_country','Филиппины','f120b5566aaa3c6507360cb46e5ed63d'),(661,467,203,'ru_country','Финляндия','69ef0197bd10dd85fc4edb98743a87b0'),(662,467,204,'ru_country','Фолклендские острова','16ff014e35572bc1ac6bd58707a3285e'),(663,467,205,'ru_country','Франция','7954da367de778a0f1cde37e74f477c1'),(664,467,206,'ru_country','Французская Гвиана','f3ade4c349894ce52ab2d3422e6b6795'),(665,467,207,'ru_country','Французская Полинезия','7e7e91fda2f968a08e003e3a6bd8e59f'),(666,467,208,'ru_country','Хорватия','cda91125fa573848865d397d5309a99d'),(667,467,209,'ru_country','Центральная Америка','9bc5d5ff4ea5ac32710cb88835fbf4ee'),(668,467,210,'ru_country','Центральноафриканская Республика','3930d771ade41c9f99793e3fbf06c705'),(669,467,211,'ru_country','Чад','f837a0b3b3a4e81adb51fdb2d6149f5d'),(670,467,212,'ru_country','Черногория','f2126e0c243e820591f38b92ed608e66'),(671,467,213,'ru_country','Чехия','acace871966dd6908b7db28a619502e7'),(672,467,214,'ru_country','Чили','e99aee809a83b88eb746d322a8f41b8d'),(673,467,215,'ru_country','Швейцария','74a86b5543f0ea4c8fc7591a13ed021b'),(674,467,216,'ru_country','Швеция','8996ba26eb0edf7ea5a055dc16c2ccbd'),(675,467,217,'ru_country','Шри-Ланка','3305c598053dc04b626bae94b3ca86ad'),(676,467,218,'ru_country','Эквадор','414529a53549faefc547241a432608aa'),(677,467,219,'ru_country','Экваториальная Гвинея','3e85656ccf15514d56b95daf077a57db'),(678,467,220,'ru_country','Эритрея','6ae5fad7c1665406690fafa8dabccd66'),(679,467,221,'ru_country','Эстония','cbf1d42b79f82d408afe0adc9ad3a68d'),(680,467,222,'ru_country','Эфиопия','dc364d0ac08e432e1157787a12e2b949'),(681,467,224,'ru_country','Южная Африка','1ca59b700f2cfbc8fbe20a2abacfd1d3'),(682,467,225,'ru_country','Южная Джоржия и Южные Сандвичевы острова','a8d1ad5b8d3af49e15c5454fde6198e9'),(683,467,226,'ru_country','Южная Корея','14a2f6848f9e0cdf6d6b5977f3730a18'),(684,467,228,'ru_country','Южные Оркнейские острова','6ca2cf40eae63550fa0a07aa2b904a71'),(685,467,229,'ru_country','Южные Шетландские острова','b0f98e38e7c457296064c9e0b1a85d25'),(686,467,230,'ru_country','Южный Судан','5e024e8ade08ba8fbe0a3d613365cc4b'),(687,467,231,'ru_country','Южный полюс','1de0ed99c13ef54855b41098daaac41d'),(688,467,232,'ru_country','Япония','6646a19c1346a88dd9f0ca6964184bae');

/*!40014 SET FOREIGN_KEY_CHECKS=@OLD_FOREIGN_KEY_CHECKS */;
/*!40014 SET UNIQUE_CHECKS=@OLD_UNIQUE_CHECKS */;
/*!40111 SET SQL_NOTES=@OLD_SQL_NOTES */;
/*!40101 SET SQL_MODE=@OLD_SQL_MODE */;
/*!40101 SET CHARACTER_SET_CLIENT=@OLD_CHARACTER_SET_CLIENT */;
/*!40101 SET CHARACTER_SET_RESULTS=@OLD_CHARACTER_SET_RESULTS */;
/*!40101 SET COLLATION_CONNECTION=@OLD_COLLATION_CONNECTION */;
